=== angrop | libc_debian_x86.so | mprotect_x86 | status=error | 2026-10-02T11:54:41
WARNING  | 2026-10-02 11:39:23,615 | cle.loader     | Symbol imported without a known size; emulation may fail if it is used non-opaqely: __libc_enable_secure, _dl_argv. See https://docs.angr.io/extending-angr/environment#simdata
WARNING  | 2026-10-02 11:39:24,448 | angrop.gadget_finder | Enabling fast mode for large binary

ROP:   0%|          | 0/221505 [00:00<?, ?it/s]
ROP:   0%|          | 58/221505 [00:00<06:22, 579.41it/s]
ROP:   0%|          | 116/221505 [00:01<31:59, 115.36it/s]
ROP:   0%|          | 123/221505 [00:01<38:30, 95.83it/s] 
ROP:   0%|          | 130/221505 [00:01<44:58, 82.04it/s]
ROP:   0%|          | 137/221505 [00:01<45:51, 80.47it/s]
ROP:   0%|          | 144/221505 [00:01<47:07, 78.28it/s]
ROP:   0%|          | 194/221505 [00:02<38:05, 96.83it/s]
ROP:   0%|          | 244/221505 [00:02<33:44, 109.28it/s]
ROP:   0%|          | 294/221505 [00:02<32:31, 113.36it/s]
ROP:   0%|          | 344/221505 [00:02<31:41, 116.30it/s]
ROP:   0%|          | 394/221505 [00:03<31:08, 118.35it/s]
ROP:   0%|          | 444/221505 [00:03<31:02, 118.71it/s]
ROP:   0%|          | 494/221505 [00:04<31:57, 115.27it/s]
ROP:   0%|          | 504/221505 [00:04<33:39, 109.44it/s]
ROP:   0%|          | 524/221505 [00:04<33:10, 111.01it/s]
ROP:   0%|          | 544/221505 [00:05<34:20, 107.25it/s]
ROP:   0%|          | 580/221505 [00:05<33:50, 108.82it/s]
ROP:   0%|          | 616/221505 [00:05<34:24, 106.97it/s]
ROP:   0%|          | 652/221505 [00:05<33:33, 109.66it/s]
ROP:   0%|          | 688/221505 [00:06<33:54, 108.52it/s]
ROP:   0%|          | 724/221505 [00:06<34:43, 105.97it/s]
ROP:   0%|          | 760/221505 [00:07<35:40, 103.12it/s]
ROP:   0%|          | 896/221505 [00:07<30:47, 119.43it/s]
ROP:   0%|          | 1032/221505 [00:08<29:53, 122.94it/s]
ROP:   0%|          | 1090/221505 [00:08<28:38, 128.25it/s]
ROP:   1%|          | 1148/221505 [00:09<29:09, 125.94it/s]
ROP:   1%|          | 1163/221505 [00:09<29:07, 126.11it/s]
ROP:   1%|          | 1264/221505 [00:09<27:13, 134.81it/s]
ROP:   1%|          | 1365/221505 [00:09<26:36, 137.92it/s]
ROP:   1%|          | 1385/221505 [00:10<26:37, 137.77it/s]
ROP:   1%|          | 1487/221505 [00:10<25:12, 145.47it/s]
ROP:   1%|          | 1589/221505 [00:11<25:40, 142.74it/s]
ROP:   1%|          | 1679/221505 [00:11<24:32, 149.26it/s]
ROP:   1%|          | 1769/221505 [00:11<24:25, 149.97it/s]
ROP:   1%|          | 1794/221505 [00:11<24:21, 150.38it/s]
ROP:   1%|          | 1934/221505 [00:12<22:46, 160.65it/s]
ROP:   1%|          | 2074/221505 [00:12<22:03, 165.83it/s]
ROP:   1%|          | 2214/221505 [00:12<20:55, 174.70it/s]
ROP:   1%|          | 2354/221505 [00:13<20:35, 177.33it/s]
ROP:   1%|          | 2391/221505 [00:13<20:31, 177.95it/s]
ROP:   1%|          | 2428/221505 [00:13<20:35, 177.36it/s]
ROP:   1%|          | 2469/221505 [00:13<20:23, 179.05it/s]
ROP:   1%|          | 2540/221505 [00:13<19:59, 182.52it/s]
ROP:   1%|          | 2611/221505 [00:14<19:45, 184.57it/s]
ROP:   1%|          | 2709/221505 [00:14<19:11, 189.98it/s]
ROP:   1%|▏         | 2807/221505 [00:14<18:53, 192.88it/s]
ROP:   1%|▏         | 2905/221505 [00:14<18:28, 197.13it/s]
ROP:   1%|▏         | 3003/221505 [00:14<18:10, 200.41it/s]
ROP:   1%|▏         | 3101/221505 [00:15<17:44, 205.10it/s]
ROP:   1%|▏         | 3293/221505 [00:15<16:49, 216.22it/s]
ROP:   2%|▏         | 3485/221505 [00:15<16:22, 221.91it/s]
ROP:   2%|▏         | 3677/221505 [00:16<16:07, 225.12it/s]
ROP:   2%|▏         | 3738/221505 [00:16<16:05, 225.44it/s]
ROP:   2%|▏         | 3799/221505 [00:16<15:57, 227.41it/s]
ROP:   2%|▏         | 3860/221505 [00:16<15:47, 229.59it/s]
ROP:   2%|▏         | 3921/221505 [00:16<15:42, 230.82it/s]
ROP:   2%|▏         | 3996/221505 [00:17<15:31, 233.54it/s]
ROP:   2%|▏         | 4071/221505 [00:17<15:19, 236.34it/s]
ROP:   2%|▏         | 4146/221505 [00:17<15:20, 236.16it/s]
ROP:   2%|▏         | 4221/221505 [00:17<15:14, 237.51it/s]
ROP:   2%|▏         | 4296/221505 [00:18<15:34, 232.46it/s]
ROP:   2%|▏         | 4309/221505 [00:18<15:36, 231.82it/s]
ROP:   2%|▏         | 4360/221505 [00:18<15:32, 232.80it/s]
ROP:   2%|▏         | 4411/221505 [00:19<15:44, 229.83it/s]
ROP:   2%|▏         | 4462/221505 [00:19<15:51, 228.00it/s]
ROP:   2%|▏         | 4529/221505 [00:19<15:42, 230.21it/s]
ROP:   2%|▏         | 4596/221505 [00:19<15:43, 229.82it/s]
ROP:   2%|▏         | 4663/221505 [00:20<15:49, 228.40it/s]
ROP:   2%|▏         | 4730/221505 [00:20<15:47, 228.88it/s]
ROP:   2%|▏         | 4797/221505 [00:21<15:48, 228.38it/s]
ROP:   2%|▏         | 4864/221505 [00:21<15:51, 227.61it/s]
ROP:   2%|▏         | 4931/221505 [00:21<15:53, 227.03it/s]
ROP:   2%|▏         | 4998/221505 [00:22<15:56, 226.35it/s]
ROP:   2%|▏         | 5065/221505 [00:23<16:31, 218.25it/s]
ROP:   2%|▏         | 5093/221505 [00:23<16:30, 218.40it/s]
ROP:   2%|▏         | 5139/221505 [00:23<16:33, 217.80it/s]
ROP:   2%|▏         | 5185/221505 [00:23<16:28, 218.78it/s]
ROP:   2%|▏         | 5292/221505 [00:23<16:12, 222.31it/s]
ROP:   2%|▏         | 5399/221505 [00:24<16:15, 221.64it/s]
ROP:   2%|▏         | 5424/221505 [00:24<16:15, 221.51it/s]
ROP:   2%|▏         | 5472/221505 [00:24<16:11, 222.45it/s]
ROP:   2%|▏         | 5520/221505 [00:24<16:11, 222.39it/s]
ROP:   3%|▎         | 5568/221505 [00:25<16:22, 219.77it/s]
ROP:   3%|▎         | 5647/221505 [00:25<16:14, 221.56it/s]
ROP:   3%|▎         | 5726/221505 [00:25<16:06, 223.28it/s]
ROP:   3%|▎         | 5805/221505 [00:26<16:16, 220.98it/s]
ROP:   3%|▎         | 5826/221505 [00:26<16:16, 220.90it/s]
ROP:   3%|▎         | 5847/221505 [00:26<16:34, 216.86it/s]
ROP:   3%|▎         | 5861/221505 [00:27<16:35, 216.55it/s]
ROP:   3%|▎         | 5875/221505 [00:27<16:39, 215.69it/s]
ROP:   3%|▎         | 5943/221505 [00:27<16:32, 217.11it/s]
ROP:   3%|▎         | 6042/221505 [00:27<16:20, 219.79it/s]
ROP:   3%|▎         | 6141/221505 [00:28<16:32, 216.95it/s]
ROP:   3%|▎         | 6154/221505 [00:28<16:37, 215.81it/s]
ROP:   3%|▎         | 6167/221505 [00:28<16:39, 215.42it/s]
ROP:   3%|▎         | 6180/221505 [00:28<16:45, 214.19it/s]
ROP:   3%|▎         | 6193/221505 [00:29<16:59, 211.27it/s]
ROP:   3%|▎         | 6261/221505 [00:29<16:51, 212.86it/s]
ROP:   3%|▎         | 6344/221505 [00:29<16:41, 214.90it/s]
ROP:   3%|▎         | 6427/221505 [00:30<16:51, 212.62it/s]
ROP:   3%|▎         | 6439/221505 [00:30<17:00, 210.73it/s]
ROP:   3%|▎         | 6451/221505 [00:30<17:03, 210.17it/s]
ROP:   3%|▎         | 6463/221505 [00:31<17:13, 208.07it/s]
ROP:   3%|▎         | 6484/221505 [00:31<17:13, 207.98it/s]
ROP:   3%|▎         | 6505/221505 [00:31<17:20, 206.68it/s]
ROP:   3%|▎         | 6526/221505 [00:31<17:29, 204.85it/s]
ROP:   3%|▎         | 6550/221505 [00:31<17:29, 204.88it/s]
ROP:   3%|▎         | 6574/221505 [00:32<17:35, 203.72it/s]
ROP:   3%|▎         | 6598/221505 [00:32<17:42, 202.22it/s]
ROP:   3%|▎         | 6622/221505 [00:33<18:02, 198.45it/s]
ROP:   3%|▎         | 6629/221505 [00:33<18:05, 197.94it/s]
ROP:   3%|▎         | 6636/221505 [00:33<18:12, 196.67it/s]
ROP:   3%|▎         | 6644/221505 [00:33<18:15, 196.15it/s]
ROP:   3%|▎         | 6652/221505 [00:34<18:24, 194.49it/s]
ROP:   3%|▎         | 6660/221505 [00:34<18:30, 193.47it/s]
ROP:   3%|▎         | 6668/221505 [00:34<18:33, 193.02it/s]
ROP:   3%|▎         | 6676/221505 [00:34<18:40, 191.80it/s]
ROP:   3%|▎         | 6684/221505 [00:34<18:43, 191.16it/s]
ROP:   3%|▎         | 6692/221505 [00:35<18:51, 189.78it/s]
ROP:   3%|▎         | 6700/221505 [00:35<18:56, 189.04it/s]
ROP:   3%|▎         | 6712/221505 [00:35<18:57, 188.78it/s]
ROP:   3%|▎         | 6724/221505 [00:35<19:00, 188.35it/s]
ROP:   3%|▎         | 6736/221505 [00:35<19:04, 187.69it/s]
ROP:   3%|▎         | 6748/221505 [00:36<19:07, 187.17it/s]
ROP:   3%|▎         | 6760/221505 [00:36<19:10, 186.66it/s]
ROP:   3%|▎         | 6782/221505 [00:36<19:10, 186.62it/s]
ROP:   3%|▎         | 6804/221505 [00:36<19:13, 186.17it/s]
ROP:   3%|▎         | 6826/221505 [00:36<19:14, 185.94it/s]
ROP:   3%|▎         | 6852/221505 [00:36<19:14, 186.01it/s]
ROP:   3%|▎         | 6878/221505 [00:37<19:15, 185.67it/s]
ROP:   3%|▎         | 6904/221505 [00:37<19:16, 185.54it/s]
ROP:   3%|▎         | 6930/221505 [00:37<19:27, 183.73it/s]
ROP:   3%|▎         | 6936/221505 [00:37<19:29, 183.39it/s]
ROP:   3%|▎         | 6942/221505 [00:38<19:38, 182.14it/s]
ROP:   3%|▎         | 6979/221505 [00:38<19:34, 182.63it/s]
ROP:   3%|▎         | 7030/221505 [00:38<19:29, 183.40it/s]
ROP:   3%|▎         | 7081/221505 [00:38<19:26, 183.77it/s]
ROP:   3%|▎         | 7172/221505 [00:38<19:15, 185.53it/s]
ROP:   3%|▎         | 7263/221505 [00:39<19:11, 186.14it/s]
ROP:   3%|▎         | 7354/221505 [00:39<19:13, 185.62it/s]
ROP:   3%|▎         | 7443/221505 [00:39<19:08, 186.46it/s]
ROP:   3%|▎         | 7532/221505 [00:40<19:02, 187.22it/s]
ROP:   3%|▎         | 7621/221505 [00:40<19:01, 187.35it/s]
ROP:   3%|▎         | 7736/221505 [00:40<18:48, 189.51it/s]
ROP:   4%|▎         | 7851/221505 [00:41<18:46, 189.75it/s]
ROP:   4%|▎         | 7918/221505 [00:41<18:39, 190.85it/s]
ROP:   4%|▎         | 7985/221505 [00:42<18:45, 189.78it/s]
ROP:   4%|▎         | 8032/221505 [00:42<18:40, 190.44it/s]
ROP:   4%|▎         | 8100/221505 [00:42<18:34, 191.51it/s]
ROP:   4%|▎         | 8168/221505 [00:42<18:29, 192.29it/s]
ROP:   4%|▎         | 8236/221505 [00:42<18:25, 192.96it/s]
ROP:   4%|▍         | 8462/221505 [00:42<17:58, 197.45it/s]
ROP:   4%|▍         | 8688/221505 [00:44<17:58, 197.31it/s]
ROP:   4%|▍         | 8709/221505 [00:44<17:59, 197.09it/s]
ROP:   4%|▍         | 8737/221505 [00:44<17:58, 197.20it/s]
ROP:   4%|▍         | 8778/221505 [00:44<17:57, 197.47it/s]
ROP:   4%|▍         | 8835/221505 [00:44<17:53, 198.08it/s]
ROP:   4%|▍         | 8892/221505 [00:44<17:48, 198.90it/s]
ROP:   4%|▍         | 8949/221505 [00:45<17:54, 197.88it/s]
ROP:   4%|▍         | 8979/221505 [00:45<17:52, 198.10it/s]
ROP:   4%|▍         | 9009/221505 [00:45<17:53, 197.93it/s]
ROP:   4%|▍         | 9069/221505 [00:45<17:48, 198.76it/s]
ROP:   4%|▍         | 9129/221505 [00:45<17:46, 199.11it/s]
ROP:   4%|▍         | 9189/221505 [00:46<17:50, 198.29it/s]
ROP:   4%|▍         | 9249/221505 [00:46<17:56, 197.23it/s]
ROP:   4%|▍         | 9260/221505 [00:47<17:57, 196.94it/s]
ROP:   4%|▍         | 9271/221505 [00:47<17:58, 196.71it/s]
ROP:   4%|▍         | 9287/221505 [00:47<17:59, 196.50it/s]
ROP:   4%|▍         | 9303/221505 [00:47<18:02, 196.07it/s]
ROP:   4%|▍         | 9319/221505 [00:47<18:02, 195.99it/s]
ROP:   4%|▍         | 9341/221505 [00:47<18:03, 195.85it/s]
ROP:   4%|▍         | 9363/221505 [00:47<18:05, 195.38it/s]
ROP:   4%|▍         | 9412/221505 [00:48<18:02, 195.97it/s]
ROP:   4%|▍         | 9461/221505 [00:48<17:58, 196.56it/s]
ROP:   4%|▍         | 9510/221505 [00:48<18:01, 195.98it/s]
ROP:   4%|▍         | 9559/221505 [00:49<18:06, 195.08it/s]
ROP:   4%|▍         | 9608/221505 [00:49<18:06, 194.95it/s]
ROP:   4%|▍         | 9657/221505 [00:49<18:04, 195.33it/s]
ROP:   4%|▍         | 9706/221505 [00:49<18:01, 195.90it/s]
ROP:   4%|▍         | 9755/221505 [00:49<17:58, 196.35it/s]
ROP:   4%|▍         | 9804/221505 [00:50<18:04, 195.16it/s]
ROP:   4%|▍         | 9826/221505 [00:50<18:05, 195.03it/s]
ROP:   4%|▍         | 9848/221505 [00:50<18:08, 194.36it/s]
ROP:   4%|▍         | 9885/221505 [00:50<18:07, 194.61it/s]
ROP:   4%|▍         | 9922/221505 [00:50<18:07, 194.57it/s]
ROP:   5%|▍         | 10043/221505 [00:51<17:55, 196.56it/s]
ROP:   5%|▍         | 10164/221505 [00:51<17:58, 195.88it/s]
ROP:   5%|▍         | 10187/221505 [00:52<17:59, 195.81it/s]
ROP:   5%|▍         | 10287/221505 [00:52<17:50, 197.33it/s]
ROP:   5%|▍         | 10387/221505 [00:52<17:55, 196.22it/s]
ROP:   5%|▍         | 10408/221505 [00:53<17:56, 196.16it/s]
ROP:   5%|▍         | 10429/221505 [00:53<17:56, 195.99it/s]
ROP:   5%|▍         | 10464/221505 [00:53<17:56, 196.02it/s]
ROP:   5%|▍         | 10499/221505 [00:53<18:00, 195.21it/s]
ROP:   5%|▍         | 10534/221505 [00:53<18:00, 195.28it/s]
ROP:   5%|▍         | 10569/221505 [00:54<17:59, 195.47it/s]
ROP:   5%|▍         | 10629/221505 [00:54<17:55, 196.06it/s]
ROP:   5%|▍         | 10689/221505 [00:54<17:58, 195.46it/s]
ROP:   5%|▍         | 10749/221505 [00:55<18:03, 194.45it/s]
ROP:   5%|▍         | 10833/221505 [00:55<17:56, 195.61it/s]
ROP:   5%|▍         | 10917/221505 [00:56<18:10, 193.19it/s]
ROP:   5%|▍         | 10935/221505 [00:56<18:10, 193.12it/s]
ROP:   5%|▍         | 10953/221505 [00:56<18:11, 192.86it/s]
ROP:   5%|▍         | 11016/221505 [00:56<18:07, 193.56it/s]
ROP:   5%|▌         | 11079/221505 [00:57<18:09, 193.06it/s]
ROP:   5%|▌         | 11142/221505 [00:58<18:24, 190.44it/s]
ROP:   5%|▌         | 11148/221505 [00:58<18:27, 190.00it/s]
ROP:   5%|▌         | 11165/221505 [00:58<18:27, 189.88it/s]
ROP:   5%|▌         | 11197/221505 [00:58<18:27, 189.87it/s]
ROP:   5%|▌         | 11229/221505 [00:59<18:36, 188.36it/s]
ROP:   5%|▌         | 11288/221505 [00:59<18:32, 188.98it/s]
ROP:   5%|▌         | 11347/221505 [00:59<18:30, 189.26it/s]
ROP:   5%|▌         | 11406/221505 [01:00<18:36, 188.17it/s]
ROP:   5%|▌         | 11447/221505 [01:00<18:35, 188.29it/s]
ROP:   5%|▌         | 11488/221505 [01:01<18:35, 188.19it/s]
ROP:   5%|▌         | 11529/221505 [01:01<18:34, 188.46it/s]
ROP:   5%|▌         | 11570/221505 [01:01<18:33, 188.49it/s]
ROP:   5%|▌         | 11611/221505 [01:01<18:33, 188.46it/s]
ROP:   5%|▌         | 11652/221505 [01:02<18:39, 187.45it/s]
ROP:   5%|▌         | 11667/221505 [01:02<18:40, 187.34it/s]
ROP:   5%|▌         | 11682/221505 [01:02<18:41, 187.17it/s]
ROP:   5%|▌         | 11709/221505 [01:02<18:40, 187.16it/s]
ROP:   5%|▌         | 11736/221505 [01:02<18:41, 187.00it/s]
ROP:   5%|▌         | 11763/221505 [01:02<18:41, 186.99it/s]
ROP:   5%|▌         | 11790/221505 [01:03<18:42, 186.76it/s]
ROP:   5%|▌         | 11844/221505 [01:03<18:39, 187.31it/s]
ROP:   5%|▌         | 11898/221505 [01:03<18:40, 186.99it/s]
ROP:   5%|▌         | 11952/221505 [01:04<18:44, 186.42it/s]
ROP:   5%|▌         | 12006/221505 [01:04<18:43, 186.46it/s]
ROP:   5%|▌         | 12060/221505 [01:04<18:41, 186.70it/s]
ROP:   5%|▌         | 12114/221505 [01:04<18:41, 186.72it/s]
ROP:   5%|▌         | 12168/221505 [01:04<18:38, 187.21it/s]
ROP:   6%|▌         | 12222/221505 [01:05<18:39, 186.97it/s]
ROP:   6%|▌         | 12276/221505 [01:05<18:39, 186.96it/s]
ROP:   6%|▌         | 12330/221505 [01:06<18:42, 186.40it/s]
ROP:   6%|▌         | 12384/221505 [01:06<18:43, 186.07it/s]
ROP:   6%|▌         | 12458/221505 [01:06<18:38, 186.83it/s]
ROP:   6%|▌         | 12532/221505 [01:07<18:47, 185.38it/s]
ROP:   6%|▌         | 12558/221505 [01:07<18:46, 185.43it/s]
ROP:   6%|▌         | 12584/221505 [01:08<18:49, 184.91it/s]
ROP:   6%|▌         | 12610/221505 [01:08<18:52, 184.46it/s]
ROP:   6%|▌         | 12636/221505 [01:08<18:52, 184.41it/s]
ROP:   6%|▌         | 12725/221505 [01:08<18:46, 185.37it/s]
ROP:   6%|▌         | 12814/221505 [01:08<18:40, 186.32it/s]
ROP:   6%|▌         | 12903/221505 [01:09<18:35, 186.94it/s]
ROP:   6%|▌         | 12992/221505 [01:09<18:30, 187.70it/s]
ROP:   6%|▌         | 13081/221505 [01:09<18:25, 188.48it/s]
ROP:   6%|▌         | 13170/221505 [01:09<18:24, 188.67it/s]
ROP:   6%|▌         | 13259/221505 [01:10<18:21, 188.99it/s]
ROP:   6%|▌         | 13348/221505 [01:10<18:24, 188.40it/s]
ROP:   6%|▌         | 13364/221505 [01:10<18:25, 188.29it/s]
ROP:   6%|▌         | 13380/221505 [01:11<18:32, 187.15it/s]
ROP:   6%|▌         | 13411/221505 [01:11<18:30, 187.32it/s]
ROP:   6%|▌         | 13442/221505 [01:12<18:35, 186.54it/s]
ROP:   6%|▌         | 13473/221505 [01:12<18:38, 185.94it/s]
ROP:   6%|▌         | 13504/221505 [01:12<18:40, 185.67it/s]
ROP:   6%|▌         | 13535/221505 [01:13<18:45, 184.85it/s]
ROP:   6%|▌         | 13566/221505 [01:13<18:46, 184.66it/s]
ROP:   6%|▌         | 13597/221505 [01:13<18:50, 183.98it/s]
ROP:   6%|▌         | 13628/221505 [01:14<18:52, 183.50it/s]
ROP:   6%|▌         | 13723/221505 [01:14<18:46, 184.48it/s]
ROP:   6%|▌         | 13818/221505 [01:14<18:44, 184.67it/s]
ROP:   6%|▋         | 13913/221505 [01:15<18:41, 185.12it/s]
ROP:   6%|▋         | 14008/221505 [01:15<18:43, 184.76it/s]
ROP:   6%|▋         | 14046/221505 [01:15<18:42, 184.86it/s]
ROP:   6%|▋         | 14084/221505 [01:16<18:44, 184.38it/s]
ROP:   6%|▋         | 14135/221505 [01:16<18:42, 184.81it/s]
ROP:   6%|▋         | 14210/221505 [01:16<18:37, 185.54it/s]
ROP:   6%|▋         | 14285/221505 [01:17<18:41, 184.75it/s]
ROP:   6%|▋         | 14304/221505 [01:17<18:41, 184.70it/s]
ROP:   6%|▋         | 14323/221505 [01:17<18:44, 184.25it/s]
ROP:   6%|▋         | 14357/221505 [01:17<18:43, 184.32it/s]
ROP:   7%|▋         | 14401/221505 [01:18<18:42, 184.49it/s]
ROP:   7%|▋         | 14445/221505 [01:18<18:41, 184.57it/s]
ROP:   7%|▋         | 14489/221505 [01:18<18:44, 184.04it/s]
ROP:   7%|▋         | 14543/221505 [01:18<18:41, 184.49it/s]
ROP:   7%|▋         | 14597/221505 [01:19<18:41, 184.55it/s]
ROP:   7%|▋         | 14651/221505 [01:19<18:41, 184.50it/s]
ROP:   7%|▋         | 14705/221505 [01:19<18:39, 184.73it/s]
ROP:   7%|▋         | 14759/221505 [01:20<18:46, 183.47it/s]
ROP:   7%|▋         | 14766/221505 [01:20<18:48, 183.12it/s]
ROP:   7%|▋         | 14773/221505 [01:20<18:52, 182.54it/s]
ROP:   7%|▋         | 14780/221505 [01:21<18:53, 182.34it/s]
ROP:   7%|▋         | 14821/221505 [01:21<18:52, 182.55it/s]
ROP:   7%|▋         | 14862/221505 [01:21<18:53, 182.23it/s]
ROP:   7%|▋         | 14945/221505 [01:21<18:48, 182.98it/s]
ROP:   7%|▋         | 15028/221505 [01:21<18:46, 183.35it/s]
ROP:   7%|▋         | 15111/221505 [01:22<18:44, 183.57it/s]
ROP:   7%|▋         | 15194/221505 [01:22<18:41, 183.91it/s]
ROP:   7%|▋         | 15277/221505 [01:22<18:37, 184.53it/s]
ROP:   7%|▋         | 15360/221505 [01:23<18:35, 184.76it/s]
ROP:   7%|▋         | 15443/221505 [01:23<18:33, 185.05it/s]
ROP:   7%|▋         | 15526/221505 [01:23<18:33, 184.95it/s]
ROP:   7%|▋         | 15648/221505 [01:24<18:26, 186.04it/s]
ROP:   7%|▋         | 15770/221505 [01:24<18:24, 186.33it/s]
ROP:   7%|▋         | 15794/221505 [01:24<18:23, 186.34it/s]
ROP:   7%|▋         | 15819/221505 [01:24<18:23, 186.42it/s]
ROP:   7%|▋         | 15854/221505 [01:24<18:22, 186.61it/s]
ROP:   7%|▋         | 15924/221505 [01:25<18:18, 187.20it/s]
ROP:   7%|▋         | 15994/221505 [01:25<18:14, 187.72it/s]
ROP:   7%|▋         | 16095/221505 [01:25<18:09, 188.46it/s]
ROP:   7%|▋         | 16196/221505 [01:25<18:04, 189.25it/s]
ROP:   7%|▋         | 16297/221505 [01:25<18:00, 189.94it/s]
ROP:   7%|▋         | 16398/221505 [01:26<17:55, 190.65it/s]
ROP:   7%|▋         | 16499/221505 [01:26<17:53, 191.00it/s]
ROP:   7%|▋         | 16600/221505 [01:26<17:47, 191.92it/s]
ROP:   8%|▊         | 16701/221505 [01:26<17:43, 192.61it/s]
ROP:   8%|▊         | 16802/221505 [01:26<17:39, 193.27it/s]
ROP:   8%|▊         | 16903/221505 [01:27<17:36, 193.62it/s]
ROP:   8%|▊         | 17097/221505 [01:27<17:25, 195.55it/s]
ROP:   8%|▊         | 17291/221505 [01:27<17:14, 197.40it/s]
ROP:   8%|▊         | 17523/221505 [01:27<17:00, 199.82it/s]
ROP:   8%|▊         | 17755/221505 [01:28<16:52, 201.14it/s]
ROP:   8%|▊         | 17803/221505 [01:28<16:51, 201.46it/s]
ROP:   8%|▊         | 17851/221505 [01:28<16:49, 201.73it/s]
ROP:   8%|▊         | 17904/221505 [01:28<16:47, 202.01it/s]
ROP:   8%|▊         | 17958/221505 [01:28<16:46, 202.24it/s]
ROP:   8%|▊         | 18012/221505 [01:28<16:44, 202.60it/s]
ROP:   8%|▊         | 18066/221505 [01:29<16:42, 202.97it/s]
ROP:   8%|▊         | 18173/221505 [01:29<16:37, 203.89it/s]
ROP:   8%|▊         | 18280/221505 [01:29<16:35, 204.10it/s]
ROP:   8%|▊         | 18402/221505 [01:29<16:29, 205.18it/s]
ROP:   8%|▊         | 18524/221505 [01:29<16:23, 206.28it/s]
ROP:   8%|▊         | 18646/221505 [01:29<16:18, 207.30it/s]
ROP:   8%|▊         | 18768/221505 [01:30<16:14, 207.96it/s]
ROP:   9%|▊         | 18907/221505 [01:30<16:08, 209.23it/s]
ROP:   9%|▊         | 19055/221505 [01:30<16:01, 210.59it/s]
ROP:   9%|▊         | 19203/221505 [01:30<15:57, 211.38it/s]
ROP:   9%|▊         | 19351/221505 [01:31<15:52, 212.30it/s]
ROP:   9%|▉         | 19499/221505 [01:31<15:50, 212.46it/s]
ROP:   9%|▉         | 19574/221505 [01:31<15:47, 213.05it/s]
ROP:   9%|▉         | 19702/221505 [01:31<15:42, 214.16it/s]
ROP:   9%|▉         | 19863/221505 [01:32<15:35, 215.60it/s]
ROP:   9%|▉         | 20024/221505 [01:33<15:38, 214.57it/s]
ROP:   9%|▉         | 20038/221505 [01:33<15:40, 214.30it/s]
ROP:   9%|▉         | 20066/221505 [01:33<15:39, 214.31it/s]
ROP:   9%|▉         | 20094/221505 [01:34<15:43, 213.36it/s]
ROP:   9%|▉         | 20100/221505 [01:34<15:46, 212.81it/s]
ROP:   9%|▉         | 20110/221505 [01:34<15:47, 212.67it/s]
ROP:   9%|▉         | 20132/221505 [01:34<15:47, 212.57it/s]
ROP:   9%|▉         | 20154/221505 [01:35<15:49, 212.07it/s]
ROP:   9%|▉         | 20176/221505 [01:35<15:49, 211.97it/s]
ROP:   9%|▉         | 20198/221505 [01:35<15:49, 211.94it/s]
ROP:   9%|▉         | 20286/221505 [01:35<15:46, 212.64it/s]
ROP:   9%|▉         | 20374/221505 [01:36<15:49, 211.82it/s]
ROP:   9%|▉         | 20480/221505 [01:36<15:45, 212.63it/s]
ROP:   9%|▉         | 20586/221505 [01:37<15:49, 211.71it/s]
ROP:   9%|▉         | 20622/221505 [01:37<15:48, 211.73it/s]
ROP:   9%|▉         | 20658/221505 [01:37<15:49, 211.49it/s]
ROP:   9%|▉         | 20695/221505 [01:37<15:49, 211.54it/s]
ROP:   9%|▉         | 20732/221505 [01:37<15:48, 211.70it/s]
ROP:   9%|▉         | 20769/221505 [01:38<15:49, 211.43it/s]
ROP:   9%|▉         | 20806/221505 [01:38<15:48, 211.52it/s]
ROP:   9%|▉         | 20867/221505 [01:38<15:47, 211.76it/s]
ROP:   9%|▉         | 20928/221505 [01:39<15:53, 210.32it/s]
ROP:   9%|▉         | 20954/221505 [01:39<15:53, 210.24it/s]
ROP:   9%|▉         | 21040/221505 [01:39<15:50, 210.84it/s]
ROP:  10%|▉         | 21126/221505 [01:40<15:56, 209.53it/s]
ROP:  10%|▉         | 21173/221505 [01:40<15:55, 209.76it/s]
ROP:  10%|▉         | 21220/221505 [01:41<15:54, 209.93it/s]
ROP:  10%|▉         | 21267/221505 [01:41<15:53, 209.99it/s]
ROP:  10%|▉         | 21314/221505 [01:41<15:52, 210.08it/s]
ROP:  10%|▉         | 21432/221505 [01:41<15:48, 211.02it/s]
ROP:  10%|▉         | 21550/221505 [01:41<15:45, 211.43it/s]
ROP:  10%|▉         | 21668/221505 [01:42<15:43, 211.90it/s]
ROP:  10%|▉         | 21872/221505 [01:42<15:34, 213.69it/s]
ROP:  10%|▉         | 22076/221505 [01:42<15:27, 215.02it/s]
ROP:  10%|█         | 22280/221505 [01:42<15:19, 216.72it/s]
ROP:  10%|█         | 22484/221505 [01:42<15:10, 218.48it/s]
ROP:  10%|█         | 22688/221505 [01:43<15:02, 220.24it/s]
ROP:  10%|█         | 22892/221505 [01:43<14:56, 221.55it/s]
ROP:  10%|█         | 23204/221505 [01:43<14:43, 224.34it/s]
ROP:  11%|█         | 23516/221505 [01:43<14:34, 226.52it/s]
ROP:  11%|█         | 23828/221505 [01:43<14:22, 229.15it/s]
ROP:  11%|█         | 24140/221505 [01:44<14:12, 231.58it/s]
ROP:  11%|█         | 24452/221505 [01:44<14:01, 234.13it/s]
ROP:  11%|█         | 24764/221505 [01:45<14:00, 234.01it/s]
ROP:  11%|█         | 24787/221505 [01:46<14:01, 233.80it/s]
ROP:  11%|█         | 24857/221505 [01:46<13:59, 234.12it/s]
ROP:  11%|█▏        | 24927/221505 [01:46<13:59, 234.10it/s]
ROP:  11%|█▏        | 24997/221505 [01:46<13:58, 234.35it/s]
ROP:  11%|█▏        | 25067/221505 [01:47<14:01, 233.44it/s]
ROP:  11%|█▏        | 25077/221505 [01:47<14:01, 233.32it/s]
ROP:  11%|█▏        | 25087/221505 [01:47<14:03, 232.77it/s]
ROP:  11%|█▏        | 25097/221505 [01:48<14:06, 232.06it/s]
ROP:  11%|█▏        | 25134/221505 [01:48<14:05, 232.12it/s]
ROP:  11%|█▏        | 25171/221505 [01:48<14:08, 231.40it/s]
ROP:  11%|█▏        | 25209/221505 [01:48<14:07, 231.53it/s]
ROP:  11%|█▏        | 25247/221505 [01:49<14:09, 230.89it/s]
ROP:  11%|█▏        | 25285/221505 [01:49<14:11, 230.46it/s]
ROP:  11%|█▏        | 25323/221505 [01:50<14:12, 230.09it/s]
ROP:  11%|█▏        | 25368/221505 [01:50<14:11, 230.29it/s]
ROP:  11%|█▏        | 25421/221505 [01:50<14:10, 230.55it/s]
ROP:  12%|█▏        | 25474/221505 [01:50<14:10, 230.59it/s]
ROP:  12%|█▏        | 25527/221505 [01:50<14:11, 230.23it/s]
ROP:  12%|█▏        | 25580/221505 [01:51<14:14, 229.26it/s]
ROP:  12%|█▏        | 25590/221505 [01:51<14:15, 228.99it/s]
ROP:  12%|█▏        | 25600/221505 [01:52<14:17, 228.39it/s]
ROP:  12%|█▏        | 25617/221505 [01:52<14:18, 228.22it/s]
ROP:  12%|█▏        | 25634/221505 [01:52<14:20, 227.64it/s]
ROP:  12%|█▏        | 25662/221505 [01:52<14:20, 227.69it/s]
ROP:  12%|█▏        | 25690/221505 [01:53<14:21, 227.18it/s]
ROP:  12%|█▏        | 25723/221505 [01:53<14:21, 227.19it/s]
ROP:  12%|█▏        | 25756/221505 [01:53<14:25, 226.07it/s]
ROP:  12%|█▏        | 25772/221505 [01:54<14:26, 226.01it/s]
ROP:  12%|█▏        | 25788/221505 [01:54<14:28, 225.23it/s]
ROP:  12%|█▏        | 25813/221505 [01:54<14:29, 225.16it/s]
ROP:  12%|█▏        | 25838/221505 [01:55<14:32, 224.30it/s]
ROP:  12%|█▏        | 25887/221505 [01:55<14:31, 224.47it/s]
ROP:  12%|█▏        | 25936/221505 [01:55<14:31, 224.43it/s]
ROP:  12%|█▏        | 25985/221505 [01:56<14:35, 223.38it/s]
ROP:  12%|█▏        | 26010/221505 [01:56<14:35, 223.27it/s]
ROP:  12%|█▏        | 26035/221505 [01:56<14:37, 222.84it/s]
ROP:  12%|█▏        | 26060/221505 [01:56<14:37, 222.85it/s]
ROP:  12%|█▏        | 26101/221505 [01:57<14:36, 222.97it/s]
ROP:  12%|█▏        | 26143/221505 [01:57<14:35, 223.12it/s]
ROP:  12%|█▏        | 26185/221505 [01:57<14:34, 223.27it/s]
ROP:  12%|█▏        | 26227/221505 [01:57<14:33, 223.43it/s]
ROP:  12%|█▏        | 26319/221505 [01:57<14:31, 224.02it/s]
ROP:  12%|█▏        | 26411/221505 [01:58<14:32, 223.71it/s]
ROP:  12%|█▏        | 26459/221505 [01:58<14:31, 223.90it/s]
ROP:  12%|█▏        | 26507/221505 [01:58<14:30, 224.05it/s]
ROP:  12%|█▏        | 26657/221505 [01:58<14:25, 225.12it/s]
ROP:  12%|█▏        | 26807/221505 [01:59<14:26, 224.59it/s]
ROP:  12%|█▏        | 26849/221505 [01:59<14:26, 224.60it/s]
ROP:  12%|█▏        | 26891/221505 [01:59<14:26, 224.64it/s]
ROP:  12%|█▏        | 26943/221505 [01:59<14:25, 224.76it/s]
ROP:  12%|█▏        | 26995/221505 [02:00<14:25, 224.65it/s]
ROP:  12%|█▏        | 27047/221505 [02:00<14:25, 224.62it/s]
ROP:  12%|█▏        | 27116/221505 [02:00<14:24, 224.98it/s]
ROP:  12%|█▏        | 27210/221505 [02:00<14:21, 225.54it/s]
ROP:  12%|█▏        | 27304/221505 [02:00<14:20, 225.78it/s]
ROP:  12%|█▏        | 27398/221505 [02:01<14:18, 225.98it/s]
ROP:  12%|█▏        | 27492/221505 [02:01<14:16, 226.51it/s]
ROP:  12%|█▏        | 27586/221505 [02:01<14:15, 226.69it/s]
ROP:  12%|█▏        | 27680/221505 [02:01<14:13, 227.01it/s]
ROP:  13%|█▎        | 27852/221505 [02:02<14:08, 228.21it/s]
ROP:  13%|█▎        | 28024/221505 [02:03<14:10, 227.49it/s]
ROP:  13%|█▎        | 28040/221505 [02:03<14:11, 227.17it/s]
ROP:  13%|█▎        | 28056/221505 [02:03<14:12, 227.02it/s]
ROP:  13%|█▎        | 28090/221505 [02:03<14:12, 226.99it/s]
ROP:  13%|█▎        | 28124/221505 [02:04<14:13, 226.47it/s]
ROP:  13%|█▎        | 28158/221505 [02:04<14:14, 226.27it/s]
ROP:  13%|█▎        | 28207/221505 [02:04<14:13, 226.37it/s]
ROP:  13%|█▎        | 28256/221505 [02:04<14:14, 226.07it/s]
ROP:  13%|█▎        | 28305/221505 [02:05<14:16, 225.60it/s]
ROP:  13%|█▎        | 28354/221505 [02:05<14:15, 225.65it/s]
ROP:  13%|█▎        | 28403/221505 [02:05<14:16, 225.51it/s]
ROP:  13%|█▎        | 28452/221505 [02:06<14:15, 225.67it/s]
ROP:  13%|█▎        | 28501/221505 [02:06<14:14, 225.85it/s]
ROP:  13%|█▎        | 28550/221505 [02:06<14:14, 225.76it/s]
ROP:  13%|█▎        | 28599/221505 [02:06<14:13, 225.91it/s]
ROP:  13%|█▎        | 28648/221505 [02:07<14:16, 225.18it/s]
ROP:  13%|█▎        | 28662/221505 [02:07<14:16, 225.08it/s]
ROP:  13%|█▎        | 28676/221505 [02:07<14:17, 224.78it/s]
ROP:  13%|█▎        | 28690/221505 [02:07<14:19, 224.44it/s]
ROP:  13%|█▎        | 28744/221505 [02:07<14:18, 224.62it/s]
ROP:  13%|█▎        | 28798/221505 [02:08<14:17, 224.71it/s]
ROP:  13%|█▎        | 28852/221505 [02:08<14:17, 224.68it/s]
ROP:  13%|█▎        | 28952/221505 [02:08<14:15, 225.19it/s]
ROP:  13%|█▎        | 29052/221505 [02:08<14:12, 225.70it/s]
ROP:  13%|█▎        | 29152/221505 [02:09<14:11, 225.97it/s]
ROP:  13%|█▎        | 29252/221505 [02:09<14:08, 226.51it/s]
ROP:  13%|█▎        | 29352/221505 [02:09<14:06, 226.90it/s]
ROP:  13%|█▎        | 29480/221505 [02:09<14:03, 227.60it/s]
ROP:  13%|█▎        | 29608/221505 [02:09<14:00, 228.31it/s]
ROP:  13%|█▎        | 29736/221505 [02:09<13:57, 228.93it/s]
ROP:  13%|█▎        | 29864/221505 [02:09<13:54, 229.73it/s]
ROP:  14%|█▎        | 29992/221505 [02:10<13:51, 230.46it/s]
ROP:  14%|█▎        | 30120/221505 [02:10<13:49, 230.82it/s]
ROP:  14%|█▎        | 30248/221505 [02:11<13:49, 230.57it/s]
ROP:  14%|█▎        | 30324/221505 [02:11<13:48, 230.74it/s]
ROP:  14%|█▎        | 30400/221505 [02:11<13:47, 231.02it/s]
ROP:  14%|█▍        | 30476/221505 [02:11<13:46, 231.25it/s]
ROP:  14%|█▍        | 30552/221505 [02:11<13:44, 231.58it/s]
ROP:  14%|█▍        | 30628/221505 [02:12<13:43, 231.85it/s]
ROP:  14%|█▍        | 30826/221505 [02:12<13:37, 233.13it/s]
ROP:  14%|█▍        | 31024/221505 [02:12<13:33, 234.16it/s]
ROP:  14%|█▍        | 31222/221505 [02:12<13:28, 235.28it/s]
ROP:  14%|█▍        | 31446/221505 [02:12<13:22, 236.78it/s]
ROP:  14%|█▍        | 31670/221505 [02:12<13:17, 238.13it/s]
ROP:  14%|█▍        | 31894/221505 [02:13<13:12, 239.35it/s]
ROP:  14%|█▍        | 32118/221505 [02:13<13:09, 239.97it/s]
ROP:  15%|█▍        | 32350/221505 [02:13<13:03, 241.48it/s]
ROP:  15%|█▍        | 32582/221505 [02:14<12:59, 242.46it/s]
ROP:  15%|█▍        | 32814/221505 [02:15<12:56, 242.87it/s]
ROP:  15%|█▍        | 32949/221505 [02:15<12:54, 243.59it/s]
ROP:  15%|█▍        | 33084/221505 [02:15<12:53, 243.45it/s]
ROP:  15%|█▍        | 33108/221505 [02:15<12:53, 243.44it/s]
ROP:  15%|█▍        | 33194/221505 [02:16<12:52, 243.80it/s]
ROP:  15%|█▌        | 33280/221505 [02:17<12:55, 242.74it/s]
ROP:  15%|█▌        | 33380/221505 [02:17<12:53, 243.26it/s]
ROP:  15%|█▌        | 33480/221505 [02:17<12:51, 243.70it/s]
ROP:  15%|█▌        | 33580/221505 [02:17<12:50, 243.84it/s]
ROP:  15%|█▌        | 33680/221505 [02:18<12:50, 243.92it/s]
ROP:  15%|█▌        | 33780/221505 [02:18<12:48, 244.30it/s]
ROP:  15%|█▌        | 33880/221505 [02:18<12:46, 244.82it/s]
ROP:  15%|█▌        | 34040/221505 [02:18<12:42, 245.79it/s]
ROP:  15%|█▌        | 34200/221505 [02:18<12:39, 246.58it/s]
ROP:  16%|█▌        | 34360/221505 [02:18<12:36, 247.43it/s]
ROP:  16%|█▌        | 34520/221505 [02:19<12:32, 248.33it/s]
ROP:  16%|█▌        | 34680/221505 [02:19<12:31, 248.63it/s]
ROP:  16%|█▌        | 34840/221505 [02:19<12:29, 249.03it/s]
ROP:  16%|█▌        | 35000/221505 [02:21<12:33, 247.61it/s]
ROP:  16%|█▌        | 35012/221505 [02:21<12:34, 247.29it/s]
ROP:  16%|█▌        | 35024/221505 [02:21<12:35, 246.74it/s]
ROP:  16%|█▌        | 35058/221505 [02:22<12:35, 246.72it/s]
ROP:  16%|█▌        | 35092/221505 [02:22<12:35, 246.70it/s]
ROP:  16%|█▌        | 35126/221505 [02:22<12:35, 246.70it/s]
ROP:  16%|█▌        | 35160/221505 [02:22<12:36, 246.46it/s]
ROP:  16%|█▌        | 35248/221505 [02:22<12:35, 246.65it/s]
ROP:  16%|█▌        | 35336/221505 [02:23<12:37, 245.81it/s]
ROP:  16%|█▌        | 35364/221505 [02:23<12:37, 245.74it/s]
ROP:  16%|█▌        | 35392/221505 [02:24<12:39, 245.09it/s]
ROP:  16%|█▌        | 35406/221505 [02:24<12:39, 244.97it/s]
ROP:  16%|█▌        | 35420/221505 [02:24<12:40, 244.57it/s]
ROP:  16%|█▌        | 35491/221505 [02:24<12:39, 244.80it/s]
ROP:  16%|█▌        | 35562/221505 [02:25<12:40, 244.54it/s]
ROP:  16%|█▌        | 35633/221505 [02:25<12:39, 244.85it/s]
ROP:  16%|█▌        | 35704/221505 [02:25<12:38, 245.06it/s]
ROP:  16%|█▌        | 35775/221505 [02:26<12:38, 244.94it/s]
ROP:  16%|█▌        | 35846/221505 [02:26<12:38, 244.74it/s]
ROP:  16%|█▌        | 35917/221505 [02:26<12:38, 244.56it/s]
ROP:  16%|█▌        | 35988/221505 [02:27<12:38, 244.73it/s]
ROP:  16%|█▋        | 36059/221505 [02:27<12:37, 244.82it/s]
ROP:  16%|█▋        | 36130/221505 [02:27<12:38, 244.28it/s]
ROP:  16%|█▋        | 36142/221505 [02:28<12:39, 244.20it/s]
ROP:  16%|█▋        | 36154/221505 [02:28<12:40, 243.72it/s]
ROP:  16%|█▋        | 36166/221505 [02:28<12:40, 243.61it/s]
ROP:  16%|█▋        | 36220/221505 [02:28<12:40, 243.59it/s]
ROP:  16%|█▋        | 36274/221505 [02:28<12:40, 243.61it/s]
ROP:  16%|█▋        | 36328/221505 [02:29<12:41, 243.04it/s]
ROP:  16%|█▋        | 36346/221505 [02:29<12:42, 242.98it/s]
ROP:  16%|█▋        | 36364/221505 [02:30<12:43, 242.38it/s]
ROP:  16%|█▋        | 36382/221505 [02:30<12:44, 242.14it/s]
ROP:  16%|█▋        | 36416/221505 [02:30<12:44, 242.12it/s]
ROP:  16%|█▋        | 36450/221505 [02:30<12:45, 241.80it/s]
ROP:  16%|█▋        | 36484/221505 [02:31<12:47, 240.96it/s]
ROP:  16%|█▋        | 36514/221505 [02:31<12:47, 240.97it/s]
ROP:  16%|█▋        | 36544/221505 [02:32<12:49, 240.28it/s]
ROP:  17%|█▋        | 36614/221505 [02:32<12:49, 240.40it/s]
ROP:  17%|█▋        | 36684/221505 [02:32<12:48, 240.42it/s]
ROP:  17%|█▋        | 36766/221505 [02:32<12:47, 240.71it/s]
ROP:  17%|█▋        | 36848/221505 [02:33<12:47, 240.75it/s]
ROP:  17%|█▋        | 36930/221505 [02:33<12:47, 240.34it/s]
ROP:  17%|█▋        | 36951/221505 [02:33<12:47, 240.31it/s]
ROP:  17%|█▋        | 36972/221505 [02:34<12:49, 239.88it/s]
ROP:  17%|█▋        | 36993/221505 [02:34<12:49, 239.64it/s]
ROP:  17%|█▋        | 37038/221505 [02:34<12:49, 239.57it/s]
ROP:  17%|█▋        | 37094/221505 [02:34<12:49, 239.76it/s]
ROP:  17%|█▋        | 37150/221505 [02:34<12:48, 239.79it/s]
ROP:  17%|█▋        | 37206/221505 [02:35<12:48, 239.90it/s]
ROP:  17%|█▋        | 37262/221505 [02:35<12:47, 239.96it/s]
ROP:  17%|█▋        | 37318/221505 [02:35<12:47, 240.04it/s]
ROP:  17%|█▋        | 37374/221505 [02:35<12:46, 240.12it/s]
ROP:  17%|█▋        | 37430/221505 [02:36<12:47, 239.76it/s]
ROP:  17%|█▋        | 37486/221505 [02:36<12:47, 239.68it/s]
ROP:  17%|█▋        | 37542/221505 [02:36<12:47, 239.69it/s]
ROP:  17%|█▋        | 37598/221505 [02:36<12:46, 239.84it/s]
ROP:  17%|█▋        | 37654/221505 [02:36<12:46, 239.93it/s]
ROP:  17%|█▋        | 37763/221505 [02:37<12:44, 240.28it/s]
ROP:  17%|█▋        | 37872/221505 [02:37<12:42, 240.79it/s]
ROP:  17%|█▋        | 37981/221505 [02:37<12:41, 241.00it/s]
ROP:  17%|█▋        | 38209/221505 [02:37<12:36, 242.19it/s]
ROP:  17%|█▋        | 38437/221505 [02:38<12:36, 241.91it/s]
ROP:  17%|█▋        | 38458/221505 [02:39<12:36, 241.87it/s]
ROP:  17%|█▋        | 38598/221505 [02:39<12:34, 242.58it/s]
ROP:  17%|█▋        | 38738/221505 [02:39<12:33, 242.66it/s]
ROP:  18%|█▊        | 38801/221505 [02:39<12:32, 242.84it/s]
ROP:  18%|█▊        | 38864/221505 [02:41<12:37, 240.98it/s]
ROP:  18%|█▊        | 38968/221505 [02:41<12:36, 241.43it/s]
ROP:  18%|█▊        | 39072/221505 [02:41<12:35, 241.41it/s]
ROP:  18%|█▊        | 39176/221505 [02:42<12:35, 241.24it/s]
ROP:  18%|█▊        | 39248/221505 [02:42<12:34, 241.49it/s]
ROP:  18%|█▊        | 39320/221505 [02:42<12:34, 241.57it/s]
ROP:  18%|█▊        | 39392/221505 [02:43<12:33, 241.64it/s]
ROP:  18%|█▊        | 39464/221505 [02:43<12:32, 241.88it/s]
ROP:  18%|█▊        | 39536/221505 [02:43<12:31, 242.12it/s]
ROP:  18%|█▊        | 39608/221505 [02:43<12:30, 242.30it/s]
ROP:  18%|█▊        | 39680/221505 [02:44<12:31, 241.91it/s]
ROP:  18%|█▊        | 39746/221505 [02:44<12:30, 242.15it/s]
ROP:  18%|█▊        | 39812/221505 [02:44<12:31, 241.65it/s]
ROP:  18%|█▊        | 39852/221505 [02:44<12:31, 241.71it/s]
ROP:  18%|█▊        | 39892/221505 [02:45<12:31, 241.71it/s]
ROP:  18%|█▊        | 39932/221505 [02:45<12:31, 241.61it/s]
ROP:  18%|█▊        | 39972/221505 [02:45<12:32, 241.31it/s]
ROP:  18%|█▊        | 40012/221505 [02:46<12:33, 240.91it/s]
ROP:  18%|█▊        | 40066/221505 [02:46<12:33, 240.95it/s]
ROP:  18%|█▊        | 40120/221505 [02:46<12:34, 240.49it/s]
ROP:  18%|█▊        | 40143/221505 [02:46<12:34, 240.40it/s]
ROP:  18%|█▊        | 40166/221505 [02:47<12:35, 240.14it/s]
ROP:  18%|█▊        | 40189/221505 [02:47<12:35, 240.08it/s]
ROP:  18%|█▊        | 40212/221505 [02:47<12:36, 239.59it/s]
ROP:  18%|█▊        | 40235/221505 [02:48<12:38, 239.10it/s]
ROP:  18%|█▊        | 40258/221505 [02:48<12:39, 238.53it/s]
ROP:  18%|█▊        | 40277/221505 [02:48<12:40, 238.46it/s]
ROP:  18%|█▊        | 40296/221505 [02:49<12:40, 238.34it/s]
ROP:  18%|█▊        | 40350/221505 [02:49<12:39, 238.42it/s]
ROP:  18%|█▊        | 40404/221505 [02:49<12:39, 238.30it/s]
ROP:  18%|█▊        | 40458/221505 [02:49<12:39, 238.34it/s]
ROP:  18%|█▊        | 40512/221505 [02:50<12:39, 238.23it/s]
ROP:  18%|█▊        | 40577/221505 [02:50<12:39, 238.37it/s]
ROP:  18%|█▊        | 40642/221505 [02:50<12:39, 238.24it/s]
ROP:  18%|█▊        | 40721/221505 [02:50<12:37, 238.54it/s]
ROP:  18%|█▊        | 40838/221505 [02:50<12:35, 239.05it/s]
ROP:  18%|█▊        | 40955/221505 [02:51<12:35, 239.03it/s]
ROP:  19%|█▊        | 41020/221505 [02:51<12:34, 239.20it/s]
ROP:  19%|█▊        | 41125/221505 [02:51<12:32, 239.68it/s]
ROP:  19%|█▊        | 41230/221505 [02:52<12:33, 239.15it/s]
ROP:  19%|█▊        | 41253/221505 [02:52<12:33, 239.09it/s]
ROP:  19%|█▊        | 41344/221505 [02:52<12:32, 239.47it/s]
ROP:  19%|█▊        | 41435/221505 [02:53<12:31, 239.49it/s]
ROP:  19%|█▊        | 41526/221505 [02:53<12:32, 239.23it/s]
ROP:  19%|█▉        | 41549/221505 [02:53<12:32, 239.16it/s]
ROP:  19%|█▉        | 41589/221505 [02:53<12:32, 239.05it/s]
ROP:  19%|█▉        | 41629/221505 [02:54<12:32, 239.01it/s]
ROP:  19%|█▉        | 41669/221505 [02:54<12:32, 239.02it/s]
ROP:  19%|█▉        | 41709/221505 [02:54<12:33, 238.63it/s]
ROP:  19%|█▉        | 41749/221505 [02:55<12:34, 238.12it/s]
ROP:  19%|█▉        | 41757/221505 [02:55<12:35, 237.95it/s]
ROP:  19%|█▉        | 41765/221505 [02:55<12:35, 237.82it/s]
ROP:  19%|█▉        | 41773/221505 [02:55<12:36, 237.55it/s]
ROP:  19%|█▉        | 41781/221505 [02:56<12:37, 237.37it/s]
ROP:  19%|█▉        | 41789/221505 [02:56<12:37, 237.22it/s]
ROP:  19%|█▉        | 41800/221505 [02:56<12:37, 237.10it/s]
ROP:  19%|█▉        | 41812/221505 [02:56<12:38, 236.95it/s]
ROP:  19%|█▉        | 41881/221505 [02:56<12:37, 237.12it/s]
ROP:  19%|█▉        | 41964/221505 [02:56<12:36, 237.37it/s]
ROP:  19%|█▉        | 42047/221505 [02:57<12:35, 237.51it/s]
ROP:  19%|█▉        | 42130/221505 [02:57<12:35, 237.56it/s]
ROP:  19%|█▉        | 42213/221505 [02:57<12:35, 237.34it/s]
ROP:  19%|█▉        | 42262/221505 [02:57<12:34, 237.44it/s]
ROP:  19%|█▉        | 42311/221505 [02:58<12:34, 237.40it/s]
ROP:  19%|█▉        | 42406/221505 [02:58<12:33, 237.80it/s]
ROP:  19%|█▉        | 42501/221505 [02:58<12:31, 238.04it/s]
ROP:  19%|█▉        | 42596/221505 [02:58<12:31, 238.15it/s]
ROP:  19%|█▉        | 42691/221505 [02:59<12:30, 238.20it/s]
ROP:  19%|█▉        | 42786/221505 [02:59<12:29, 238.41it/s]
ROP:  19%|█▉        | 42786/221505 [03:00<12:31, 237.68it/s]
ROP:  19%|█▉        | 42808/221505 [03:00<12:31, 237.68it/s]
ROP:  19%|█▉        | 42813/221505 [03:00<12:32, 237.51it/s]
ROP:  19%|█▉        | 42826/221505 [03:00<12:32, 237.43it/s]
ROP:  19%|█▉        | 42839/221505 [03:00<12:32, 237.31it/s]
ROP:  19%|█▉        | 42891/221505 [03:00<12:32, 237.44it/s]
ROP:  19%|█▉        | 42943/221505 [03:01<12:33, 237.01it/s]
ROP:  19%|█▉        | 43103/221505 [03:01<12:30, 237.76it/s]
ROP:  20%|█▉        | 43291/221505 [03:01<12:27, 238.55it/s]
ROP:  20%|█▉        | 43479/221505 [03:03<12:30, 237.17it/s]
ROP:  20%|█▉        | 43490/221505 [03:03<12:31, 236.82it/s]
ROP:  20%|█▉        | 43501/221505 [03:03<12:32, 236.47it/s]
ROP:  20%|█▉        | 43512/221505 [03:04<12:33, 236.29it/s]
ROP:  20%|█▉        | 43523/221505 [03:04<12:33, 236.20it/s]
ROP:  20%|█▉        | 43534/221505 [03:04<12:34, 235.82it/s]
ROP:  20%|█▉        | 43545/221505 [03:04<12:35, 235.53it/s]
ROP:  20%|█▉        | 43557/221505 [03:05<12:35, 235.41it/s]
ROP:  20%|█▉        | 43571/221505 [03:05<12:36, 235.31it/s]
ROP:  20%|█▉        | 43585/221505 [03:05<12:36, 235.22it/s]
ROP:  20%|█▉        | 43599/221505 [03:05<12:36, 235.05it/s]
ROP:  20%|█▉        | 43613/221505 [03:05<12:38, 234.58it/s]
ROP:  20%|█▉        | 43627/221505 [03:06<12:39, 234.27it/s]
ROP:  20%|█▉        | 43652/221505 [03:06<12:39, 234.20it/s]
ROP:  20%|█▉        | 43700/221505 [03:06<12:38, 234.30it/s]
ROP:  20%|█▉        | 43748/221505 [03:06<12:39, 234.17it/s]
ROP:  20%|█▉        | 43796/221505 [03:07<12:39, 234.02it/s]
ROP:  20%|█▉        | 43844/221505 [03:07<12:39, 234.04it/s]
ROP:  20%|█▉        | 43892/221505 [03:07<12:39, 233.87it/s]
ROP:  20%|█▉        | 43957/221505 [03:07<12:38, 234.05it/s]
ROP:  20%|█▉        | 44022/221505 [03:08<12:38, 234.10it/s]
ROP:  20%|█▉        | 44087/221505 [03:08<12:40, 233.39it/s]
ROP:  20%|█▉        | 44099/221505 [03:09<12:40, 233.26it/s]
ROP:  20%|█▉        | 44111/221505 [03:09<12:40, 233.19it/s]
ROP:  20%|█▉        | 44123/221505 [03:09<12:41, 232.89it/s]
ROP:  20%|█▉        | 44135/221505 [03:09<12:42, 232.56it/s]
ROP:  20%|█▉        | 44170/221505 [03:09<12:42, 232.58it/s]
ROP:  20%|█▉        | 44205/221505 [03:10<12:42, 232.59it/s]
ROP:  20%|█▉        | 44290/221505 [03:10<12:41, 232.86it/s]
ROP:  20%|██        | 44375/221505 [03:10<12:40, 232.87it/s]
ROP:  20%|██        | 44460/221505 [03:10<12:39, 233.11it/s]
ROP:  20%|██        | 44545/221505 [03:11<12:39, 233.10it/s]
ROP:  20%|██        | 44630/221505 [03:11<12:40, 232.66it/s]
ROP:  20%|██        | 44654/221505 [03:11<12:40, 232.64it/s]
ROP:  20%|██        | 44699/221505 [03:12<12:39, 232.74it/s]
ROP:  20%|██        | 44744/221505 [03:12<12:40, 232.45it/s]
ROP:  20%|██        | 44789/221505 [03:12<12:40, 232.37it/s]
ROP:  20%|██        | 44863/221505 [03:12<12:39, 232.54it/s]
ROP:  20%|██        | 44937/221505 [03:13<12:39, 232.48it/s]
ROP:  20%|██        | 45011/221505 [03:13<12:38, 232.70it/s]
ROP:  20%|██        | 45085/221505 [03:13<12:37, 232.78it/s]
ROP:  20%|██        | 45159/221505 [03:13<12:37, 232.94it/s]
ROP:  20%|██        | 45248/221505 [03:14<12:35, 233.22it/s]
ROP:  20%|██        | 45337/221505 [03:15<12:40, 231.61it/s]
ROP:  20%|██        | 45360/221505 [03:15<12:40, 231.55it/s]
ROP:  20%|██        | 45396/221505 [03:16<12:40, 231.61it/s]
ROP:  21%|██        | 45449/221505 [03:16<12:39, 231.75it/s]
ROP:  21%|██        | 45503/221505 [03:16<12:38, 231.89it/s]
ROP:  21%|██        | 45557/221505 [03:16<12:38, 231.83it/s]
ROP:  21%|██        | 45673/221505 [03:16<12:37, 232.25it/s]
ROP:  21%|██        | 45789/221505 [03:18<12:40, 231.01it/s]
ROP:  21%|██        | 45809/221505 [03:18<12:40, 230.98it/s]
ROP:  21%|██        | 45829/221505 [03:18<12:40, 230.93it/s]
ROP:  21%|██        | 45849/221505 [03:18<12:41, 230.75it/s]
ROP:  21%|██        | 45904/221505 [03:18<12:40, 230.87it/s]
ROP:  21%|██        | 45959/221505 [03:19<12:40, 230.81it/s]
ROP:  21%|██        | 46014/221505 [03:19<12:40, 230.83it/s]
ROP:  21%|██        | 46089/221505 [03:19<12:39, 231.08it/s]
ROP:  21%|██        | 46164/221505 [03:19<12:39, 230.88it/s]
ROP:  21%|██        | 46239/221505 [03:20<12:39, 230.88it/s]
ROP:  21%|██        | 46314/221505 [03:21<12:40, 230.37it/s]
ROP:  21%|██        | 46345/221505 [03:21<12:40, 230.34it/s]
ROP:  21%|██        | 46376/221505 [03:21<12:40, 230.19it/s]
ROP:  21%|██        | 46407/221505 [03:21<12:41, 230.08it/s]
ROP:  21%|██        | 46440/221505 [03:21<12:40, 230.10it/s]
ROP:  21%|██        | 46473/221505 [03:22<12:42, 229.62it/s]
ROP:  21%|██        | 46541/221505 [03:22<12:41, 229.80it/s]
ROP:  21%|██        | 46609/221505 [03:22<12:41, 229.73it/s]
ROP:  21%|██        | 46677/221505 [03:23<12:40, 229.77it/s]
ROP:  21%|██        | 46773/221505 [03:23<12:39, 230.03it/s]
ROP:  21%|██        | 46869/221505 [03:24<12:41, 229.34it/s]
ROP:  21%|██        | 46900/221505 [03:24<12:41, 229.29it/s]
ROP:  21%|██        | 46931/221505 [03:24<12:42, 229.01it/s]
ROP:  21%|██        | 46962/221505 [03:25<12:42, 228.99it/s]
ROP:  21%|██        | 46996/221505 [03:25<12:42, 228.99it/s]
ROP:  21%|██        | 47030/221505 [03:25<12:41, 229.00it/s]
ROP:  21%|██        | 47064/221505 [03:25<12:42, 228.90it/s]
ROP:  21%|██▏       | 47154/221505 [03:25<12:40, 229.20it/s]
ROP:  21%|██▏       | 47244/221505 [03:27<12:44, 227.93it/s]
ROP:  21%|██▏       | 47269/221505 [03:27<12:44, 227.90it/s]
ROP:  21%|██▏       | 47296/221505 [03:27<12:44, 227.89it/s]
ROP:  21%|██▏       | 47335/221505 [03:27<12:44, 227.94it/s]
ROP:  21%|██▏       | 47374/221505 [03:28<12:45, 227.34it/s]
ROP:  21%|██▏       | 47380/221505 [03:28<12:46, 227.13it/s]
ROP:  21%|██▏       | 47387/221505 [03:28<12:47, 227.01it/s]
ROP:  21%|██▏       | 47394/221505 [03:28<12:47, 226.84it/s]
ROP:  21%|██▏       | 47402/221505 [03:29<12:48, 226.66it/s]
ROP:  21%|██▏       | 47415/221505 [03:29<12:48, 226.56it/s]
ROP:  21%|██▏       | 47428/221505 [03:29<12:49, 226.33it/s]
ROP:  21%|██▏       | 47441/221505 [03:29<12:50, 226.04it/s]
ROP:  21%|██▏       | 47457/221505 [03:30<12:50, 225.96it/s]
ROP:  21%|██▏       | 47473/221505 [03:30<12:51, 225.68it/s]
ROP:  21%|██▏       | 47489/221505 [03:30<12:51, 225.53it/s]
ROP:  21%|██▏       | 47534/221505 [03:30<12:51, 225.58it/s]
ROP:  21%|██▏       | 47579/221505 [03:31<12:51, 225.38it/s]
ROP:  22%|██▏       | 47624/221505 [03:31<12:52, 225.13it/s]
ROP:  22%|██▏       | 47685/221505 [03:31<12:51, 225.31it/s]
ROP:  22%|██▏       | 47746/221505 [03:32<12:52, 225.06it/s]
ROP:  22%|██▏       | 47898/221505 [03:32<12:49, 225.67it/s]
ROP:  22%|██▏       | 48050/221505 [03:32<12:48, 225.69it/s]
ROP:  22%|██▏       | 48074/221505 [03:33<12:49, 225.38it/s]
ROP:  22%|██▏       | 48122/221505 [03:33<12:48, 225.49it/s]
ROP:  22%|██▏       | 48170/221505 [03:33<12:48, 225.60it/s]
ROP:  22%|██▏       | 48259/221505 [03:33<12:47, 225.86it/s]
ROP:  22%|██▏       | 48348/221505 [03:35<12:51, 224.54it/s]
ROP:  22%|██▏       | 48413/221505 [03:35<12:50, 224.67it/s]
ROP:  22%|██▏       | 48478/221505 [03:36<12:51, 224.38it/s]
ROP:  22%|██▏       | 48490/221505 [03:36<12:51, 224.13it/s]
ROP:  22%|██▏       | 48524/221505 [03:36<12:51, 224.17it/s]
ROP:  22%|██▏       | 48558/221505 [03:36<12:51, 224.06it/s]
ROP:  22%|██▏       | 48592/221505 [03:37<12:52, 223.86it/s]
ROP:  22%|██▏       | 48626/221505 [03:37<12:52, 223.85it/s]
ROP:  22%|██▏       | 48660/221505 [03:37<12:53, 223.49it/s]
ROP:  22%|██▏       | 48691/221505 [03:37<12:53, 223.51it/s]
ROP:  22%|██▏       | 48722/221505 [03:37<12:52, 223.55it/s]
ROP:  22%|██▏       | 48753/221505 [03:38<12:53, 223.35it/s]
ROP:  22%|██▏       | 48788/221505 [03:38<12:53, 223.36it/s]
ROP:  22%|██▏       | 48851/221505 [03:38<12:52, 223.54it/s]
ROP:  22%|██▏       | 48914/221505 [03:38<12:52, 223.52it/s]
ROP:  22%|██▏       | 48977/221505 [03:39<12:51, 223.52it/s]
ROP:  22%|██▏       | 49040/221505 [03:39<12:53, 223.09it/s]
ROP:  22%|██▏       | 49049/221505 [03:39<12:53, 222.98it/s]
ROP:  22%|██▏       | 49058/221505 [03:40<12:54, 222.77it/s]
ROP:  22%|██▏       | 49093/221505 [03:40<12:53, 222.79it/s]
ROP:  22%|██▏       | 49128/221505 [03:40<12:54, 222.45it/s]
ROP:  22%|██▏       | 49163/221505 [03:41<12:55, 222.37it/s]
ROP:  22%|██▏       | 49204/221505 [03:41<12:54, 222.44it/s]
ROP:  22%|██▏       | 49245/221505 [03:41<12:56, 221.92it/s]
ROP:  22%|██▏       | 49251/221505 [03:42<12:56, 221.70it/s]
ROP:  22%|██▏       | 49288/221505 [03:42<12:56, 221.76it/s]
ROP:  22%|██▏       | 49325/221505 [03:42<12:56, 221.73it/s]
ROP:  22%|██▏       | 49362/221505 [03:42<12:56, 221.61it/s]
ROP:  22%|██▏       | 49399/221505 [03:42<12:56, 221.63it/s]
ROP:  22%|██▏       | 49436/221505 [03:43<12:57, 221.34it/s]
ROP:  22%|██▏       | 49473/221505 [03:43<12:57, 221.34it/s]
ROP:  22%|██▏       | 49510/221505 [03:43<12:57, 221.34it/s]
ROP:  22%|██▏       | 49547/221505 [03:44<12:57, 221.13it/s]
ROP:  22%|██▏       | 49584/221505 [03:44<12:57, 221.09it/s]
ROP:  22%|██▏       | 49621/221505 [03:44<12:59, 220.57it/s]
ROP:  22%|██▏       | 49668/221505 [03:45<12:58, 220.67it/s]
ROP:  22%|██▏       | 49718/221505 [03:45<12:58, 220.80it/s]
ROP:  22%|██▏       | 49768/221505 [03:45<12:57, 220.78it/s]
ROP:  22%|██▏       | 49818/221505 [03:45<12:57, 220.88it/s]
ROP:  23%|██▎       | 49868/221505 [03:45<12:56, 220.93it/s]
ROP:  23%|██▎       | 49966/221505 [03:45<12:55, 221.24it/s]
ROP:  23%|██▎       | 50064/221505 [03:46<12:55, 220.98it/s]
ROP:  23%|██▎       | 50078/221505 [03:46<12:56, 220.85it/s]
ROP:  23%|██▎       | 50092/221505 [03:46<12:56, 220.78it/s]
ROP:  23%|██▎       | 50118/221505 [03:47<12:56, 220.74it/s]
ROP:  23%|██▎       | 50148/221505 [03:47<12:56, 220.75it/s]
ROP:  23%|██▎       | 50189/221505 [03:47<12:55, 220.80it/s]
ROP:  23%|██▎       | 50230/221505 [03:47<12:55, 220.79it/s]
ROP:  23%|██▎       | 50271/221505 [03:47<12:56, 220.63it/s]
ROP:  23%|██▎       | 50312/221505 [03:48<12:55, 220.66it/s]
ROP:  23%|██▎       | 50353/221505 [03:48<12:57, 220.12it/s]
ROP:  23%|██▎       | 50380/221505 [03:48<12:57, 220.11it/s]
ROP:  23%|██▎       | 50407/221505 [03:49<12:58, 219.75it/s]
ROP:  23%|██▎       | 50413/221505 [03:49<12:59, 219.47it/s]
ROP:  23%|██▎       | 50444/221505 [03:49<12:59, 219.47it/s]
ROP:  23%|██▎       | 50475/221505 [03:50<13:00, 219.03it/s]
ROP:  23%|██▎       | 50501/221505 [03:50<13:00, 219.04it/s]
ROP:  23%|██▎       | 50529/221505 [03:50<13:00, 219.05it/s]
ROP:  23%|██▎       | 50557/221505 [03:50<13:01, 218.88it/s]
ROP:  23%|██▎       | 50585/221505 [03:51<13:01, 218.62it/s]
ROP:  23%|██▎       | 50613/221505 [03:51<13:02, 218.44it/s]
ROP:  23%|██▎       | 50641/221505 [03:51<13:02, 218.36it/s]
ROP:  23%|██▎       | 50669/221505 [03:52<13:03, 217.94it/s]
ROP:  23%|██▎       | 50675/221505 [03:52<13:04, 217.84it/s]
ROP:  23%|██▎       | 50684/221505 [03:52<13:04, 217.72it/s]
ROP:  23%|██▎       | 50693/221505 [03:53<13:05, 217.35it/s]
ROP:  23%|██▎       | 50702/221505 [03:53<13:06, 217.23it/s]
ROP:  23%|██▎       | 50715/221505 [03:53<13:06, 217.15it/s]
ROP:  23%|██▎       | 50728/221505 [03:53<13:07, 216.97it/s]
ROP:  23%|██▎       | 50741/221505 [03:54<13:08, 216.70it/s]
ROP:  23%|██▎       | 50754/221505 [03:54<13:08, 216.45it/s]
ROP:  23%|██▎       | 50767/221505 [03:54<13:09, 216.23it/s]
ROP:  23%|██▎       | 50780/221505 [03:55<13:10, 216.01it/s]
ROP:  23%|██▎       | 50793/221505 [03:55<13:10, 215.84it/s]
ROP:  23%|██▎       | 50811/221505 [03:55<13:10, 215.82it/s]
ROP:  23%|██▎       | 50838/221505 [03:55<13:10, 215.81it/s]
ROP:  23%|██▎       | 50865/221505 [03:56<13:12, 215.31it/s]
ROP:  23%|██▎       | 50909/221505 [03:56<13:12, 215.35it/s]
ROP:  23%|██▎       | 50953/221505 [03:56<13:12, 215.34it/s]
ROP:  23%|██▎       | 50997/221505 [03:57<13:12, 215.04it/s]
ROP:  23%|██▎       | 51032/221505 [03:57<13:12, 215.09it/s]
ROP:  23%|██▎       | 51067/221505 [03:57<13:12, 214.97it/s]
ROP:  23%|██▎       | 51107/221505 [03:57<13:12, 215.02it/s]
ROP:  23%|██▎       | 51147/221505 [03:57<13:12, 214.93it/s]
ROP:  23%|██▎       | 51187/221505 [03:58<13:12, 214.81it/s]
ROP:  23%|██▎       | 51249/221505 [03:58<13:11, 214.98it/s]
ROP:  23%|██▎       | 51316/221505 [03:58<13:10, 215.16it/s]
ROP:  23%|██▎       | 51383/221505 [03:58<13:10, 215.33it/s]
ROP:  23%|██▎       | 51450/221505 [03:58<13:09, 215.42it/s]
ROP:  23%|██▎       | 51517/221505 [03:59<13:09, 215.41it/s]
ROP:  23%|██▎       | 51584/221505 [03:59<13:08, 215.37it/s]
ROP:  23%|██▎       | 51748/221505 [03:59<13:06, 215.89it/s]
ROP:  23%|██▎       | 51912/221505 [04:00<13:06, 215.72it/s]
ROP:  23%|██▎       | 51971/221505 [04:00<13:05, 215.88it/s]
ROP:  23%|██▎       | 52030/221505 [04:01<13:05, 215.76it/s]
ROP:  24%|██▎       | 52089/221505 [04:01<13:05, 215.78it/s]
ROP:  24%|██▎       | 52148/221505 [04:01<13:04, 215.75it/s]
ROP:  24%|██▎       | 52207/221505 [04:01<13:04, 215.82it/s]
ROP:  24%|██▎       | 52266/221505 [04:02<13:03, 215.95it/s]
ROP:  24%|██▎       | 52325/221505 [04:02<13:04, 215.63it/s]
ROP:  24%|██▎       | 52341/221505 [04:02<13:04, 215.60it/s]
ROP:  24%|██▎       | 52357/221505 [04:03<13:06, 215.08it/s]
ROP:  24%|██▎       | 52447/221505 [04:03<13:05, 215.36it/s]
ROP:  24%|██▎       | 52537/221505 [04:03<13:03, 215.58it/s]
ROP:  24%|██▍       | 52687/221505 [04:03<13:01, 216.10it/s]
ROP:  24%|██▍       | 52837/221505 [04:04<13:02, 215.66it/s]
ROP:  24%|██▍       | 52850/221505 [04:05<13:02, 215.59it/s]
ROP:  24%|██▍       | 52908/221505 [04:05<13:01, 215.73it/s]
ROP:  24%|██▍       | 52966/221505 [04:05<13:00, 215.86it/s]
ROP:  24%|██▍       | 53024/221505 [04:06<13:01, 215.51it/s]
ROP:  24%|██▍       | 53066/221505 [04:06<13:01, 215.56it/s]
ROP:  24%|██▍       | 53108/221505 [04:06<13:01, 215.47it/s]
ROP:  24%|██▍       | 53153/221505 [04:06<13:01, 215.51it/s]
ROP:  24%|██▍       | 53198/221505 [04:07<13:01, 215.31it/s]
ROP:  24%|██▍       | 53243/221505 [04:08<13:04, 214.61it/s]
ROP:  24%|██▍       | 53255/221505 [04:08<13:04, 214.53it/s]
ROP:  24%|██▍       | 53279/221505 [04:08<13:04, 214.48it/s]
ROP:  24%|██▍       | 53306/221505 [04:08<13:04, 214.46it/s]
ROP:  24%|██▍       | 53333/221505 [04:08<13:04, 214.29it/s]
ROP:  24%|██▍       | 53470/221505 [04:08<13:02, 214.75it/s]
ROP:  24%|██▍       | 53607/221505 [04:09<13:01, 214.85it/s]
ROP:  24%|██▍       | 53634/221505 [04:09<13:01, 214.70it/s]
ROP:  24%|██▍       | 53661/221505 [04:10<13:03, 214.31it/s]
ROP:  24%|██▍       | 53722/221505 [04:10<13:02, 214.43it/s]
ROP:  24%|██▍       | 53783/221505 [04:10<13:02, 214.33it/s]
ROP:  24%|██▍       | 53909/221505 [04:11<13:00, 214.74it/s]
ROP:  24%|██▍       | 54035/221505 [04:11<12:58, 215.15it/s]
ROP:  24%|██▍       | 54161/221505 [04:11<12:56, 215.56it/s]
ROP:  25%|██▍       | 54287/221505 [04:11<12:55, 215.68it/s]
ROP:  25%|██▍       | 54413/221505 [04:12<12:53, 215.89it/s]
ROP:  25%|██▍       | 54539/221505 [04:12<12:52, 216.08it/s]
ROP:  25%|██▍       | 54665/221505 [04:13<12:53, 215.64it/s]
ROP:  25%|██▍       | 54681/221505 [04:13<12:53, 215.62it/s]
ROP:  25%|██▍       | 54752/221505 [04:13<12:52, 215.79it/s]
ROP:  25%|██▍       | 54823/221505 [04:13<12:51, 215.93it/s]
ROP:  25%|██▍       | 54894/221505 [04:14<12:51, 216.10it/s]
ROP:  25%|██▍       | 54989/221505 [04:14<12:49, 216.39it/s]
ROP:  25%|██▍       | 55084/221505 [04:15<12:50, 215.95it/s]
ROP:  25%|██▍       | 55108/221505 [04:15<12:50, 215.92it/s]
ROP:  25%|██▍       | 55132/221505 [04:15<12:51, 215.69it/s]
ROP:  25%|██▍       | 55156/221505 [04:15<12:51, 215.66it/s]
ROP:  25%|██▍       | 55180/221505 [04:16<12:52, 215.37it/s]
ROP:  25%|██▍       | 55204/221505 [04:16<12:52, 215.35it/s]
ROP:  25%|██▍       | 55228/221505 [04:16<12:52, 215.31it/s]
ROP:  25%|██▍       | 55252/221505 [04:16<12:52, 215.10it/s]
ROP:  25%|██▍       | 55276/221505 [04:17<12:53, 215.03it/s]
ROP:  25%|██▍       | 55309/221505 [04:17<12:52, 215.06it/s]
ROP:  25%|██▍       | 55342/221505 [04:17<12:52, 215.00it/s]
ROP:  25%|██▌       | 55381/221505 [04:17<12:52, 215.06it/s]
ROP:  25%|██▌       | 55420/221505 [04:17<12:52, 215.09it/s]
ROP:  25%|██▌       | 55459/221505 [04:18<12:52, 214.91it/s]
ROP:  25%|██▌       | 55529/221505 [04:18<12:51, 215.05it/s]
ROP:  25%|██▌       | 55599/221505 [04:18<12:51, 215.12it/s]
ROP:  25%|██▌       | 55669/221505 [04:19<12:51, 214.91it/s]
ROP:  25%|██▌       | 55720/221505 [04:19<12:50, 215.03it/s]
ROP:  25%|██▌       | 55771/221505 [04:19<12:50, 215.05it/s]
ROP:  25%|██▌       | 55822/221505 [04:19<12:51, 214.81it/s]
ROP:  25%|██▌       | 55918/221505 [04:19<12:49, 215.08it/s]
ROP:  25%|██▌       | 56014/221505 [04:20<12:48, 215.30it/s]
ROP:  25%|██▌       | 56110/221505 [04:20<12:47, 215.48it/s]
ROP:  25%|██▌       | 56206/221505 [04:20<12:46, 215.70it/s]
ROP:  25%|██▌       | 56353/221505 [04:20<12:44, 216.13it/s]
ROP:  26%|██▌       | 56500/221505 [04:21<12:44, 215.90it/s]
ROP:  26%|██▌       | 56543/221505 [04:21<12:43, 215.96it/s]
ROP:  26%|██▌       | 56586/221505 [04:22<12:43, 215.97it/s]
ROP:  26%|██▌       | 56629/221505 [04:22<12:43, 216.01it/s]
ROP:  26%|██▌       | 56701/221505 [04:22<12:42, 216.19it/s]
ROP:  26%|██▌       | 56773/221505 [04:22<12:42, 216.15it/s]
ROP:  26%|██▌       | 56845/221505 [04:23<12:42, 216.03it/s]
ROP:  26%|██▌       | 56917/221505 [04:23<12:42, 215.78it/s]
ROP:  26%|██▌       | 56940/221505 [04:23<12:42, 215.74it/s]
ROP:  26%|██▌       | 56981/221505 [04:24<12:42, 215.79it/s]
ROP:  26%|██▌       | 57022/221505 [04:24<12:42, 215.79it/s]
ROP:  26%|██▌       | 57063/221505 [04:24<12:41, 215.84it/s]
ROP:  26%|██▌       | 57104/221505 [04:24<12:41, 215.91it/s]
ROP:  26%|██▌       | 57165/221505 [04:24<12:40, 216.04it/s]
ROP:  26%|██▌       | 57226/221505 [04:24<12:40, 216.00it/s]
ROP:  26%|██▌       | 57287/221505 [04:25<12:41, 215.69it/s]
ROP:  26%|██▌       | 57326/221505 [04:25<12:41, 215.70it/s]
ROP:  26%|██▌       | 57365/221505 [04:26<12:41, 215.57it/s]
ROP:  26%|██▌       | 57404/221505 [04:26<12:41, 215.38it/s]
ROP:  26%|██▌       | 57455/221505 [04:26<12:41, 215.49it/s]
ROP:  26%|██▌       | 57506/221505 [04:26<12:41, 215.43it/s]
ROP:  26%|██▌       | 57557/221505 [04:27<12:41, 215.40it/s]
ROP:  26%|██▌       | 57608/221505 [04:27<12:41, 215.32it/s]
ROP:  26%|██▌       | 57729/221505 [04:27<12:39, 215.69it/s]
ROP:  26%|██▌       | 57850/221505 [04:28<12:40, 215.21it/s]
ROP:  26%|██▌       | 57864/221505 [04:28<12:40, 215.17it/s]
ROP:  26%|██▌       | 57878/221505 [04:29<12:40, 215.14it/s]
ROP:  26%|██▌       | 57927/221505 [04:29<12:39, 215.24it/s]
ROP:  26%|██▌       | 57976/221505 [04:29<12:39, 215.25it/s]
ROP:  26%|██▌       | 58054/221505 [04:29<12:38, 215.44it/s]
ROP:  26%|██▌       | 58132/221505 [04:29<12:38, 215.33it/s]
ROP:  26%|██▋       | 58223/221505 [04:30<12:37, 215.57it/s]
ROP:  26%|██▋       | 58314/221505 [04:30<12:37, 215.39it/s]
ROP:  26%|██▋       | 58351/221505 [04:30<12:37, 215.43it/s]
ROP:  26%|██▋       | 58388/221505 [04:31<12:37, 215.28it/s]
ROP:  26%|██▋       | 58449/221505 [04:31<12:37, 215.39it/s]
ROP:  26%|██▋       | 58510/221505 [04:31<12:36, 215.51it/s]
ROP:  26%|██▋       | 58588/221505 [04:31<12:35, 215.70it/s]
ROP:  26%|██▋       | 58666/221505 [04:32<12:37, 214.99it/s]
ROP:  27%|██▋       | 58721/221505 [04:33<12:36, 215.09it/s]
ROP:  27%|██▋       | 58776/221505 [04:33<12:36, 215.12it/s]
ROP:  27%|██▋       | 58831/221505 [04:33<12:35, 215.18it/s]
ROP:  27%|██▋       | 58886/221505 [04:33<12:35, 215.25it/s]
ROP:  27%|██▋       | 59001/221505 [04:33<12:33, 215.54it/s]
ROP:  27%|██▋       | 59116/221505 [04:34<12:32, 215.67it/s]
ROP:  27%|██▋       | 59231/221505 [04:34<12:32, 215.64it/s]
ROP:  27%|██▋       | 59254/221505 [04:34<12:32, 215.49it/s]
ROP:  27%|██▋       | 59277/221505 [04:35<12:33, 215.26it/s]
ROP:  27%|██▋       | 59314/221505 [04:35<12:33, 215.31it/s]
ROP:  27%|██▋       | 59351/221505 [04:35<12:33, 215.18it/s]
ROP:  27%|██▋       | 59388/221505 [04:36<12:34, 214.96it/s]
ROP:  27%|██▋       | 59428/221505 [04:36<12:33, 214.99it/s]
ROP:  27%|██▋       | 59468/221505 [04:36<12:34, 214.84it/s]
ROP:  27%|██▋       | 59508/221505 [04:37<12:34, 214.76it/s]
ROP:  27%|██▋       | 59548/221505 [04:37<12:35, 214.45it/s]
ROP:  27%|██▋       | 59568/221505 [04:37<12:35, 214.43it/s]
ROP:  27%|██▋       | 59650/221505 [04:38<12:34, 214.56it/s]
ROP:  27%|██▋       | 59732/221505 [04:38<12:33, 214.56it/s]
ROP:  27%|██▋       | 59814/221505 [04:38<12:34, 214.41it/s]
ROP:  27%|██▋       | 59935/221505 [04:39<12:32, 214.77it/s]
ROP:  27%|██▋       | 60056/221505 [04:39<12:31, 214.83it/s]
ROP:  27%|██▋       | 60177/221505 [04:40<12:31, 214.64it/s]
ROP:  27%|██▋       | 60251/221505 [04:40<12:30, 214.82it/s]
ROP:  27%|██▋       | 60325/221505 [04:40<12:29, 215.00it/s]
ROP:  27%|██▋       | 60399/221505 [04:40<12:28, 215.15it/s]
ROP:  27%|██▋       | 60473/221505 [04:41<12:28, 215.04it/s]
ROP:  27%|██▋       | 60547/221505 [04:41<12:28, 215.18it/s]
ROP:  27%|██▋       | 60621/221505 [04:41<12:27, 215.25it/s]
ROP:  27%|██▋       | 60795/221505 [04:41<12:24, 215.77it/s]
ROP:  28%|██▊       | 60969/221505 [04:42<12:24, 215.64it/s]
ROP:  28%|██▊       | 61002/221505 [04:42<12:24, 215.65it/s]
ROP:  28%|██▊       | 61035/221505 [04:43<12:24, 215.60it/s]
ROP:  28%|██▊       | 61068/221505 [04:43<12:24, 215.61it/s]
ROP:  28%|██▊       | 61101/221505 [04:43<12:24, 215.48it/s]
ROP:  28%|██▊       | 61134/221505 [04:43<12:24, 215.30it/s]
ROP:  28%|██▊       | 61167/221505 [04:44<12:25, 215.13it/s]
ROP:  28%|██▊       | 61200/221505 [04:44<12:25, 215.10it/s]
ROP:  28%|██▊       | 61233/221505 [04:45<12:26, 214.84it/s]
ROP:  28%|██▊       | 61256/221505 [04:45<12:25, 214.84it/s]
ROP:  28%|██▊       | 61279/221505 [04:45<12:27, 214.45it/s]
ROP:  28%|██▊       | 61293/221505 [04:45<12:27, 214.43it/s]
ROP:  28%|██▊       | 61307/221505 [04:46<12:27, 214.24it/s]
ROP:  28%|██▊       | 61329/221505 [04:46<12:27, 214.23it/s]
ROP:  28%|██▊       | 61351/221505 [04:46<12:27, 214.20it/s]
ROP:  28%|██▊       | 61393/221505 [04:46<12:27, 214.22it/s]
ROP:  28%|██▊       | 61435/221505 [04:46<12:27, 214.26it/s]
ROP:  28%|██▊       | 61477/221505 [04:46<12:26, 214.28it/s]
ROP:  28%|██▊       | 61519/221505 [04:47<12:26, 214.21it/s]
ROP:  28%|██▊       | 61562/221505 [04:47<12:26, 214.29it/s]
ROP:  28%|██▊       | 61605/221505 [04:47<12:27, 213.96it/s]
ROP:  28%|██▊       | 61613/221505 [04:48<12:27, 213.87it/s]
ROP:  28%|██▊       | 61649/221505 [04:48<12:27, 213.91it/s]
ROP:  28%|██▊       | 61707/221505 [04:48<12:26, 214.03it/s]
ROP:  28%|██▊       | 61779/221505 [04:48<12:25, 214.18it/s]
ROP:  28%|██▊       | 61851/221505 [04:48<12:25, 214.07it/s]
ROP:  28%|██▊       | 61923/221505 [04:49<12:25, 214.02it/s]
ROP:  28%|██▊       | 61995/221505 [04:49<12:25, 214.04it/s]
ROP:  28%|██▊       | 62067/221505 [04:49<12:24, 214.21it/s]
ROP:  28%|██▊       | 62139/221505 [04:49<12:23, 214.33it/s]
ROP:  28%|██▊       | 62211/221505 [04:50<12:22, 214.49it/s]
ROP:  28%|██▊       | 62326/221505 [04:50<12:21, 214.80it/s]
ROP:  28%|██▊       | 62441/221505 [04:50<12:19, 214.98it/s]
ROP:  28%|██▊       | 62556/221505 [04:50<12:19, 215.07it/s]
ROP:  28%|██▊       | 62671/221505 [04:51<12:17, 215.28it/s]
ROP:  28%|██▊       | 62786/221505 [04:51<12:16, 215.46it/s]
ROP:  28%|██▊       | 62901/221505 [04:51<12:15, 215.53it/s]
ROP:  28%|██▊       | 63016/221505 [04:52<12:14, 215.68it/s]
ROP:  29%|██▊       | 63131/221505 [04:52<12:13, 215.88it/s]
ROP:  29%|██▊       | 63246/221505 [04:52<12:12, 215.96it/s]
ROP:  29%|██▊       | 63361/221505 [04:53<12:12, 215.95it/s]
ROP:  29%|██▊       | 63470/221505 [04:53<12:10, 216.23it/s]
ROP:  29%|██▊       | 63579/221505 [04:54<12:10, 216.13it/s]
ROP:  29%|██▊       | 63641/221505 [04:54<12:09, 216.26it/s]
ROP:  29%|██▉       | 63703/221505 [04:55<12:10, 215.89it/s]
ROP:  29%|██▉       | 63720/221505 [04:55<12:11, 215.83it/s]
ROP:  29%|██▉       | 63854/221505 [04:55<12:09, 216.18it/s]
ROP:  29%|██▉       | 63988/221505 [04:56<12:09, 215.95it/s]
ROP:  29%|██▉       | 64003/221505 [04:56<12:09, 215.84it/s]
ROP:  29%|██▉       | 64036/221505 [04:56<12:09, 215.84it/s]
ROP:  29%|██▉       | 64069/221505 [04:56<12:09, 215.75it/s]
ROP:  29%|██▉       | 64102/221505 [04:57<12:10, 215.62it/s]
ROP:  29%|██▉       | 64135/221505 [04:57<12:10, 215.34it/s]
ROP:  29%|██▉       | 64214/221505 [04:57<12:09, 215.53it/s]
ROP:  29%|██▉       | 64293/221505 [04:58<12:09, 215.57it/s]
ROP:  29%|██▉       | 64372/221505 [04:58<12:08, 215.65it/s]
ROP:  29%|██▉       | 64451/221505 [04:59<12:08, 215.45it/s]
ROP:  29%|██▉       | 64464/221505 [04:59<12:09, 215.29it/s]
ROP:  29%|██▉       | 64482/221505 [04:59<12:09, 215.28it/s]
ROP:  29%|██▉       | 64586/221505 [04:59<12:08, 215.52it/s]
ROP:  29%|██▉       | 64690/221505 [05:00<12:07, 215.54it/s]
ROP:  29%|██▉       | 64794/221505 [05:00<12:06, 215.76it/s]
ROP:  29%|██▉       | 64898/221505 [05:00<12:05, 215.81it/s]
ROP:  29%|██▉       | 65002/221505 [05:01<12:05, 215.81it/s]
ROP:  29%|██▉       | 65106/221505 [05:01<12:04, 215.80it/s]
ROP:  29%|██▉       | 65210/221505 [05:02<12:04, 215.79it/s]
ROP:  29%|██▉       | 65314/221505 [05:02<12:03, 215.88it/s]
ROP:  30%|██▉       | 65418/221505 [05:03<12:04, 215.54it/s]
ROP:  30%|██▉       | 65454/221505 [05:03<12:03, 215.57it/s]
ROP:  30%|██▉       | 65490/221505 [05:03<12:03, 215.54it/s]
ROP:  30%|██▉       | 65526/221505 [05:04<12:04, 215.31it/s]
ROP:  30%|██▉       | 65534/221505 [05:04<12:04, 215.25it/s]
ROP:  30%|██▉       | 65569/221505 [05:04<12:04, 215.25it/s]
ROP:  30%|██▉       | 65604/221505 [05:04<12:04, 215.23it/s]
ROP:  30%|██▉       | 65639/221505 [05:05<12:05, 214.92it/s]
ROP:  30%|██▉       | 65668/221505 [05:05<12:05, 214.93it/s]
ROP:  30%|██▉       | 65704/221505 [05:05<12:04, 214.97it/s]
ROP:  30%|██▉       | 65740/221505 [05:05<12:04, 214.88it/s]
ROP:  30%|██▉       | 65783/221505 [05:06<12:04, 214.93it/s]
ROP:  30%|██▉       | 65826/221505 [05:06<12:04, 214.86it/s]
ROP:  30%|██▉       | 65869/221505 [05:06<12:04, 214.88it/s]
ROP:  30%|██▉       | 65912/221505 [05:06<12:04, 214.84it/s]
ROP:  30%|██▉       | 65955/221505 [05:07<12:04, 214.82it/s]
ROP:  30%|██▉       | 65998/221505 [05:07<12:04, 214.66it/s]
ROP:  30%|██▉       | 66067/221505 [05:07<12:03, 214.82it/s]
ROP:  30%|██▉       | 66136/221505 [05:07<12:03, 214.87it/s]
ROP:  30%|██▉       | 66217/221505 [05:07<12:02, 215.07it/s]
ROP:  30%|██▉       | 66298/221505 [05:08<12:01, 215.10it/s]
ROP:  30%|██▉       | 66379/221505 [05:08<12:00, 215.22it/s]
ROP:  30%|███       | 66460/221505 [05:09<12:01, 214.98it/s]
ROP:  30%|███       | 66472/221505 [05:09<12:01, 214.93it/s]
ROP:  30%|███       | 66515/221505 [05:09<12:00, 214.99it/s]
ROP:  30%|███       | 66558/221505 [05:09<12:00, 214.97it/s]
ROP:  30%|███       | 66608/221505 [05:09<12:00, 215.06it/s]
ROP:  30%|███       | 66658/221505 [05:09<12:00, 215.06it/s]
ROP:  30%|███       | 66708/221505 [05:10<12:00, 214.84it/s]
ROP:  30%|███       | 66787/221505 [05:10<11:59, 215.03it/s]
ROP:  30%|███       | 66872/221505 [05:10<11:58, 215.21it/s]
ROP:  30%|███       | 66957/221505 [05:11<11:57, 215.25it/s]
ROP:  30%|███       | 67042/221505 [05:11<11:56, 215.45it/s]
ROP:  30%|███       | 67127/221505 [05:11<11:56, 215.59it/s]
ROP:  30%|███       | 67212/221505 [05:11<11:55, 215.70it/s]
ROP:  30%|███       | 67297/221505 [05:11<11:54, 215.85it/s]
ROP:  30%|███       | 67382/221505 [05:11<11:53, 216.00it/s]
ROP:  31%|███       | 67613/221505 [05:12<11:50, 216.67it/s]
ROP:  31%|███       | 67844/221505 [05:12<11:48, 216.83it/s]
ROP:  31%|███       | 67891/221505 [05:12<11:48, 216.91it/s]
ROP:  31%|███       | 67944/221505 [05:13<11:47, 216.96it/s]
ROP:  31%|███       | 68006/221505 [05:13<11:47, 216.99it/s]
ROP:  31%|███       | 68068/221505 [05:14<11:48, 216.48it/s]
ROP:  31%|███       | 68095/221505 [05:14<11:48, 216.45it/s]
ROP:  31%|███       | 68122/221505 [05:14<11:49, 216.31it/s]
ROP:  31%|███       | 68149/221505 [05:15<11:49, 216.18it/s]
ROP:  31%|███       | 68262/221505 [05:15<11:47, 216.47it/s]
ROP:  31%|███       | 68375/221505 [05:15<11:46, 216.63it/s]
ROP:  31%|███       | 68488/221505 [05:16<11:47, 216.23it/s]
ROP:  31%|███       | 68499/221505 [05:16<11:47, 216.11it/s]
ROP:  31%|███       | 68510/221505 [05:17<11:48, 216.08it/s]
ROP:  31%|███       | 68521/221505 [05:17<11:48, 215.89it/s]
ROP:  31%|███       | 68539/221505 [05:17<11:48, 215.83it/s]
ROP:  31%|███       | 68567/221505 [05:17<11:48, 215.81it/s]
ROP:  31%|███       | 68595/221505 [05:18<11:49, 215.56it/s]
ROP:  31%|███       | 68601/221505 [05:18<11:49, 215.36it/s]
ROP:  31%|███       | 68610/221505 [05:18<11:50, 215.30it/s]
ROP:  31%|███       | 68619/221505 [05:18<11:50, 215.22it/s]
ROP:  31%|███       | 68628/221505 [05:19<11:51, 214.85it/s]
ROP:  31%|███       | 68637/221505 [05:19<11:51, 214.77it/s]
ROP:  31%|███       | 68646/221505 [05:19<11:51, 214.72it/s]
ROP:  31%|███       | 68655/221505 [05:20<11:52, 214.53it/s]
ROP:  31%|███       | 68664/221505 [05:20<11:52, 214.48it/s]
ROP:  31%|███       | 68676/221505 [05:20<11:52, 214.44it/s]
ROP:  31%|███       | 68688/221505 [05:20<11:53, 214.32it/s]
ROP:  31%|███       | 68700/221505 [05:20<11:53, 214.14it/s]
ROP:  31%|███       | 68712/221505 [05:20<11:53, 214.09it/s]
ROP:  31%|███       | 68724/221505 [05:21<11:54, 213.87it/s]
ROP:  31%|███       | 68736/221505 [05:21<11:55, 213.64it/s]
ROP:  31%|███       | 68748/221505 [05:22<11:56, 213.30it/s]
ROP:  31%|███       | 68755/221505 [05:22<11:56, 213.24it/s]
ROP:  31%|███       | 68762/221505 [05:22<11:57, 212.99it/s]
ROP:  31%|███       | 68769/221505 [05:22<11:57, 212.93it/s]
ROP:  31%|███       | 68776/221505 [05:23<11:58, 212.70it/s]
ROP:  31%|███       | 68783/221505 [05:23<11:58, 212.61it/s]
ROP:  31%|███       | 68790/221505 [05:23<11:59, 212.32it/s]
ROP:  31%|███       | 68891/221505 [05:24<11:57, 212.56it/s]
ROP:  31%|███       | 68992/221505 [05:24<11:57, 212.56it/s]
ROP:  31%|███       | 69093/221505 [05:24<11:56, 212.65it/s]
ROP:  31%|███       | 69194/221505 [05:25<11:56, 212.61it/s]
ROP:  31%|███       | 69214/221505 [05:25<11:56, 212.48it/s]
ROP:  31%|███▏      | 69234/221505 [05:25<11:56, 212.44it/s]
ROP:  31%|███▏      | 69337/221505 [05:26<11:55, 212.67it/s]
ROP:  31%|███▏      | 69440/221505 [05:26<11:55, 212.64it/s]
ROP:  31%|███▏      | 69474/221505 [05:26<11:54, 212.67it/s]
ROP:  31%|███▏      | 69576/221505 [05:26<11:53, 212.87it/s]
ROP:  31%|███▏      | 69678/221505 [05:27<11:53, 212.93it/s]
ROP:  32%|███▏      | 69780/221505 [05:27<11:52, 212.87it/s]
ROP:  32%|███▏      | 69806/221505 [05:27<11:52, 212.88it/s]
ROP:  32%|███▏      | 69832/221505 [05:28<11:53, 212.70it/s]
ROP:  32%|███▏      | 69858/221505 [05:28<11:53, 212.64it/s]
ROP:  32%|███▏      | 69956/221505 [05:28<11:52, 212.77it/s]
ROP:  32%|███▏      | 70054/221505 [05:28<11:51, 213.00it/s]
ROP:  32%|███▏      | 70196/221505 [05:28<11:49, 213.36it/s]
ROP:  32%|███▏      | 70338/221505 [05:29<11:47, 213.64it/s]
ROP:  32%|███▏      | 70507/221505 [05:29<11:45, 214.08it/s]
ROP:  32%|███▏      | 70676/221505 [05:29<11:43, 214.51it/s]
ROP:  32%|███▏      | 71015/221505 [05:29<11:38, 215.47it/s]
ROP:  32%|███▏      | 71354/221505 [05:29<11:34, 216.28it/s]
ROP:  32%|███▏      | 71693/221505 [05:31<11:33, 216.17it/s]
ROP:  32%|███▏      | 71724/221505 [05:31<11:32, 216.17it/s]
ROP:  32%|███▏      | 71755/221505 [05:32<11:33, 216.08it/s]
ROP:  32%|███▏      | 71786/221505 [05:32<11:32, 216.06it/s]
ROP:  32%|███▏      | 71817/221505 [05:32<11:32, 216.01it/s]
ROP:  32%|███▏      | 71860/221505 [05:32<11:32, 216.04it/s]
ROP:  32%|███▏      | 71903/221505 [05:34<11:34, 215.27it/s]
ROP:  32%|███▏      | 71907/221505 [05:34<11:35, 215.20it/s]
ROP:  32%|███▏      | 71912/221505 [05:34<11:35, 215.11it/s]
ROP:  32%|███▏      | 71917/221505 [05:34<11:35, 215.01it/s]
ROP:  32%|███▏      | 71924/221505 [05:34<11:35, 214.92it/s]
ROP:  32%|███▏      | 71931/221505 [05:34<11:36, 214.75it/s]
ROP:  32%|███▏      | 71951/221505 [05:35<11:36, 214.73it/s]
ROP:  32%|███▏      | 71971/221505 [05:35<11:36, 214.72it/s]
ROP:  33%|███▎      | 72050/221505 [05:35<11:35, 214.86it/s]
ROP:  33%|███▎      | 72191/221505 [05:35<11:34, 215.11it/s]
ROP:  33%|███▎      | 72432/221505 [05:35<11:30, 215.76it/s]
ROP:  33%|███▎      | 72673/221505 [05:35<11:27, 216.36it/s]
ROP:  33%|███▎      | 73026/221505 [05:35<11:23, 217.35it/s]
ROP:  33%|███▎      | 73379/221505 [05:37<11:22, 217.16it/s]
ROP:  33%|███▎      | 73398/221505 [05:38<11:22, 216.94it/s]
ROP:  33%|███▎      | 73417/221505 [05:38<11:23, 216.63it/s]
ROP:  33%|███▎      | 73426/221505 [05:39<11:23, 216.56it/s]
ROP:  33%|███▎      | 73435/221505 [05:39<11:24, 216.25it/s]
ROP:  33%|███▎      | 73440/221505 [05:39<11:24, 216.18it/s]
ROP:  33%|███▎      | 73445/221505 [05:40<11:25, 215.95it/s]
ROP:  33%|███▎      | 73455/221505 [05:40<11:25, 215.91it/s]
ROP:  33%|███▎      | 73465/221505 [05:40<11:26, 215.77it/s]
ROP:  33%|███▎      | 73475/221505 [05:40<11:26, 215.50it/s]
ROP:  33%|███▎      | 73485/221505 [05:41<11:27, 215.22it/s]
ROP:  33%|███▎      | 73497/221505 [05:41<11:27, 215.17it/s]
ROP:  33%|███▎      | 73509/221505 [05:41<11:28, 214.99it/s]
ROP:  33%|███▎      | 73521/221505 [05:42<11:29, 214.76it/s]
ROP:  33%|███▎      | 73533/221505 [05:42<11:30, 214.40it/s]
ROP:  33%|███▎      | 73538/221505 [05:43<11:30, 214.35it/s]
ROP:  33%|███▎      | 73543/221505 [05:43<11:31, 214.12it/s]
ROP:  33%|███▎      | 73552/221505 [05:43<11:31, 214.05it/s]
ROP:  33%|███▎      | 73561/221505 [05:43<11:31, 213.89it/s]
ROP:  33%|███▎      | 73570/221505 [05:44<11:32, 213.75it/s]
ROP:  33%|███▎      | 73579/221505 [05:44<11:32, 213.68it/s]
ROP:  33%|███▎      | 73588/221505 [05:44<11:32, 213.52it/s]
ROP:  33%|███▎      | 73597/221505 [05:44<11:32, 213.46it/s]
ROP:  33%|███▎      | 73606/221505 [05:44<11:33, 213.38it/s]
ROP:  33%|███▎      | 73615/221505 [05:45<11:33, 213.33it/s]
ROP:  33%|███▎      | 73624/221505 [05:45<11:33, 213.13it/s]
ROP:  33%|███▎      | 73633/221505 [05:45<11:34, 213.02it/s]
ROP:  33%|███▎      | 73642/221505 [05:45<11:34, 212.96it/s]
ROP:  33%|███▎      | 73651/221505 [05:46<11:35, 212.73it/s]
ROP:  33%|███▎      | 73660/221505 [05:46<11:35, 212.61it/s]
ROP:  33%|███▎      | 73669/221505 [05:46<11:35, 212.53it/s]
ROP:  33%|███▎      | 73678/221505 [05:46<11:36, 212.36it/s]
ROP:  33%|███▎      | 73688/221505 [05:47<11:36, 212.32it/s]
ROP:  33%|███▎      | 73698/221505 [05:47<11:36, 212.22it/s]
ROP:  33%|███▎      | 73708/221505 [05:47<11:37, 212.03it/s]
ROP:  33%|███▎      | 73718/221505 [05:47<11:37, 211.88it/s]
ROP:  33%|███▎      | 73728/221505 [05:48<11:37, 211.81it/s]
ROP:  33%|███▎      | 73738/221505 [05:48<11:38, 211.65it/s]
ROP:  33%|███▎      | 73748/221505 [05:48<11:38, 211.44it/s]
ROP:  33%|███▎      | 73758/221505 [05:48<11:38, 211.38it/s]
ROP:  33%|███▎      | 73768/221505 [05:49<11:39, 211.29it/s]
ROP:  33%|███▎      | 73956/221505 [05:49<11:36, 211.76it/s]
ROP:  34%|███▎      | 74299/221505 [05:49<11:32, 212.69it/s]
ROP:  34%|███▎      | 74642/221505 [05:49<11:27, 213.53it/s]
ROP:  34%|███▍      | 74985/221505 [05:49<11:23, 214.31it/s]
ROP:  34%|███▍      | 75328/221505 [05:52<11:23, 213.80it/s]
ROP:  34%|███▍      | 75343/221505 [05:52<11:24, 213.63it/s]
ROP:  34%|███▍      | 75358/221505 [05:53<11:24, 213.43it/s]
ROP:  34%|███▍      | 75373/221505 [05:53<11:25, 213.21it/s]
ROP:  34%|███▍      | 75388/221505 [05:53<11:25, 213.06it/s]
ROP:  34%|███▍      | 75403/221505 [05:54<11:26, 212.81it/s]
ROP:  34%|███▍      | 75418/221505 [05:54<11:26, 212.71it/s]
ROP:  34%|███▍      | 75433/221505 [05:54<11:26, 212.67it/s]
ROP:  34%|███▍      | 75448/221505 [05:54<11:27, 212.57it/s]
ROP:  34%|███▍      | 75463/221505 [05:55<11:27, 212.41it/s]
ROP:  34%|███▍      | 75478/221505 [05:55<11:27, 212.26it/s]
ROP:  34%|███▍      | 75493/221505 [05:55<11:28, 212.08it/s]
ROP:  34%|███▍      | 75508/221505 [05:56<11:28, 211.98it/s]
ROP:  34%|███▍      | 75523/221505 [05:56<11:28, 211.90it/s]
ROP:  34%|███▍      | 75538/221505 [05:56<11:29, 211.72it/s]
ROP:  34%|███▍      | 75553/221505 [05:57<11:29, 211.57it/s]
ROP:  34%|███▍      | 75568/221505 [05:57<11:30, 211.31it/s]
ROP:  34%|███▍      | 75577/221505 [05:57<11:30, 211.27it/s]
ROP:  34%|███▍      | 75586/221505 [05:58<11:31, 211.12it/s]
ROP:  34%|███▍      | 75595/221505 [05:58<11:31, 211.05it/s]
ROP:  34%|███▍      | 75604/221505 [05:58<11:31, 210.99it/s]
ROP:  34%|███▍      | 75613/221505 [05:58<11:31, 210.90it/s]
ROP:  34%|███▍      | 75622/221505 [05:58<11:32, 210.73it/s]
ROP:  34%|███▍      | 75631/221505 [05:59<11:32, 210.61it/s]
ROP:  34%|███▍      | 75640/221505 [05:59<11:32, 210.57it/s]
ROP:  34%|███▍      | 75649/221505 [05:59<11:33, 210.28it/s]
ROP:  34%|███▍      | 75656/221505 [05:59<11:33, 210.23it/s]
ROP:  34%|███▍      | 75663/221505 [06:00<11:34, 210.12it/s]
ROP:  34%|███▍      | 75670/221505 [06:00<11:34, 210.04it/s]
ROP:  34%|███▍      | 75677/221505 [06:00<11:34, 209.90it/s]
ROP:  34%|███▍      | 75684/221505 [06:00<11:35, 209.81it/s]
ROP:  34%|███▍      | 75691/221505 [06:01<11:35, 209.63it/s]
ROP:  34%|███▍      | 75698/221505 [06:01<11:35, 209.54it/s]
ROP:  34%|███▍      | 75705/221505 [06:01<11:36, 209.42it/s]
ROP:  34%|███▍      | 75712/221505 [06:01<11:36, 209.35it/s]
ROP:  34%|███▍      | 75719/221505 [06:02<11:37, 209.15it/s]
ROP:  34%|███▍      | 75726/221505 [06:02<11:37, 209.09it/s]
ROP:  34%|███▍      | 75733/221505 [06:02<11:37, 208.86it/s]
ROP:  34%|███▍      | 75740/221505 [06:02<11:38, 208.80it/s]
ROP:  34%|███▍      | 75747/221505 [06:03<11:38, 208.59it/s]
ROP:  34%|███▍      | 75754/221505 [06:03<11:38, 208.53it/s]
ROP:  34%|███▍      | 75761/221505 [06:03<11:39, 208.34it/s]
ROP:  34%|███▍      | 75825/221505 [06:03<11:38, 208.43it/s]
ROP:  34%|███▍      | 75889/221505 [06:03<11:38, 208.52it/s]
ROP:  34%|███▍      | 75953/221505 [06:04<11:37, 208.57it/s]
ROP:  34%|███▍      | 76017/221505 [06:04<11:37, 208.65it/s]
ROP:  34%|███▍      | 76081/221505 [06:04<11:36, 208.74it/s]
ROP:  34%|███▍      | 76293/221505 [06:04<11:33, 209.25it/s]
ROP:  35%|███▍      | 76505/221505 [06:06<11:34, 208.73it/s]
ROP:  35%|███▍      | 76853/221505 [06:06<11:30, 209.62it/s]
ROP:  35%|███▍      | 77201/221505 [06:06<11:25, 210.50it/s]
ROP:  35%|███▌      | 77549/221505 [06:07<11:21, 211.25it/s]
ROP:  35%|███▌      | 77549/221505 [06:10<11:26, 209.58it/s]
ROP:  35%|███▌      | 77823/221505 [06:10<11:23, 210.32it/s]
ROP:  35%|███▌      | 77833/221505 [06:10<11:23, 210.13it/s]
ROP:  35%|███▌      | 77843/221505 [06:10<11:23, 210.04it/s]
ROP:  35%|███▌      | 77853/221505 [06:11<11:24, 209.81it/s]
ROP:  35%|███▌      | 77863/221505 [06:11<11:25, 209.67it/s]
ROP:  35%|███▌      | 77873/221505 [06:11<11:25, 209.63it/s]
ROP:  35%|███▌      | 77883/221505 [06:11<11:25, 209.51it/s]
ROP:  35%|███▌      | 77893/221505 [06:12<11:25, 209.38it/s]
ROP:  35%|███▌      | 77903/221505 [06:12<11:26, 209.27it/s]
ROP:  35%|███▌      | 77913/221505 [06:12<11:26, 209.07it/s]
ROP:  35%|███▌      | 77923/221505 [06:13<11:27, 208.80it/s]
ROP:  35%|███▌      | 77930/221505 [06:13<11:27, 208.75it/s]
ROP:  35%|███▌      | 77937/221505 [06:13<11:28, 208.55it/s]
ROP:  35%|███▌      | 77944/221505 [06:13<11:28, 208.49it/s]
ROP:  35%|███▌      | 77951/221505 [06:14<11:28, 208.37it/s]
ROP:  35%|███▌      | 77958/221505 [06:14<11:29, 208.31it/s]
ROP:  35%|███▌      | 77965/221505 [06:14<11:29, 208.20it/s]
ROP:  35%|███▌      | 77976/221505 [06:14<11:29, 208.15it/s]
ROP:  35%|███▌      | 77987/221505 [06:14<11:29, 208.00it/s]
ROP:  35%|███▌      | 77998/221505 [06:15<11:30, 207.96it/s]
ROP:  35%|███▌      | 78009/221505 [06:15<11:30, 207.88it/s]
ROP:  35%|███▌      | 78020/221505 [06:15<11:30, 207.78it/s]
ROP:  35%|███▌      | 78031/221505 [06:15<11:30, 207.70it/s]
ROP:  35%|███▌      | 78042/221505 [06:16<11:31, 207.54it/s]
ROP:  35%|███▌      | 78053/221505 [06:16<11:31, 207.43it/s]
ROP:  35%|███▌      | 78064/221505 [06:16<11:31, 207.36it/s]
ROP:  35%|███▌      | 78075/221505 [06:16<11:31, 207.28it/s]
ROP:  35%|███▌      | 78086/221505 [06:16<11:32, 207.16it/s]
ROP:  35%|███▌      | 78097/221505 [06:17<11:32, 207.04it/s]
ROP:  35%|███▌      | 78108/221505 [06:17<11:32, 206.94it/s]
ROP:  35%|███▌      | 78119/221505 [06:17<11:33, 206.85it/s]
ROP:  35%|███▌      | 78130/221505 [06:17<11:33, 206.70it/s]
ROP:  35%|███▌      | 78141/221505 [06:18<11:34, 206.50it/s]
ROP:  35%|███▌      | 78152/221505 [06:18<11:34, 206.37it/s]
ROP:  35%|███▌      | 78359/221505 [06:18<11:31, 206.87it/s]
ROP:  36%|███▌      | 78692/221505 [06:18<11:27, 207.69it/s]
ROP:  36%|███▌      | 79025/221505 [06:18<11:23, 208.51it/s]
ROP:  36%|███▌      | 79365/221505 [06:19<11:18, 209.35it/s]
ROP:  36%|███▌      | 79365/221505 [06:20<11:20, 208.84it/s]
ROP:  36%|███▌      | 79637/221505 [06:20<11:17, 209.51it/s]
ROP:  36%|███▌      | 79664/221505 [06:21<11:18, 208.97it/s]
ROP:  36%|███▌      | 79667/221505 [06:21<11:19, 208.85it/s]
ROP:  36%|███▌      | 79670/221505 [06:21<11:19, 208.76it/s]
ROP:  36%|███▌      | 79673/221505 [06:21<11:19, 208.70it/s]
ROP:  36%|███▌      | 79679/221505 [06:21<11:19, 208.63it/s]
ROP:  36%|███▌      | 79685/221505 [06:22<11:20, 208.43it/s]
ROP:  36%|███▌      | 79858/221505 [06:22<11:18, 208.81it/s]
ROP:  36%|███▌      | 80136/221505 [06:22<11:14, 209.45it/s]
ROP:  36%|███▋      | 80414/221505 [06:22<11:11, 210.00it/s]
ROP:  36%|███▋      | 80692/221505 [06:23<11:09, 210.35it/s]
ROP:  37%|███▋      | 80894/221505 [06:23<11:06, 210.82it/s]
ROP:  37%|███▋      | 81096/221505 [06:26<11:09, 209.76it/s]
ROP:  37%|███▋      | 81104/221505 [06:26<11:09, 209.69it/s]
ROP:  37%|███▋      | 81112/221505 [06:26<11:09, 209.62it/s]
ROP:  37%|███▋      | 81208/221505 [06:27<11:08, 209.80it/s]
ROP:  37%|███▋      | 81304/221505 [06:28<11:10, 209.23it/s]
ROP:  37%|███▋      | 81311/221505 [06:28<11:10, 209.10it/s]
ROP:  37%|███▋      | 81321/221505 [06:29<11:10, 209.04it/s]
ROP:  37%|███▋      | 81331/221505 [06:29<11:10, 208.94it/s]
ROP:  37%|███▋      | 81605/221505 [06:29<11:07, 209.54it/s]
ROP:  37%|███▋      | 81605/221505 [06:30<11:08, 209.23it/s]
ROP:  37%|███▋      | 81622/221505 [06:30<11:08, 209.27it/s]
ROP:  37%|███▋      | 81625/221505 [06:30<11:08, 209.20it/s]
ROP:  37%|███▋      | 81636/221505 [06:30<11:08, 209.14it/s]
ROP:  37%|███▋      | 81650/221505 [06:30<11:08, 209.10it/s]
ROP:  37%|███▋      | 81664/221505 [06:30<11:08, 209.03it/s]
ROP:  37%|███▋      | 81678/221505 [06:30<11:09, 208.96it/s]
ROP:  37%|███▋      | 81692/221505 [06:31<11:09, 208.91it/s]
ROP:  37%|███▋      | 81706/221505 [06:31<11:09, 208.78it/s]
ROP:  37%|███▋      | 81720/221505 [06:31<11:09, 208.74it/s]
ROP:  37%|███▋      | 81734/221505 [06:31<11:09, 208.70it/s]
ROP:  37%|███▋      | 81748/221505 [06:31<11:10, 208.57it/s]
ROP:  37%|███▋      | 81762/221505 [06:32<11:10, 208.52it/s]
ROP:  37%|███▋      | 81776/221505 [06:32<11:10, 208.40it/s]
ROP:  37%|███▋      | 81790/221505 [06:32<11:10, 208.35it/s]
ROP:  37%|███▋      | 81806/221505 [06:32<11:10, 208.34it/s]
ROP:  37%|███▋      | 81822/221505 [06:32<11:10, 208.31it/s]
ROP:  37%|███▋      | 81838/221505 [06:32<11:10, 208.26it/s]
ROP:  37%|███▋      | 81854/221505 [06:33<11:10, 208.20it/s]
ROP:  37%|███▋      | 81870/221505 [06:33<11:10, 208.13it/s]
ROP:  37%|███▋      | 81886/221505 [06:33<11:11, 208.01it/s]
ROP:  37%|███▋      | 81902/221505 [06:33<11:11, 207.93it/s]
ROP:  37%|███▋      | 81918/221505 [06:34<11:11, 207.85it/s]
ROP:  37%|███▋      | 81934/221505 [06:34<11:11, 207.82it/s]
ROP:  37%|███▋      | 81950/221505 [06:34<11:11, 207.74it/s]
ROP:  37%|███▋      | 81966/221505 [06:34<11:11, 207.67it/s]
ROP:  37%|███▋      | 81982/221505 [06:34<11:12, 207.60it/s]
ROP:  37%|███▋      | 81998/221505 [06:35<11:12, 207.55it/s]
ROP:  37%|███▋      | 82014/221505 [06:35<11:12, 207.46it/s]
ROP:  37%|███▋      | 82030/221505 [06:35<11:12, 207.44it/s]
ROP:  37%|███▋      | 82046/221505 [06:35<11:12, 207.41it/s]
ROP:  37%|███▋      | 82062/221505 [06:35<11:12, 207.27it/s]
ROP:  37%|███▋      | 82078/221505 [06:36<11:13, 207.01it/s]
ROP:  37%|███▋      | 82082/221505 [06:36<11:13, 206.92it/s]
ROP:  37%|███▋      | 82086/221505 [06:36<11:14, 206.79it/s]
ROP:  37%|███▋      | 82097/221505 [06:37<11:14, 206.75it/s]
ROP:  37%|███▋      | 82108/221505 [06:37<11:14, 206.60it/s]
ROP:  37%|███▋      | 82120/221505 [06:37<11:14, 206.57it/s]
ROP:  37%|███▋      | 82132/221505 [06:37<11:15, 206.42it/s]
ROP:  37%|███▋      | 82144/221505 [06:38<11:15, 206.32it/s]
ROP:  37%|███▋      | 82156/221505 [06:38<11:16, 206.08it/s]
ROP:  37%|███▋      | 82161/221505 [06:38<11:16, 206.03it/s]
ROP:  37%|███▋      | 82166/221505 [06:39<11:16, 205.86it/s]
ROP:  37%|███▋      | 82174/221505 [06:39<11:16, 205.81it/s]
ROP:  37%|███▋      | 82182/221505 [06:39<11:17, 205.67it/s]
ROP:  37%|███▋      | 82190/221505 [06:39<11:17, 205.60it/s]
ROP:  37%|███▋      | 82198/221505 [06:39<11:17, 205.55it/s]
ROP:  37%|███▋      | 82206/221505 [06:40<11:18, 205.44it/s]
ROP:  37%|███▋      | 82215/221505 [06:40<11:18, 205.39it/s]
ROP:  37%|███▋      | 82224/221505 [06:40<11:18, 205.33it/s]
ROP:  37%|███▋      | 82233/221505 [06:40<11:18, 205.22it/s]
ROP:  37%|███▋      | 82243/221505 [06:40<11:18, 205.18it/s]
ROP:  37%|███▋      | 82253/221505 [06:41<11:19, 205.00it/s]
ROP:  37%|███▋      | 82263/221505 [06:41<11:19, 204.85it/s]
ROP:  37%|███▋      | 82274/221505 [06:41<11:19, 204.79it/s]
ROP:  37%|███▋      | 82285/221505 [06:41<11:20, 204.71it/s]
ROP:  37%|███▋      | 82296/221505 [06:42<11:20, 204.61it/s]
ROP:  37%|███▋      | 82307/221505 [06:42<11:20, 204.51it/s]
ROP:  37%|███▋      | 82318/221505 [06:42<11:20, 204.44it/s]
ROP:  37%|███▋      | 82329/221505 [06:42<11:20, 204.38it/s]
ROP:  37%|███▋      | 82345/221505 [06:42<11:20, 204.36it/s]
ROP:  37%|███▋      | 82361/221505 [06:43<11:21, 204.14it/s]
ROP:  37%|███▋      | 82371/221505 [06:43<11:21, 204.10it/s]
ROP:  37%|███▋      | 82381/221505 [06:43<11:21, 204.03it/s]
ROP:  37%|███▋      | 82391/221505 [06:44<11:22, 203.89it/s]
ROP:  37%|███▋      | 82401/221505 [06:44<11:22, 203.80it/s]
ROP:  37%|███▋      | 82411/221505 [06:44<11:22, 203.75it/s]
ROP:  37%|███▋      | 82421/221505 [06:44<11:23, 203.62it/s]
ROP:  37%|███▋      | 82431/221505 [06:45<11:23, 203.50it/s]
ROP:  37%|███▋      | 82441/221505 [06:45<11:23, 203.45it/s]
ROP:  37%|███▋      | 82453/221505 [06:45<11:23, 203.42it/s]
ROP:  37%|███▋      | 82465/221505 [06:45<11:23, 203.37it/s]
ROP:  37%|███▋      | 82477/221505 [06:45<11:24, 203.26it/s]
ROP:  37%|███▋      | 82489/221505 [06:46<11:24, 203.17it/s]
ROP:  37%|███▋      | 82501/221505 [06:46<11:24, 203.10it/s]
ROP:  37%|███▋      | 82513/221505 [06:46<11:24, 203.04it/s]
ROP:  37%|███▋      | 82525/221505 [06:46<11:24, 202.98it/s]
ROP:  37%|███▋      | 82537/221505 [06:46<11:24, 202.91it/s]
ROP:  37%|███▋      | 82549/221505 [06:47<11:25, 202.76it/s]
ROP:  37%|███▋      | 82561/221505 [06:47<11:25, 202.70it/s]
ROP:  37%|███▋      | 82573/221505 [06:47<11:25, 202.62it/s]
ROP:  37%|███▋      | 82585/221505 [06:47<11:26, 202.49it/s]
ROP:  37%|███▋      | 82597/221505 [06:48<11:26, 202.41it/s]
ROP:  37%|███▋      | 82609/221505 [06:48<11:26, 202.34it/s]
ROP:  37%|███▋      | 82621/221505 [06:48<11:27, 202.12it/s]
ROP:  37%|███▋      | 82630/221505 [06:48<11:27, 202.06it/s]
ROP:  37%|███▋      | 82639/221505 [06:49<11:27, 202.00it/s]
ROP:  37%|███▋      | 82648/221505 [06:49<11:27, 201.97it/s]
ROP:  37%|███▋      | 82671/221505 [06:49<11:27, 201.97it/s]
ROP:  37%|███▋      | 82694/221505 [06:49<11:27, 201.97it/s]
ROP:  37%|███▋      | 82694/221505 [06:50<11:28, 201.68it/s]
ROP:  37%|███▋      | 82717/221505 [06:50<11:27, 201.73it/s]
ROP:  37%|███▋      | 82721/221505 [06:50<11:28, 201.67it/s]
ROP:  37%|███▋      | 82727/221505 [06:50<11:28, 201.61it/s]
ROP:  37%|███▋      | 82733/221505 [06:50<11:28, 201.55it/s]
ROP:  37%|███▋      | 82740/221505 [06:50<11:28, 201.52it/s]
ROP:  37%|███▋      | 82747/221505 [06:50<11:28, 201.47it/s]
ROP:  37%|███▋      | 82825/221505 [06:50<11:27, 201.60it/s]
ROP:  37%|███▋      | 82903/221505 [06:51<11:27, 201.57it/s]
ROP:  37%|███▋      | 83063/221505 [06:51<11:25, 201.89it/s]
ROP:  38%|███▊      | 83223/221505 [06:52<11:25, 201.73it/s]
ROP:  38%|███▊      | 83244/221505 [06:52<11:25, 201.72it/s]
ROP:  38%|███▊      | 83265/221505 [06:53<11:26, 201.43it/s]
ROP:  38%|███▊      | 83274/221505 [06:53<11:26, 201.40it/s]
ROP:  38%|███▊      | 83283/221505 [06:53<11:26, 201.35it/s]
ROP:  38%|███▊      | 83292/221505 [06:53<11:26, 201.26it/s]
ROP:  38%|███▊      | 83380/221505 [06:53<11:25, 201.42it/s]
ROP:  38%|███▊      | 83468/221505 [06:54<11:25, 201.23it/s]
ROP:  38%|███▊      | 83479/221505 [06:54<11:26, 201.19it/s]
ROP:  38%|███▊      | 83490/221505 [06:55<11:26, 201.14it/s]
ROP:  38%|███▊      | 83501/221505 [06:55<11:26, 201.02it/s]
ROP:  38%|███▊      | 83762/221505 [06:55<11:23, 201.59it/s]
ROP:  38%|███▊      | 84023/221505 [06:59<11:27, 200.11it/s]
ROP:  38%|███▊      | 84031/221505 [07:00<11:27, 200.07it/s]
ROP:  38%|███▊      | 84043/221505 [07:00<11:27, 200.05it/s]
ROP:  38%|███▊      | 84057/221505 [07:00<11:27, 200.02it/s]
ROP:  38%|███▊      | 84073/221505 [07:00<11:27, 200.01it/s]
ROP:  38%|███▊      | 84099/221505 [07:00<11:26, 200.01it/s]
ROP:  38%|███▊      | 84125/221505 [07:00<11:27, 199.94it/s]
ROP:  38%|███▊      | 84151/221505 [07:01<11:27, 199.76it/s]
ROP:  38%|███▊      | 84157/221505 [07:01<11:27, 199.71it/s]
ROP:  38%|███▊      | 84171/221505 [07:01<11:27, 199.69it/s]
ROP:  38%|███▊      | 84186/221505 [07:01<11:27, 199.66it/s]
ROP:  38%|███▊      | 84201/221505 [07:01<11:27, 199.64it/s]
ROP:  38%|███▊      | 84216/221505 [07:01<11:27, 199.58it/s]
ROP:  38%|███▊      | 84231/221505 [07:02<11:28, 199.35it/s]
ROP:  38%|███▊      | 84239/221505 [07:02<11:28, 199.29it/s]
ROP:  38%|███▊      | 84247/221505 [07:02<11:29, 199.18it/s]
ROP:  38%|███▊      | 84255/221505 [07:03<11:29, 199.09it/s]
ROP:  38%|███▊      | 84263/221505 [07:03<11:29, 199.02it/s]
ROP:  38%|███▊      | 84271/221505 [07:03<11:30, 198.84it/s]
ROP:  38%|███▊      | 84280/221505 [07:03<11:30, 198.80it/s]
ROP:  38%|███▊      | 84289/221505 [07:04<11:30, 198.76it/s]
ROP:  38%|███▊      | 84298/221505 [07:04<11:30, 198.60it/s]
ROP:  38%|███▊      | 84308/221505 [07:04<11:30, 198.57it/s]
ROP:  38%|███▊      | 84318/221505 [07:04<11:31, 198.44it/s]
ROP:  38%|███▊      | 84328/221505 [07:05<11:31, 198.27it/s]
ROP:  38%|███▊      | 84338/221505 [07:05<11:31, 198.22it/s]
ROP:  38%|███▊      | 84348/221505 [07:05<11:32, 198.09it/s]
ROP:  38%|███▊      | 84358/221505 [07:06<11:33, 197.88it/s]
ROP:  38%|███▊      | 84368/221505 [07:06<11:33, 197.81it/s]
ROP:  38%|███▊      | 84378/221505 [07:06<11:33, 197.74it/s]
ROP:  38%|███▊      | 84388/221505 [07:07<11:34, 197.57it/s]
ROP:  38%|███▊      | 84398/221505 [07:07<11:34, 197.43it/s]
ROP:  38%|███▊      | 84408/221505 [07:07<11:34, 197.34it/s]
ROP:  38%|███▊      | 84418/221505 [07:07<11:34, 197.28it/s]
ROP:  38%|███▊      | 84428/221505 [07:08<11:35, 197.15it/s]
ROP:  38%|███▊      | 84438/221505 [07:08<11:35, 197.05it/s]
ROP:  38%|███▊      | 84448/221505 [07:08<11:35, 197.02it/s]
ROP:  38%|███▊      | 84458/221505 [07:08<11:36, 196.90it/s]
ROP:  38%|███▊      | 84468/221505 [07:09<11:36, 196.77it/s]
ROP:  38%|███▊      | 84478/221505 [07:09<11:36, 196.72it/s]
ROP:  38%|███▊      | 84488/221505 [07:09<11:36, 196.66it/s]
ROP:  38%|███▊      | 84498/221505 [07:09<11:37, 196.54it/s]
ROP:  38%|███▊      | 84509/221505 [07:10<11:37, 196.50it/s]
ROP:  38%|███▊      | 84520/221505 [07:10<11:37, 196.42it/s]
ROP:  38%|███▊      | 84531/221505 [07:10<11:37, 196.30it/s]
ROP:  38%|███▊      | 84542/221505 [07:10<11:38, 196.19it/s]
ROP:  38%|███▊      | 84553/221505 [07:11<11:38, 195.99it/s]
ROP:  38%|███▊      | 84564/221505 [07:11<11:38, 195.92it/s]
ROP:  38%|███▊      | 84575/221505 [07:11<11:39, 195.82it/s]
ROP:  38%|███▊      | 84586/221505 [07:12<11:39, 195.72it/s]
ROP:  38%|███▊      | 84597/221505 [07:12<11:40, 195.58it/s]
ROP:  38%|███▊      | 84608/221505 [07:12<11:40, 195.44it/s]
ROP:  38%|███▊      | 84619/221505 [07:13<11:40, 195.34it/s]
ROP:  38%|███▊      | 84630/221505 [07:13<11:40, 195.28it/s]
ROP:  38%|███▊      | 84641/221505 [07:13<11:41, 195.13it/s]
ROP:  38%|███▊      | 84652/221505 [07:14<11:41, 195.05it/s]
ROP:  38%|███▊      | 84663/221505 [07:14<11:41, 194.94it/s]
ROP:  38%|███▊      | 84756/221505 [07:14<11:40, 195.11it/s]
ROP:  38%|███▊      | 84986/221505 [07:14<11:38, 195.58it/s]
ROP:  38%|███▊      | 85216/221505 [07:15<11:35, 195.85it/s]
ROP:  39%|███▊      | 85506/221505 [07:15<11:32, 196.40it/s]
ROP:  39%|███▊      | 85809/221505 [07:15<11:28, 197.05it/s]
ROP:  39%|███▉      | 86185/221505 [07:15<11:23, 197.87it/s]
ROP:  39%|███▉      | 86561/221505 [07:16<11:20, 198.28it/s]
ROP:  39%|███▉      | 86645/221505 [07:16<11:19, 198.41it/s]
ROP:  39%|███▉      | 86729/221505 [07:16<11:18, 198.56it/s]
ROP:  39%|███▉      | 86818/221505 [07:16<11:17, 198.69it/s]
ROP:  39%|███▉      | 86907/221505 [07:19<11:20, 197.74it/s]
ROP:  39%|███▉      | 86912/221505 [07:19<11:20, 197.67it/s]
ROP:  39%|███▉      | 86917/221505 [07:20<11:21, 197.53it/s]
ROP:  39%|███▉      | 86926/221505 [07:20<11:21, 197.50it/s]
ROP:  39%|███▉      | 86940/221505 [07:20<11:21, 197.46it/s]
ROP:  39%|███▉      | 86954/221505 [07:20<11:21, 197.32it/s]
ROP:  39%|███▉      | 86968/221505 [07:21<11:22, 197.20it/s]
ROP:  39%|███▉      | 86982/221505 [07:21<11:22, 197.09it/s]
ROP:  39%|███▉      | 86996/221505 [07:21<11:23, 196.86it/s]
ROP:  39%|███▉      | 86999/221505 [07:22<11:24, 196.63it/s]
ROP:  39%|███▉      | 87009/221505 [07:22<11:24, 196.55it/s]
ROP:  39%|███▉      | 87019/221505 [07:23<11:24, 196.42it/s]
ROP:  39%|███▉      | 87029/221505 [07:23<11:25, 196.30it/s]
ROP:  39%|███▉      | 87039/221505 [07:23<11:25, 196.25it/s]
ROP:  39%|███▉      | 87049/221505 [07:23<11:25, 196.23it/s]
ROP:  39%|███▉      | 87059/221505 [07:24<11:25, 196.08it/s]
ROP:  39%|███▉      | 87069/221505 [07:24<11:25, 195.99it/s]
ROP:  39%|███▉      | 87081/221505 [07:24<11:26, 195.94it/s]
ROP:  39%|███▉      | 87094/221505 [07:24<11:26, 195.91it/s]
ROP:  39%|███▉      | 87107/221505 [07:24<11:26, 195.81it/s]
ROP:  39%|███▉      | 87120/221505 [07:25<11:26, 195.63it/s]
ROP:  39%|███▉      | 87133/221505 [07:25<11:27, 195.46it/s]
ROP:  39%|███▉      | 87146/221505 [07:26<11:28, 195.27it/s]
ROP:  39%|███▉      | 87159/221505 [07:26<11:28, 195.16it/s]
ROP:  39%|███▉      | 87172/221505 [07:26<11:28, 195.05it/s]
ROP:  39%|███▉      | 87185/221505 [07:27<11:29, 194.94it/s]
ROP:  39%|███▉      | 87198/221505 [07:27<11:29, 194.89it/s]
ROP:  39%|███▉      | 87211/221505 [07:27<11:29, 194.74it/s]
ROP:  39%|███▉      | 87224/221505 [07:28<11:30, 194.61it/s]
ROP:  39%|███▉      | 87237/221505 [07:28<11:30, 194.50it/s]
ROP:  39%|███▉      | 87250/221505 [07:28<11:30, 194.39it/s]
ROP:  39%|███▉      | 87263/221505 [07:29<11:30, 194.34it/s]
ROP:  39%|███▉      | 87446/221505 [07:29<11:28, 194.71it/s]
ROP:  40%|███▉      | 87800/221505 [07:29<11:24, 195.45it/s]
ROP:  40%|███▉      | 88154/221505 [07:29<11:19, 196.20it/s]
ROP:  40%|███▉      | 88511/221505 [07:29<11:15, 196.95it/s]
ROP:  40%|████      | 88868/221505 [07:29<11:11, 197.60it/s]
ROP:  40%|████      | 89225/221505 [07:35<11:14, 195.99it/s]
ROP:  40%|████      | 89232/221505 [07:35<11:15, 195.89it/s]
ROP:  40%|████      | 89263/221505 [07:35<11:15, 195.88it/s]
ROP:  40%|████      | 89294/221505 [07:36<11:15, 195.71it/s]
ROP:  40%|████      | 89303/221505 [07:36<11:15, 195.68it/s]
ROP:  40%|████      | 89312/221505 [07:36<11:15, 195.59it/s]
ROP:  40%|████      | 89321/221505 [07:37<11:16, 195.45it/s]
ROP:  40%|████      | 89330/221505 [07:37<11:16, 195.41it/s]
ROP:  40%|████      | 89339/221505 [07:37<11:16, 195.37it/s]
ROP:  40%|████      | 89348/221505 [07:37<11:16, 195.25it/s]
ROP:  40%|████      | 89607/221505 [07:37<11:13, 195.75it/s]
ROP:  40%|████      | 89607/221505 [07:40<11:17, 194.79it/s]
ROP:  40%|████      | 89693/221505 [07:40<11:16, 194.95it/s]
ROP:  40%|████      | 89706/221505 [07:40<11:16, 194.91it/s]
ROP:  41%|████      | 89719/221505 [07:40<11:16, 194.77it/s]
ROP:  41%|████      | 89732/221505 [07:41<11:17, 194.64it/s]
ROP:  41%|████      | 89745/221505 [07:41<11:17, 194.62it/s]
ROP:  41%|████      | 89758/221505 [07:41<11:17, 194.48it/s]
ROP:  41%|████      | 89771/221505 [07:41<11:17, 194.38it/s]
ROP:  41%|████      | 89784/221505 [07:41<11:17, 194.35it/s]
ROP:  41%|████      | 89797/221505 [07:42<11:18, 194.19it/s]
ROP:  41%|████      | 89810/221505 [07:42<11:18, 194.01it/s]
ROP:  41%|████      | 89823/221505 [07:43<11:19, 193.89it/s]
ROP:  41%|████      | 89836/221505 [07:43<11:19, 193.79it/s]
ROP:  41%|████      | 89849/221505 [07:43<11:19, 193.75it/s]
ROP:  41%|████      | 89862/221505 [07:44<11:19, 193.62it/s]
ROP:  41%|████      | 89875/221505 [07:44<11:20, 193.57it/s]
ROP:  41%|████      | 89901/221505 [07:44<11:19, 193.57it/s]
ROP:  41%|████      | 89927/221505 [07:45<11:20, 193.36it/s]
ROP:  41%|████      | 89932/221505 [07:45<11:20, 193.25it/s]
ROP:  41%|████      | 89944/221505 [07:45<11:20, 193.19it/s]
ROP:  41%|████      | 89956/221505 [07:45<11:21, 193.14it/s]
ROP:  41%|████      | 89968/221505 [07:46<11:21, 193.06it/s]
ROP:  41%|████      | 89980/221505 [07:46<11:21, 192.95it/s]
ROP:  41%|████      | 89992/221505 [07:46<11:21, 192.87it/s]
ROP:  41%|████      | 90004/221505 [07:46<11:21, 192.84it/s]
ROP:  41%|████      | 90016/221505 [07:46<11:22, 192.76it/s]
ROP:  41%|████      | 90028/221505 [07:47<11:22, 192.69it/s]
ROP:  41%|████      | 90041/221505 [07:47<11:22, 192.64it/s]
ROP:  41%|████      | 90054/221505 [07:47<11:22, 192.62it/s]
ROP:  41%|████      | 90067/221505 [07:47<11:22, 192.57it/s]
ROP:  41%|████      | 90084/221505 [07:47<11:22, 192.54it/s]
ROP:  41%|████      | 90101/221505 [07:48<11:22, 192.51it/s]
ROP:  41%|████      | 90139/221505 [07:48<11:22, 192.54it/s]
ROP:  41%|████      | 90177/221505 [07:48<11:22, 192.36it/s]
ROP:  41%|████      | 90222/221505 [07:48<11:22, 192.41it/s]
ROP:  41%|████      | 90267/221505 [07:49<11:22, 192.38it/s]
ROP:  41%|████      | 90312/221505 [07:50<11:22, 192.15it/s]
ROP:  41%|████      | 90318/221505 [07:50<11:22, 192.12it/s]
ROP:  41%|████      | 90401/221505 [07:50<11:22, 192.23it/s]
ROP:  41%|████      | 90484/221505 [07:51<11:22, 191.92it/s]
ROP:  41%|████      | 90493/221505 [07:51<11:22, 191.87it/s]
ROP:  41%|████      | 90502/221505 [07:51<11:22, 191.82it/s]
ROP:  41%|████      | 90520/221505 [07:51<11:22, 191.80it/s]
ROP:  41%|████      | 90538/221505 [07:52<11:22, 191.79it/s]
ROP:  41%|████      | 90631/221505 [07:52<11:21, 191.94it/s]
ROP:  41%|████      | 90724/221505 [07:52<11:21, 191.95it/s]
ROP:  41%|████      | 90817/221505 [07:54<11:22, 191.52it/s]
ROP:  41%|████      | 90824/221505 [07:54<11:22, 191.47it/s]
ROP:  41%|████      | 90840/221505 [07:54<11:22, 191.44it/s]
ROP:  41%|████      | 90857/221505 [07:54<11:22, 191.43it/s]
ROP:  41%|████      | 90874/221505 [07:54<11:22, 191.40it/s]
ROP:  41%|████      | 90995/221505 [07:54<11:21, 191.60it/s]
ROP:  41%|████      | 91116/221505 [07:56<11:21, 191.26it/s]
ROP:  41%|████      | 91125/221505 [07:56<11:22, 191.14it/s]
ROP:  41%|████      | 91134/221505 [07:56<11:22, 191.09it/s]
ROP:  41%|████      | 91144/221505 [07:57<11:22, 191.05it/s]
ROP:  41%|████      | 91154/221505 [07:57<11:22, 190.98it/s]
ROP:  41%|████      | 91171/221505 [07:57<11:22, 190.97it/s]
ROP:  41%|████      | 91188/221505 [07:57<11:22, 190.94it/s]
ROP:  41%|████      | 91205/221505 [07:57<11:22, 190.89it/s]
ROP:  41%|████      | 91222/221505 [07:57<11:22, 190.86it/s]
ROP:  41%|████      | 91247/221505 [07:58<11:22, 190.86it/s]
ROP:  41%|████      | 91273/221505 [07:58<11:22, 190.85it/s]
ROP:  41%|████      | 91299/221505 [07:58<11:22, 190.66it/s]
ROP:  41%|████      | 91309/221505 [07:58<11:22, 190.64it/s]
ROP:  41%|████      | 91335/221505 [07:59<11:22, 190.63it/s]
ROP:  41%|████      | 91361/221505 [07:59<11:23, 190.43it/s]
ROP:  41%|████      | 91365/221505 [07:59<11:23, 190.38it/s]
ROP:  41%|████▏     | 91379/221505 [08:00<11:23, 190.35it/s]
ROP:  41%|████▏     | 91414/221505 [08:00<11:23, 190.37it/s]
ROP:  41%|████▏     | 91449/221505 [08:00<11:23, 190.36it/s]
ROP:  41%|████▏     | 91494/221505 [08:00<11:22, 190.42it/s]
ROP:  41%|████▏     | 91562/221505 [08:00<11:22, 190.51it/s]
ROP:  41%|████▏     | 91630/221505 [08:01<11:23, 190.14it/s]
ROP:  41%|████▏     | 91636/221505 [08:02<11:23, 190.11it/s]
ROP:  41%|████▏     | 91642/221505 [08:02<11:23, 190.08it/s]
ROP:  41%|████▏     | 91685/221505 [08:02<11:22, 190.12it/s]
ROP:  41%|████▏     | 91728/221505 [08:02<11:22, 190.07it/s]
ROP:  41%|████▏     | 91787/221505 [08:02<11:22, 190.15it/s]
ROP:  41%|████▏     | 91846/221505 [08:02<11:21, 190.19it/s]
ROP:  42%|████▏     | 92005/221505 [08:03<11:19, 190.46it/s]
ROP:  42%|████▏     | 92164/221505 [08:04<11:19, 190.38it/s]
ROP:  42%|████▏     | 92205/221505 [08:04<11:19, 190.42it/s]
ROP:  42%|████▏     | 92246/221505 [08:04<11:19, 190.31it/s]
ROP:  42%|████▏     | 92287/221505 [08:05<11:19, 190.04it/s]
ROP:  42%|████▏     | 92295/221505 [08:05<11:20, 190.00it/s]
ROP:  42%|████▏     | 92312/221505 [08:05<11:19, 189.99it/s]
ROP:  42%|████▏     | 92332/221505 [08:05<11:19, 189.99it/s]
ROP:  42%|████▏     | 92352/221505 [08:06<11:19, 189.94it/s]
ROP:  42%|████▏     | 92375/221505 [08:06<11:19, 189.95it/s]
ROP:  42%|████▏     | 92408/221505 [08:06<11:19, 189.97it/s]
ROP:  42%|████▏     | 92441/221505 [08:06<11:19, 189.91it/s]
ROP:  42%|████▏     | 92501/221505 [08:06<11:19, 189.98it/s]
ROP:  42%|████▏     | 92561/221505 [08:07<11:18, 189.96it/s]
ROP:  42%|████▏     | 92642/221505 [08:07<11:17, 190.09it/s]
ROP:  42%|████▏     | 92723/221505 [08:07<11:17, 190.14it/s]
ROP:  42%|████▏     | 92804/221505 [08:08<11:17, 189.87it/s]
ROP:  42%|████▏     | 92824/221505 [08:08<11:17, 189.86it/s]
ROP:  42%|████▏     | 92931/221505 [08:09<11:16, 190.02it/s]
ROP:  42%|████▏     | 92931/221505 [08:10<11:17, 189.65it/s]
ROP:  42%|████▏     | 93028/221505 [08:10<11:16, 189.84it/s]
ROP:  42%|████▏     | 93038/221505 [08:10<11:17, 189.75it/s]
ROP:  42%|████▏     | 93061/221505 [08:10<11:16, 189.75it/s]
ROP:  42%|████▏     | 93088/221505 [08:10<11:16, 189.76it/s]
ROP:  42%|████▏     | 93115/221505 [08:10<11:16, 189.77it/s]
ROP:  42%|████▏     | 93142/221505 [08:10<11:16, 189.74it/s]
ROP:  42%|████▏     | 93169/221505 [08:11<11:16, 189.75it/s]
ROP:  42%|████▏     | 93196/221505 [08:11<11:16, 189.72it/s]
ROP:  42%|████▏     | 93223/221505 [08:11<11:16, 189.66it/s]
ROP:  42%|████▏     | 93255/221505 [08:11<11:16, 189.68it/s]
ROP:  42%|████▏     | 93287/221505 [08:11<11:16, 189.62it/s]
ROP:  42%|████▏     | 93371/221505 [08:12<11:15, 189.75it/s]
ROP:  42%|████▏     | 93472/221505 [08:12<11:14, 189.91it/s]
ROP:  42%|████▏     | 93573/221505 [08:13<11:14, 189.65it/s]
ROP:  42%|████▏     | 93598/221505 [08:13<11:14, 189.66it/s]
ROP:  42%|████▏     | 93623/221505 [08:13<11:14, 189.66it/s]
ROP:  42%|████▏     | 93648/221505 [08:13<11:14, 189.65it/s]
ROP:  42%|████▏     | 93673/221505 [08:14<11:14, 189.59it/s]
ROP:  42%|████▏     | 93734/221505 [08:14<11:13, 189.66it/s]
ROP:  42%|████▏     | 93795/221505 [08:14<11:13, 189.52it/s]
ROP:  42%|████▏     | 93824/221505 [08:15<11:13, 189.52it/s]
ROP:  42%|████▏     | 93873/221505 [08:15<11:13, 189.56it/s]
ROP:  42%|████▏     | 93922/221505 [08:15<11:13, 189.46it/s]
ROP:  42%|████▏     | 93996/221505 [08:15<11:12, 189.54it/s]
ROP:  42%|████▏     | 94070/221505 [08:16<11:12, 189.46it/s]
ROP:  42%|████▏     | 94119/221505 [08:16<11:12, 189.52it/s]
ROP:  43%|████▎     | 94168/221505 [08:16<11:11, 189.56it/s]
ROP:  43%|████▎     | 94223/221505 [08:16<11:11, 189.63it/s]
ROP:  43%|████▎     | 94278/221505 [08:16<11:10, 189.70it/s]
ROP:  43%|████▎     | 94422/221505 [08:17<11:09, 189.95it/s]
ROP:  43%|████▎     | 94566/221505 [08:17<11:07, 190.14it/s]
ROP:  43%|████▎     | 94710/221505 [08:17<11:06, 190.30it/s]
ROP:  43%|████▎     | 94854/221505 [08:17<11:04, 190.50it/s]
ROP:  43%|████▎     | 94998/221505 [08:18<11:03, 190.58it/s]
ROP:  43%|████▎     | 95138/221505 [08:18<11:02, 190.82it/s]
ROP:  43%|████▎     | 95347/221505 [08:18<10:59, 191.21it/s]
ROP:  43%|████▎     | 95556/221505 [08:19<10:57, 191.47it/s]
ROP:  43%|████▎     | 95765/221505 [08:19<10:55, 191.72it/s]
ROP:  43%|████▎     | 95974/221505 [08:19<10:53, 192.06it/s]
ROP:  43%|████▎     | 96183/221505 [08:20<10:51, 192.26it/s]
ROP:  43%|████▎     | 96312/221505 [08:20<10:50, 192.48it/s]
ROP:  44%|████▎     | 96516/221505 [08:20<10:48, 192.85it/s]
ROP:  44%|████▎     | 96720/221505 [08:20<10:45, 193.21it/s]
ROP:  44%|████▍     | 96924/221505 [08:20<10:43, 193.55it/s]
ROP:  44%|████▍     | 97128/221505 [08:20<10:41, 193.90it/s]
ROP:  44%|████▍     | 97332/221505 [08:21<10:39, 194.19it/s]
ROP:  44%|████▍     | 97548/221505 [08:21<10:37, 194.58it/s]
ROP:  44%|████▍     | 97764/221505 [08:21<10:34, 194.95it/s]
ROP:  44%|████▍     | 97994/221505 [08:21<10:32, 195.37it/s]
ROP:  44%|████▍     | 98224/221505 [08:21<10:29, 195.70it/s]
ROP:  44%|████▍     | 98454/221505 [08:22<10:27, 196.00it/s]
ROP:  45%|████▍     | 98684/221505 [08:23<10:26, 196.04it/s]
ROP:  45%|████▍     | 98712/221505 [08:23<10:26, 195.97it/s]
ROP:  45%|████▍     | 98740/221505 [08:24<10:26, 195.90it/s]
ROP:  45%|████▍     | 98790/221505 [08:24<10:26, 195.95it/s]
ROP:  45%|████▍     | 98958/221505 [08:24<10:24, 196.23it/s]
ROP:  45%|████▍     | 99126/221505 [08:25<10:23, 196.28it/s]
ROP:  45%|████▍     | 99164/221505 [08:25<10:23, 196.32it/s]
ROP:  45%|████▍     | 99282/221505 [08:25<10:21, 196.50it/s]
ROP:  45%|████▍     | 99561/221505 [08:25<10:18, 197.02it/s]
ROP:  45%|████▌     | 99840/221505 [08:26<10:16, 197.29it/s]
ROP:  45%|████▌     | 99880/221505 [08:26<10:16, 197.26it/s]
ROP:  45%|████▌     | 99967/221505 [08:26<10:15, 197.39it/s]
ROP:  45%|████▌     | 100054/221505 [08:26<10:14, 197.48it/s]
ROP:  45%|████▌     | 100141/221505 [08:27<10:14, 197.51it/s]
ROP:  45%|████▌     | 100237/221505 [08:27<10:13, 197.66it/s]
ROP:  45%|████▌     | 100386/221505 [08:27<10:12, 197.90it/s]
ROP:  45%|████▌     | 100535/221505 [08:27<10:11, 197.91it/s]
ROP:  45%|████▌     | 100559/221505 [08:28<10:11, 197.90it/s]
ROP:  45%|████▌     | 100736/221505 [08:28<10:09, 198.21it/s]
ROP:  46%|████▌     | 101038/221505 [08:28<10:06, 198.77it/s]
ROP:  46%|████▌     | 101340/221505 [08:28<10:03, 199.22it/s]
ROP:  46%|████▌     | 101647/221505 [08:28<09:59, 199.79it/s]
ROP:  46%|████▌     | 101954/221505 [08:28<09:56, 200.34it/s]
ROP:  46%|████▌     | 102261/221505 [08:29<09:53, 200.89it/s]
ROP:  46%|████▋     | 102658/221505 [08:29<09:49, 201.63it/s]
ROP:  47%|████▋     | 103055/221505 [08:29<09:45, 202.29it/s]
ROP:  47%|████▋     | 103452/221505 [08:29<09:41, 202.99it/s]
ROP:  47%|████▋     | 103849/221505 [08:30<09:37, 203.60it/s]
ROP:  47%|████▋     | 104246/221505 [08:31<09:35, 203.73it/s]
ROP:  47%|████▋     | 104271/221505 [08:32<09:35, 203.63it/s]
ROP:  47%|████▋     | 104296/221505 [08:32<09:35, 203.53it/s]
ROP:  47%|████▋     | 104321/221505 [08:32<09:36, 203.36it/s]
ROP:  47%|████▋     | 104331/221505 [08:33<09:36, 203.30it/s]
ROP:  47%|████▋     | 104341/221505 [08:33<09:36, 203.27it/s]
ROP:  47%|████▋     | 104351/221505 [08:33<09:36, 203.17it/s]
ROP:  47%|████▋     | 104361/221505 [08:33<09:36, 203.09it/s]
ROP:  47%|████▋     | 104371/221505 [08:34<09:36, 203.04it/s]
ROP:  47%|████▋     | 104381/221505 [08:34<09:36, 203.01it/s]
ROP:  47%|████▋     | 104391/221505 [08:34<09:37, 202.94it/s]
ROP:  47%|████▋     | 104408/221505 [08:34<09:37, 202.91it/s]
ROP:  47%|████▋     | 104429/221505 [08:34<09:36, 202.91it/s]
ROP:  47%|████▋     | 104450/221505 [08:35<09:37, 202.74it/s]
ROP:  47%|████▋     | 104461/221505 [08:35<09:37, 202.72it/s]
ROP:  47%|████▋     | 104475/221505 [08:35<09:37, 202.70it/s]
ROP:  47%|████▋     | 104489/221505 [08:35<09:37, 202.64it/s]
ROP:  47%|████▋     | 104503/221505 [08:35<09:37, 202.58it/s]
ROP:  47%|████▋     | 104517/221505 [08:35<09:37, 202.56it/s]
ROP:  47%|████▋     | 104531/221505 [08:36<09:37, 202.53it/s]
ROP:  47%|████▋     | 104545/221505 [08:36<09:37, 202.39it/s]
ROP:  47%|████▋     | 104559/221505 [08:36<09:38, 202.30it/s]
ROP:  47%|████▋     | 104573/221505 [08:37<09:38, 202.18it/s]
ROP:  47%|████▋     | 104587/221505 [08:37<09:38, 202.09it/s]
ROP:  47%|████▋     | 104601/221505 [08:37<09:38, 201.99it/s]
ROP:  47%|████▋     | 104615/221505 [08:38<09:38, 201.89it/s]
ROP:  47%|████▋     | 104633/221505 [08:38<09:38, 201.87it/s]
ROP:  47%|████▋     | 104651/221505 [08:38<09:39, 201.75it/s]
ROP:  47%|████▋     | 104676/221505 [08:38<09:39, 201.73it/s]
ROP:  47%|████▋     | 104701/221505 [08:39<09:39, 201.60it/s]
ROP:  47%|████▋     | 104726/221505 [08:39<09:39, 201.60it/s]
ROP:  47%|████▋     | 104753/221505 [08:39<09:39, 201.60it/s]
ROP:  47%|████▋     | 104854/221505 [08:39<09:38, 201.76it/s]
ROP:  47%|████▋     | 104955/221505 [08:39<09:37, 201.89it/s]
ROP:  47%|████▋     | 105056/221505 [08:40<09:36, 201.96it/s]
ROP:  47%|████▋     | 105157/221505 [08:40<09:35, 202.12it/s]
ROP:  48%|████▊     | 105258/221505 [08:40<09:34, 202.19it/s]
ROP:  48%|████▊     | 105359/221505 [08:40<09:34, 202.24it/s]
ROP:  48%|████▊     | 105460/221505 [08:41<09:33, 202.28it/s]
ROP:  48%|████▊     | 105561/221505 [08:41<09:32, 202.42it/s]
ROP:  48%|████▊     | 105662/221505 [08:41<09:31, 202.55it/s]
ROP:  48%|████▊     | 105763/221505 [08:41<09:31, 202.66it/s]
ROP:  48%|████▊     | 105864/221505 [08:42<09:30, 202.74it/s]
ROP:  48%|████▊     | 105965/221505 [08:43<09:30, 202.60it/s]
ROP:  48%|████▊     | 105980/221505 [08:43<09:30, 202.59it/s]
ROP:  48%|████▊     | 106044/221505 [08:43<09:29, 202.66it/s]
ROP:  48%|████▊     | 106129/221505 [08:43<09:28, 202.79it/s]
ROP:  48%|████▊     | 106214/221505 [08:43<09:28, 202.90it/s]
ROP:  48%|████▊     | 106299/221505 [08:44<09:28, 202.76it/s]
ROP:  48%|████▊     | 106389/221505 [08:44<09:27, 202.89it/s]
ROP:  48%|████▊     | 106479/221505 [08:45<09:27, 202.77it/s]
ROP:  48%|████▊     | 106510/221505 [08:45<09:27, 202.77it/s]
ROP:  48%|████▊     | 106541/221505 [08:45<09:27, 202.75it/s]
ROP:  48%|████▊     | 106572/221505 [08:45<09:26, 202.75it/s]
ROP:  48%|████▊     | 106629/221505 [08:45<09:26, 202.82it/s]
ROP:  48%|████▊     | 106686/221505 [08:45<09:25, 202.87it/s]
ROP:  48%|████▊     | 106743/221505 [08:46<09:25, 202.87it/s]
ROP:  48%|████▊     | 106800/221505 [08:46<09:25, 202.92it/s]
ROP:  48%|████▊     | 106907/221505 [08:46<09:24, 203.08it/s]
ROP:  48%|████▊     | 107014/221505 [08:46<09:23, 203.14it/s]
ROP:  48%|████▊     | 107121/221505 [08:47<09:22, 203.19it/s]
ROP:  48%|████▊     | 107322/221505 [08:47<09:21, 203.52it/s]
ROP:  49%|████▊     | 107523/221505 [08:47<09:19, 203.82it/s]
ROP:  49%|████▊     | 107724/221505 [08:48<09:18, 203.88it/s]
ROP:  49%|████▊     | 107749/221505 [08:48<09:17, 203.88it/s]
ROP:  49%|████▊     | 107774/221505 [08:48<09:18, 203.79it/s]
ROP:  49%|████▊     | 107799/221505 [08:48<09:17, 203.78it/s]
ROP:  49%|████▊     | 107824/221505 [08:49<09:17, 203.76it/s]
ROP:  49%|████▊     | 107852/221505 [08:49<09:17, 203.77it/s]
ROP:  49%|████▊     | 107880/221505 [08:49<09:17, 203.77it/s]
ROP:  49%|████▊     | 107908/221505 [08:49<09:17, 203.74it/s]
ROP:  49%|████▊     | 107936/221505 [08:49<09:17, 203.73it/s]
ROP:  49%|████▊     | 107980/221505 [08:49<09:17, 203.77it/s]
ROP:  49%|████▉     | 108042/221505 [08:50<09:16, 203.84it/s]
ROP:  49%|████▉     | 108132/221505 [08:50<09:15, 203.97it/s]
ROP:  49%|████▉     | 108222/221505 [08:50<09:15, 204.02it/s]
ROP:  49%|████▉     | 108312/221505 [08:50<09:14, 204.05it/s]
ROP:  49%|████▉     | 108402/221505 [08:50<09:13, 204.17it/s]
ROP:  49%|████▉     | 108522/221505 [08:51<09:12, 204.35it/s]
ROP:  49%|████▉     | 108642/221505 [08:51<09:11, 204.50it/s]
ROP:  49%|████▉     | 108762/221505 [08:51<09:10, 204.62it/s]
ROP:  49%|████▉     | 108882/221505 [08:51<09:09, 204.77it/s]
ROP:  49%|████▉     | 109013/221505 [08:51<09:08, 204.98it/s]
ROP:  49%|████▉     | 109278/221505 [08:51<09:06, 205.44it/s]
ROP:  49%|████▉     | 109543/221505 [08:52<09:03, 205.83it/s]
ROP:  50%|████▉     | 109808/221505 [08:52<09:01, 206.09it/s]
ROP:  50%|████▉     | 109879/221505 [08:52<09:01, 206.18it/s]
ROP:  50%|████▉     | 110076/221505 [08:53<08:59, 206.50it/s]
ROP:  50%|████▉     | 110273/221505 [08:53<08:57, 206.80it/s]
ROP:  50%|████▉     | 110470/221505 [08:53<08:56, 207.07it/s]
ROP:  50%|████▉     | 110667/221505 [08:53<08:54, 207.37it/s]
ROP:  50%|█████     | 110864/221505 [08:54<08:52, 207.58it/s]
ROP:  50%|█████     | 111061/221505 [08:54<08:51, 207.76it/s]
ROP:  50%|█████     | 111258/221505 [08:55<08:50, 207.67it/s]
ROP:  50%|█████     | 111310/221505 [08:55<08:50, 207.73it/s]
ROP:  50%|█████     | 111362/221505 [08:56<08:50, 207.60it/s]
ROP:  50%|█████     | 111408/221505 [08:56<08:50, 207.65it/s]
ROP:  50%|█████     | 111454/221505 [08:56<08:49, 207.67it/s]
ROP:  50%|█████     | 111500/221505 [08:56<08:49, 207.70it/s]
ROP:  50%|█████     | 111587/221505 [08:56<08:48, 207.81it/s]
ROP:  50%|█████     | 111674/221505 [08:57<08:48, 207.88it/s]
ROP:  50%|█████     | 111761/221505 [08:57<08:47, 207.89it/s]
ROP:  50%|█████     | 111848/221505 [08:58<08:47, 207.81it/s]
ROP:  51%|█████     | 111867/221505 [08:58<08:47, 207.80it/s]
ROP:  51%|█████     | 111886/221505 [08:58<08:47, 207.79it/s]
ROP:  51%|█████     | 111962/221505 [08:58<08:46, 207.88it/s]
ROP:  51%|█████     | 112038/221505 [08:59<08:47, 207.62it/s]
ROP:  51%|█████     | 112050/221505 [08:59<08:47, 207.60it/s]
ROP:  51%|█████     | 112062/221505 [09:00<08:47, 207.51it/s]
ROP:  51%|█████     | 112074/221505 [09:00<08:47, 207.48it/s]
ROP:  51%|█████     | 112086/221505 [09:00<08:47, 207.46it/s]
ROP:  51%|█████     | 112098/221505 [09:00<08:47, 207.42it/s]
ROP:  51%|█████     | 112150/221505 [09:00<08:47, 207.46it/s]
ROP:  51%|█████     | 112255/221505 [09:00<08:46, 207.60it/s]
ROP:  51%|█████     | 112360/221505 [09:01<08:45, 207.62it/s]
ROP:  51%|█████     | 112465/221505 [09:01<08:45, 207.61it/s]
ROP:  51%|█████     | 112508/221505 [09:01<08:44, 207.62it/s]
ROP:  51%|█████     | 112551/221505 [09:02<08:45, 207.51it/s]
ROP:  51%|█████     | 112561/221505 [09:02<08:45, 207.45it/s]
ROP:  51%|█████     | 112614/221505 [09:02<08:44, 207.51it/s]
ROP:  51%|█████     | 112667/221505 [09:03<08:44, 207.45it/s]
ROP:  51%|█████     | 112731/221505 [09:03<08:44, 207.53it/s]
ROP:  51%|█████     | 112795/221505 [09:03<08:44, 207.43it/s]
ROP:  51%|█████     | 112820/221505 [09:03<08:43, 207.43it/s]
ROP:  51%|█████     | 112845/221505 [09:04<08:43, 207.40it/s]
ROP:  51%|█████     | 112870/221505 [09:04<08:43, 207.40it/s]
ROP:  51%|█████     | 112928/221505 [09:04<08:43, 207.46it/s]
ROP:  51%|█████     | 112986/221505 [09:04<08:42, 207.50it/s]
ROP:  51%|█████     | 113044/221505 [09:04<08:42, 207.48it/s]
ROP:  51%|█████     | 113130/221505 [09:04<08:42, 207.59it/s]
ROP:  51%|█████     | 113216/221505 [09:05<08:41, 207.66it/s]
ROP:  51%|█████     | 113376/221505 [09:05<08:40, 207.91it/s]
ROP:  51%|█████▏    | 113536/221505 [09:07<08:40, 207.53it/s]
ROP:  51%|█████▏    | 113675/221505 [09:07<08:39, 207.73it/s]
ROP:  51%|█████▏    | 113865/221505 [09:07<08:37, 208.03it/s]
ROP:  51%|█████▏    | 114055/221505 [09:07<08:36, 208.21it/s]
ROP:  52%|█████▏    | 114245/221505 [09:08<08:35, 208.14it/s]
ROP:  52%|█████▏    | 114295/221505 [09:08<08:34, 208.19it/s]
ROP:  52%|█████▏    | 114345/221505 [09:09<08:34, 208.12it/s]
ROP:  52%|█████▏    | 114395/221505 [09:09<08:34, 208.16it/s]
ROP:  52%|█████▏    | 114462/221505 [09:09<08:34, 208.23it/s]
ROP:  52%|█████▏    | 114529/221505 [09:09<08:33, 208.26it/s]
ROP:  52%|█████▏    | 114596/221505 [09:10<08:33, 208.28it/s]
ROP:  52%|█████▏    | 114663/221505 [09:10<08:32, 208.33it/s]
ROP:  52%|█████▏    | 114730/221505 [09:10<08:32, 208.36it/s]
ROP:  52%|█████▏    | 114799/221505 [09:10<08:32, 208.40it/s]
ROP:  52%|█████▏    | 114911/221505 [09:11<08:31, 208.52it/s]
ROP:  52%|█████▏    | 115023/221505 [09:11<08:30, 208.62it/s]
ROP:  52%|█████▏    | 115135/221505 [09:11<08:29, 208.69it/s]
ROP:  52%|█████▏    | 115247/221505 [09:12<08:28, 208.78it/s]
ROP:  52%|█████▏    | 115359/221505 [09:12<08:28, 208.82it/s]
ROP:  52%|█████▏    | 115471/221505 [09:12<08:27, 208.91it/s]
ROP:  52%|█████▏    | 115583/221505 [09:14<08:27, 208.52it/s]
ROP:  52%|█████▏    | 115591/221505 [09:14<08:28, 208.44it/s]
ROP:  52%|█████▏    | 115603/221505 [09:14<08:28, 208.41it/s]
ROP:  52%|█████▏    | 115630/221505 [09:14<08:28, 208.40it/s]
ROP:  52%|█████▏    | 115657/221505 [09:15<08:28, 208.26it/s]
ROP:  52%|█████▏    | 115684/221505 [09:15<08:28, 208.17it/s]
ROP:  52%|█████▏    | 115719/221505 [09:15<08:28, 208.19it/s]
ROP:  52%|█████▏    | 115754/221505 [09:16<08:28, 207.93it/s]
ROP:  52%|█████▏    | 115763/221505 [09:16<08:28, 207.90it/s]
ROP:  52%|█████▏    | 115777/221505 [09:16<08:28, 207.88it/s]
ROP:  52%|█████▏    | 115800/221505 [09:17<08:28, 207.88it/s]
ROP:  52%|█████▏    | 115823/221505 [09:17<08:28, 207.85it/s]
ROP:  52%|█████▏    | 115948/221505 [09:17<08:27, 207.97it/s]
ROP:  52%|█████▏    | 116073/221505 [09:18<08:26, 207.96it/s]
ROP:  52%|█████▏    | 116093/221505 [09:18<08:27, 207.90it/s]
ROP:  52%|█████▏    | 116171/221505 [09:18<08:26, 207.98it/s]
ROP:  52%|█████▏    | 116249/221505 [09:18<08:26, 207.97it/s]
ROP:  53%|█████▎    | 116327/221505 [09:19<08:25, 207.96it/s]
ROP:  53%|█████▎    | 116405/221505 [09:19<08:25, 208.04it/s]
ROP:  53%|█████▎    | 116521/221505 [09:19<08:24, 208.20it/s]
ROP:  53%|█████▎    | 116637/221505 [09:19<08:23, 208.32it/s]
ROP:  53%|█████▎    | 116753/221505 [09:19<08:22, 208.49it/s]
ROP:  53%|█████▎    | 116908/221505 [09:20<08:21, 208.72it/s]
ROP:  53%|█████▎    | 117084/221505 [09:20<08:19, 209.00it/s]
ROP:  53%|█████▎    | 117384/221505 [09:20<08:17, 209.49it/s]
ROP:  53%|█████▎    | 117833/221505 [09:20<08:13, 210.26it/s]
ROP:  53%|█████▎    | 118282/221505 [09:22<08:11, 210.22it/s]
ROP:  53%|█████▎    | 118308/221505 [09:22<08:10, 210.22it/s]
ROP:  53%|█████▎    | 118334/221505 [09:22<08:10, 210.21it/s]
ROP:  53%|█████▎    | 118480/221505 [09:23<08:09, 210.42it/s]
ROP:  54%|█████▎    | 118639/221505 [09:23<08:08, 210.64it/s]
ROP:  54%|█████▎    | 118798/221505 [09:23<08:07, 210.72it/s]
ROP:  54%|█████▎    | 118855/221505 [09:23<08:07, 210.77it/s]
ROP:  54%|█████▎    | 118912/221505 [09:24<08:06, 210.82it/s]
ROP:  54%|█████▎    | 118976/221505 [09:24<08:06, 210.84it/s]
ROP:  54%|█████▎    | 119040/221505 [09:24<08:06, 210.78it/s]
ROP:  54%|█████▍    | 119104/221505 [09:25<08:06, 210.66it/s]
ROP:  54%|█████▍    | 119115/221505 [09:25<08:06, 210.64it/s]
ROP:  54%|█████▍    | 119126/221505 [09:25<08:06, 210.58it/s]
ROP:  54%|█████▍    | 119181/221505 [09:25<08:05, 210.63it/s]
ROP:  54%|█████▍    | 119236/221505 [09:26<08:05, 210.65it/s]
ROP:  54%|█████▍    | 119291/221505 [09:26<08:05, 210.42it/s]
ROP:  54%|█████▍    | 119361/221505 [09:27<08:05, 210.48it/s]
ROP:  54%|█████▍    | 119431/221505 [09:27<08:04, 210.54it/s]
ROP:  54%|█████▍    | 119501/221505 [09:27<08:04, 210.58it/s]
ROP:  54%|█████▍    | 119571/221505 [09:27<08:03, 210.61it/s]
ROP:  54%|█████▍    | 119641/221505 [09:27<08:03, 210.66it/s]
ROP:  54%|█████▍    | 119742/221505 [09:28<08:02, 210.80it/s]
ROP:  54%|█████▍    | 119879/221505 [09:28<08:01, 210.99it/s]
ROP:  54%|█████▍    | 120016/221505 [09:28<08:00, 211.14it/s]
ROP:  54%|█████▍    | 120016/221505 [09:30<08:02, 210.53it/s]
ROP:  54%|█████▍    | 120152/221505 [09:30<08:00, 210.75it/s]
ROP:  54%|█████▍    | 120189/221505 [09:30<08:00, 210.77it/s]
ROP:  54%|█████▍    | 120226/221505 [09:30<08:00, 210.73it/s]
ROP:  54%|█████▍    | 120289/221505 [09:30<08:00, 210.80it/s]
ROP:  54%|█████▍    | 120352/221505 [09:31<07:59, 210.76it/s]
ROP:  54%|█████▍    | 120415/221505 [09:31<07:59, 210.78it/s]
ROP:  54%|█████▍    | 120478/221505 [09:31<07:59, 210.81it/s]
ROP:  54%|█████▍    | 120594/221505 [09:31<07:58, 210.95it/s]
ROP:  54%|█████▍    | 120710/221505 [09:32<07:57, 210.98it/s]
ROP:  55%|█████▍    | 120826/221505 [09:32<07:56, 211.12it/s]
ROP:  55%|█████▍    | 120942/221505 [09:32<07:56, 211.16it/s]
ROP:  55%|█████▍    | 121058/221505 [09:33<07:55, 211.25it/s]
ROP:  55%|█████▍    | 121174/221505 [09:33<07:54, 211.34it/s]
ROP:  55%|█████▍    | 121290/221505 [09:33<07:54, 211.33it/s]
ROP:  55%|█████▍    | 121370/221505 [09:34<07:53, 211.42it/s]
ROP:  55%|█████▍    | 121450/221505 [09:34<07:53, 211.42it/s]
ROP:  55%|█████▍    | 121552/221505 [09:34<07:52, 211.56it/s]
ROP:  55%|█████▍    | 121654/221505 [09:34<07:51, 211.65it/s]
ROP:  55%|█████▍    | 121756/221505 [09:34<07:51, 211.76it/s]
ROP:  55%|█████▌    | 121858/221505 [09:35<07:50, 211.72it/s]
ROP:  55%|█████▌    | 121913/221505 [09:35<07:50, 211.77it/s]
ROP:  55%|█████▌    | 122018/221505 [09:35<07:49, 211.91it/s]
ROP:  55%|█████▌    | 122123/221505 [09:36<07:49, 211.89it/s]
ROP:  55%|█████▌    | 122235/221505 [09:36<07:48, 212.05it/s]
ROP:  55%|█████▌    | 122347/221505 [09:36<07:47, 212.17it/s]
ROP:  55%|█████▌    | 122459/221505 [09:37<07:46, 212.21it/s]
ROP:  55%|█████▌    | 122571/221505 [09:37<07:46, 212.23it/s]
ROP:  55%|█████▌    | 122683/221505 [09:37<07:45, 212.32it/s]
ROP:  55%|█████▌    | 122795/221505 [09:38<07:44, 212.43it/s]
ROP:  55%|█████▌    | 122907/221505 [09:39<07:44, 212.08it/s]
ROP:  56%|█████▌    | 122976/221505 [09:39<07:44, 212.15it/s]
ROP:  56%|█████▌    | 123045/221505 [09:39<07:43, 212.23it/s]
ROP:  56%|█████▌    | 123114/221505 [09:39<07:43, 212.28it/s]
ROP:  56%|█████▌    | 123194/221505 [09:40<07:42, 212.37it/s]
ROP:  56%|█████▌    | 123299/221505 [09:40<07:42, 212.52it/s]
ROP:  56%|█████▌    | 123404/221505 [09:40<07:41, 212.58it/s]
ROP:  56%|█████▌    | 123509/221505 [09:40<07:40, 212.58it/s]
ROP:  56%|█████▌    | 123614/221505 [09:41<07:40, 212.67it/s]
ROP:  56%|█████▌    | 123719/221505 [09:41<07:39, 212.71it/s]
ROP:  56%|█████▌    | 123824/221505 [09:41<07:38, 212.82it/s]
ROP:  56%|█████▌    | 123929/221505 [09:42<07:38, 212.77it/s]
ROP:  56%|█████▌    | 123959/221505 [09:42<07:38, 212.78it/s]
ROP:  56%|█████▌    | 124042/221505 [09:42<07:37, 212.89it/s]
ROP:  56%|█████▌    | 124125/221505 [09:42<07:37, 212.93it/s]
ROP:  56%|█████▌    | 124208/221505 [09:43<07:36, 213.02it/s]
ROP:  56%|█████▌    | 124291/221505 [09:43<07:36, 213.11it/s]
ROP:  56%|█████▌    | 124374/221505 [09:43<07:35, 213.17it/s]
ROP:  56%|█████▌    | 124502/221505 [09:43<07:34, 213.34it/s]
ROP:  56%|█████▋    | 124630/221505 [09:43<07:33, 213.48it/s]
ROP:  56%|█████▋    | 124758/221505 [09:44<07:32, 213.62it/s]
ROP:  56%|█████▋    | 124886/221505 [09:44<07:32, 213.67it/s]
ROP:  56%|█████▋    | 125014/221505 [09:44<07:31, 213.83it/s]
ROP:  56%|█████▋    | 125142/221505 [09:44<07:30, 213.93it/s]
ROP:  57%|█████▋    | 125270/221505 [09:45<07:29, 214.06it/s]
ROP:  57%|█████▋    | 125398/221505 [09:45<07:29, 214.00it/s]
ROP:  57%|█████▋    | 125415/221505 [09:46<07:29, 213.88it/s]
ROP:  57%|█████▋    | 125454/221505 [09:46<07:29, 213.89it/s]
ROP:  57%|█████▋    | 125493/221505 [09:47<07:29, 213.72it/s]
ROP:  57%|█████▋    | 125536/221505 [09:47<07:29, 213.73it/s]
ROP:  57%|█████▋    | 125610/221505 [09:47<07:28, 213.82it/s]
ROP:  57%|█████▋    | 125684/221505 [09:47<07:28, 213.86it/s]
ROP:  57%|█████▋    | 125758/221505 [09:47<07:27, 213.90it/s]
ROP:  57%|█████▋    | 125832/221505 [09:48<07:27, 213.78it/s]
ROP:  57%|█████▋    | 125843/221505 [09:48<07:27, 213.75it/s]
ROP:  57%|█████▋    | 126142/221505 [09:48<07:25, 214.22it/s]
ROP:  57%|█████▋    | 126521/221505 [09:49<07:22, 214.80it/s]
ROP:  57%|█████▋    | 126900/221505 [09:49<07:19, 215.12it/s]
ROP:  57%|█████▋    | 126944/221505 [09:50<07:19, 215.09it/s]
ROP:  57%|█████▋    | 127200/221505 [09:50<07:17, 215.46it/s]
ROP:  58%|█████▊    | 127456/221505 [09:51<07:16, 215.31it/s]
ROP:  58%|█████▊    | 127473/221505 [09:52<07:16, 215.29it/s]
ROP:  58%|█████▊    | 127490/221505 [09:52<07:16, 215.24it/s]
ROP:  58%|█████▊    | 127535/221505 [09:52<07:16, 215.26it/s]
ROP:  58%|█████▊    | 127580/221505 [09:52<07:16, 215.24it/s]
ROP:  58%|█████▊    | 127625/221505 [09:53<07:16, 215.04it/s]
ROP:  58%|█████▊    | 127691/221505 [09:53<07:16, 215.12it/s]
ROP:  58%|█████▊    | 127757/221505 [09:53<07:15, 215.19it/s]
ROP:  58%|█████▊    | 127886/221505 [09:53<07:14, 215.36it/s]
ROP:  58%|█████▊    | 128015/221505 [09:54<07:13, 215.44it/s]
ROP:  58%|█████▊    | 128144/221505 [09:54<07:13, 215.38it/s]
ROP:  58%|█████▊    | 128180/221505 [09:55<07:13, 215.40it/s]
ROP:  58%|█████▊    | 128216/221505 [09:55<07:13, 215.36it/s]
ROP:  58%|█████▊    | 128396/221505 [09:55<07:11, 215.62it/s]
ROP:  58%|█████▊    | 128576/221505 [09:55<07:10, 215.88it/s]
ROP:  58%|█████▊    | 128756/221505 [09:56<07:09, 215.76it/s]
ROP:  58%|█████▊    | 128783/221505 [09:56<07:09, 215.77it/s]
ROP:  58%|█████▊    | 128810/221505 [09:57<07:09, 215.75it/s]
ROP:  58%|█████▊    | 128937/221505 [09:57<07:08, 215.92it/s]
ROP:  58%|█████▊    | 129064/221505 [09:57<07:08, 215.98it/s]
ROP:  58%|█████▊    | 129191/221505 [09:57<07:07, 216.11it/s]
ROP:  58%|█████▊    | 129318/221505 [09:58<07:06, 216.22it/s]
ROP:  58%|█████▊    | 129445/221505 [09:58<07:05, 216.38it/s]
ROP:  58%|█████▊    | 129572/221505 [09:58<07:04, 216.52it/s]
ROP:  59%|█████▊    | 129699/221505 [09:58<07:03, 216.59it/s]
ROP:  59%|█████▊    | 129864/221505 [09:58<07:02, 216.82it/s]
ROP:  59%|█████▊    | 130029/221505 [09:59<07:01, 217.06it/s]
ROP:  59%|█████▉    | 130194/221505 [09:59<07:00, 217.22it/s]
ROP:  59%|█████▉    | 130194/221505 [10:00<07:00, 216.96it/s]
ROP:  59%|█████▉    | 130305/221505 [10:00<07:00, 217.14it/s]
ROP:  59%|█████▉    | 130344/221505 [10:00<06:59, 217.15it/s]
ROP:  59%|█████▉    | 130385/221505 [10:00<06:59, 217.17it/s]
ROP:  59%|█████▉    | 130426/221505 [10:00<06:59, 217.02it/s]
ROP:  59%|█████▉    | 130455/221505 [10:01<06:59, 217.03it/s]
ROP:  59%|█████▉    | 130484/221505 [10:01<06:59, 216.87it/s]
ROP:  59%|█████▉    | 130611/221505 [10:01<06:58, 217.04it/s]
ROP:  59%|█████▉    | 130738/221505 [10:02<06:58, 216.93it/s]
ROP:  59%|█████▉    | 130778/221505 [10:02<06:58, 216.93it/s]
ROP:  59%|█████▉    | 130834/221505 [10:02<06:57, 216.98it/s]
ROP:  59%|█████▉    | 130890/221505 [10:03<06:57, 216.90it/s]
ROP:  59%|█████▉    | 130946/221505 [10:03<06:57, 216.95it/s]
ROP:  59%|█████▉    | 131002/221505 [10:03<06:57, 217.00it/s]
ROP:  59%|█████▉    | 131058/221505 [10:04<06:57, 216.87it/s]
ROP:  59%|█████▉    | 131067/221505 [10:04<06:57, 216.79it/s]
ROP:  59%|█████▉    | 131077/221505 [10:04<06:57, 216.76it/s]
ROP:  59%|█████▉    | 131228/221505 [10:04<06:56, 216.95it/s]
ROP:  59%|█████▉    | 131379/221505 [10:05<06:55, 217.05it/s]
ROP:  59%|█████▉    | 131753/221505 [10:05<06:52, 217.64it/s]
ROP:  60%|█████▉    | 132127/221505 [10:05<06:49, 218.14it/s]
ROP:  60%|█████▉    | 132501/221505 [10:05<06:46, 218.72it/s]
ROP:  60%|█████▉    | 132875/221505 [10:07<06:45, 218.84it/s]
ROP:  60%|█████▉    | 132902/221505 [10:07<06:44, 218.82it/s]
ROP:  60%|██████    | 132929/221505 [10:07<06:44, 218.82it/s]
ROP:  60%|██████    | 132982/221505 [10:07<06:44, 218.85it/s]
ROP:  60%|██████    | 133035/221505 [10:08<06:44, 218.80it/s]
ROP:  60%|██████    | 133088/221505 [10:08<06:44, 218.78it/s]
ROP:  60%|██████    | 133141/221505 [10:08<06:44, 218.69it/s]
ROP:  60%|██████    | 133152/221505 [10:09<06:44, 218.61it/s]
ROP:  60%|██████    | 133219/221505 [10:09<06:43, 218.68it/s]
ROP:  60%|██████    | 133286/221505 [10:09<06:43, 218.67it/s]
ROP:  60%|██████    | 133380/221505 [10:09<06:42, 218.78it/s]
ROP:  60%|██████    | 133474/221505 [10:09<06:42, 218.87it/s]
ROP:  60%|██████    | 133633/221505 [10:09<06:41, 219.08it/s]
ROP:  60%|██████    | 133792/221505 [10:10<06:40, 219.26it/s]
ROP:  60%|██████    | 133951/221505 [10:11<06:39, 219.20it/s]
ROP:  61%|██████    | 134040/221505 [10:11<06:38, 219.30it/s]
ROP:  61%|██████    | 134129/221505 [10:11<06:38, 219.40it/s]
ROP:  61%|██████    | 134218/221505 [10:11<06:37, 219.41it/s]
ROP:  61%|██████    | 134307/221505 [10:11<06:37, 219.47it/s]
ROP:  61%|██████    | 134469/221505 [10:12<06:36, 219.69it/s]
ROP:  61%|██████    | 134631/221505 [10:12<06:35, 219.72it/s]
ROP:  61%|██████    | 134657/221505 [10:12<06:35, 219.68it/s]
ROP:  61%|██████    | 134864/221505 [10:13<06:33, 219.99it/s]
ROP:  61%|██████    | 135071/221505 [10:13<06:32, 220.15it/s]
ROP:  61%|██████    | 135278/221505 [10:14<06:31, 220.14it/s]
ROP:  61%|██████    | 135531/221505 [10:14<06:29, 220.51it/s]
ROP:  61%|██████▏   | 135784/221505 [10:15<06:28, 220.61it/s]
ROP:  61%|██████▏   | 135816/221505 [10:15<06:28, 220.62it/s]
ROP:  61%|██████▏   | 135849/221505 [10:15<06:28, 220.63it/s]
ROP:  61%|██████▏   | 135882/221505 [10:15<06:28, 220.64it/s]
ROP:  61%|██████▏   | 135915/221505 [10:16<06:27, 220.62it/s]
ROP:  61%|██████▏   | 135986/221505 [10:16<06:27, 220.70it/s]
ROP:  61%|██████▏   | 136057/221505 [10:16<06:27, 220.75it/s]
ROP:  61%|██████▏   | 136128/221505 [10:16<06:26, 220.81it/s]
ROP:  61%|██████▏   | 136199/221505 [10:16<06:26, 220.89it/s]
ROP:  62%|██████▏   | 136270/221505 [10:17<06:26, 220.79it/s]
ROP:  62%|██████▏   | 136283/221505 [10:17<06:26, 220.77it/s]
ROP:  62%|██████▏   | 136315/221505 [10:17<06:25, 220.77it/s]
ROP:  62%|██████▏   | 136347/221505 [10:17<06:25, 220.77it/s]
ROP:  62%|██████▏   | 136566/221505 [10:17<06:24, 221.08it/s]
ROP:  62%|██████▏   | 136819/221505 [10:17<06:22, 221.44it/s]
ROP:  62%|██████▏   | 137072/221505 [10:18<06:21, 221.56it/s]
ROP:  62%|██████▏   | 137106/221505 [10:18<06:20, 221.55it/s]
ROP:  62%|██████▏   | 137221/221505 [10:18<06:20, 221.69it/s]
ROP:  62%|██████▏   | 137221/221505 [10:20<06:20, 221.30it/s]
ROP:  62%|██████▏   | 137334/221505 [10:20<06:20, 221.46it/s]
ROP:  62%|██████▏   | 137540/221505 [10:20<06:18, 221.73it/s]
ROP:  62%|██████▏   | 137746/221505 [10:22<06:18, 221.32it/s]
ROP:  62%|██████▏   | 137968/221505 [10:22<06:16, 221.64it/s]
ROP:  62%|██████▏   | 138355/221505 [10:22<06:14, 222.22it/s]
ROP:  63%|██████▎   | 138742/221505 [10:22<06:11, 222.71it/s]
ROP:  63%|██████▎   | 139129/221505 [10:25<06:10, 222.41it/s]
ROP:  63%|██████▎   | 139237/221505 [10:25<06:09, 222.55it/s]
ROP:  63%|██████▎   | 139345/221505 [10:27<06:09, 222.21it/s]
ROP:  63%|██████▎   | 139357/221505 [10:27<06:09, 222.19it/s]
ROP:  63%|██████▎   | 139369/221505 [10:27<06:09, 222.17it/s]
ROP:  63%|██████▎   | 139409/221505 [10:27<06:09, 222.18it/s]
ROP:  63%|██████▎   | 139449/221505 [10:27<06:09, 222.14it/s]
ROP:  63%|██████▎   | 139489/221505 [10:27<06:09, 222.12it/s]
ROP:  63%|██████▎   | 139529/221505 [10:28<06:09, 222.06it/s]
ROP:  63%|██████▎   | 139569/221505 [10:28<06:09, 222.00it/s]
ROP:  63%|██████▎   | 139611/221505 [10:28<06:08, 222.02it/s]
ROP:  63%|██████▎   | 139653/221505 [10:28<06:08, 222.03it/s]
ROP:  63%|██████▎   | 139695/221505 [10:29<06:08, 222.03it/s]
ROP:  63%|██████▎   | 139737/221505 [10:29<06:08, 222.06it/s]
ROP:  63%|██████▎   | 139805/221505 [10:29<06:07, 222.12it/s]
ROP:  63%|██████▎   | 139873/221505 [10:29<06:07, 222.11it/s]
ROP:  63%|██████▎   | 139941/221505 [10:29<06:07, 222.13it/s]
ROP:  63%|██████▎   | 140009/221505 [10:30<06:07, 221.96it/s]
ROP:  63%|██████▎   | 140058/221505 [10:30<06:06, 221.97it/s]
ROP:  63%|██████▎   | 140107/221505 [10:31<06:06, 221.91it/s]
ROP:  63%|██████▎   | 140156/221505 [10:31<06:06, 221.89it/s]
ROP:  63%|██████▎   | 140205/221505 [10:31<06:06, 221.90it/s]
ROP:  63%|██████▎   | 140254/221505 [10:32<06:06, 221.92it/s]
ROP:  63%|██████▎   | 140355/221505 [10:32<06:05, 222.04it/s]
ROP:  63%|██████▎   | 140504/221505 [10:32<06:04, 222.23it/s]
ROP:  63%|██████▎   | 140653/221505 [10:32<06:03, 222.42it/s]
ROP:  64%|██████▎   | 140802/221505 [10:32<06:02, 222.54it/s]
ROP:  64%|██████▎   | 140951/221505 [10:33<06:01, 222.53it/s]
ROP:  64%|██████▎   | 140972/221505 [10:33<06:01, 222.51it/s]
ROP:  64%|██████▎   | 141097/221505 [10:33<06:01, 222.68it/s]
ROP:  64%|██████▍   | 141222/221505 [10:33<06:00, 222.84it/s]
ROP:  64%|██████▍   | 141347/221505 [10:34<05:59, 222.85it/s]
ROP:  64%|██████▍   | 141383/221505 [10:34<05:59, 222.87it/s]
ROP:  64%|██████▍   | 141419/221505 [10:34<05:59, 222.84it/s]
ROP:  64%|██████▍   | 141455/221505 [10:34<05:59, 222.84it/s]
ROP:  64%|██████▍   | 141563/221505 [10:34<05:58, 222.96it/s]
ROP:  64%|██████▍   | 141671/221505 [10:35<05:58, 222.99it/s]
ROP:  64%|██████▍   | 141779/221505 [10:36<05:57, 222.91it/s]
ROP:  64%|██████▍   | 141808/221505 [10:36<05:57, 222.92it/s]
ROP:  64%|██████▍   | 141837/221505 [10:36<05:57, 222.90it/s]
ROP:  64%|██████▍   | 141866/221505 [10:36<05:57, 222.88it/s]
ROP:  64%|██████▍   | 141959/221505 [10:36<05:56, 222.98it/s]
ROP:  64%|██████▍   | 142052/221505 [10:37<05:56, 222.97it/s]
ROP:  64%|██████▍   | 142147/221505 [10:37<05:55, 223.08it/s]
ROP:  64%|██████▍   | 142242/221505 [10:37<05:55, 223.13it/s]
ROP:  64%|██████▍   | 142337/221505 [10:38<05:54, 223.05it/s]
ROP:  64%|██████▍   | 142374/221505 [10:38<05:54, 223.05it/s]
ROP:  64%|██████▍   | 142411/221505 [10:38<05:54, 223.00it/s]
ROP:  64%|██████▍   | 142650/221505 [10:38<05:53, 223.33it/s]
ROP:  65%|██████▍   | 142889/221505 [10:39<05:51, 223.39it/s]
ROP:  65%|██████▍   | 142916/221505 [10:39<05:51, 223.37it/s]
ROP:  65%|██████▍   | 142985/221505 [10:39<05:51, 223.43it/s]
ROP:  65%|██████▍   | 143054/221505 [10:40<05:51, 223.29it/s]
ROP:  65%|██████▍   | 143069/221505 [10:40<05:51, 223.28it/s]
ROP:  65%|██████▍   | 143084/221505 [10:41<05:51, 223.13it/s]
ROP:  65%|██████▍   | 143111/221505 [10:41<05:51, 223.14it/s]
ROP:  65%|██████▍   | 143139/221505 [10:41<05:51, 223.14it/s]
ROP:  65%|██████▍   | 143167/221505 [10:41<05:51, 223.11it/s]
ROP:  65%|██████▍   | 143209/221505 [10:41<05:50, 223.12it/s]
ROP:  65%|██████▍   | 143251/221505 [10:41<05:50, 223.14it/s]
ROP:  65%|██████▍   | 143293/221505 [10:42<05:50, 223.12it/s]
ROP:  65%|██████▍   | 143335/221505 [10:42<05:50, 223.14it/s]
ROP:  65%|██████▍   | 143435/221505 [10:42<05:49, 223.22it/s]
ROP:  65%|██████▍   | 143535/221505 [10:43<05:49, 222.89it/s]
ROP:  65%|██████▍   | 143568/221505 [10:44<05:49, 222.88it/s]
ROP:  65%|██████▍   | 143601/221505 [10:44<05:49, 222.80it/s]
ROP:  65%|██████▍   | 143634/221505 [10:44<05:49, 222.76it/s]
ROP:  65%|██████▍   | 143834/221505 [10:44<05:48, 223.03it/s]
ROP:  65%|██████▌   | 144034/221505 [10:45<05:47, 223.10it/s]
ROP:  65%|██████▌   | 144062/221505 [10:45<05:47, 223.04it/s]
ROP:  65%|██████▌   | 144150/221505 [10:46<05:46, 223.12it/s]
ROP:  65%|██████▌   | 144238/221505 [10:46<05:46, 223.17it/s]
ROP:  65%|██████▌   | 144432/221505 [10:46<05:44, 223.43it/s]
ROP:  65%|██████▌   | 144626/221505 [10:47<05:44, 223.33it/s]
ROP:  65%|██████▌   | 144643/221505 [10:47<05:44, 223.27it/s]
ROP:  65%|██████▌   | 144738/221505 [10:47<05:43, 223.36it/s]
ROP:  65%|██████▌   | 144833/221505 [10:48<05:43, 223.44it/s]
ROP:  65%|██████▌   | 144928/221505 [10:48<05:42, 223.43it/s]
ROP:  65%|██████▌   | 145023/221505 [10:48<05:42, 223.46it/s]
ROP:  66%|██████▌   | 145118/221505 [10:49<05:41, 223.44it/s]
ROP:  66%|██████▌   | 145214/221505 [10:49<05:41, 223.50it/s]
ROP:  66%|██████▌   | 145327/221505 [10:49<05:40, 223.63it/s]
ROP:  66%|██████▌   | 145440/221505 [10:50<05:40, 223.68it/s]
ROP:  66%|██████▌   | 145553/221505 [10:50<05:39, 223.73it/s]
ROP:  66%|██████▌   | 145666/221505 [10:51<05:38, 223.74it/s]
ROP:  66%|██████▌   | 145779/221505 [10:51<05:38, 223.70it/s]
ROP:  66%|██████▌   | 145797/221505 [10:51<05:38, 223.62it/s]
ROP:  66%|██████▌   | 145986/221505 [10:52<05:37, 223.86it/s]
ROP:  66%|██████▌   | 146175/221505 [10:53<05:36, 223.56it/s]
ROP:  66%|██████▌   | 146190/221505 [10:53<05:36, 223.55it/s]
ROP:  66%|██████▌   | 146205/221505 [10:54<05:36, 223.51it/s]
ROP:  66%|██████▌   | 146428/221505 [10:54<05:35, 223.80it/s]
ROP:  66%|██████▌   | 146651/221505 [10:55<05:34, 223.63it/s]
ROP:  66%|██████▌   | 146676/221505 [10:55<05:34, 223.62it/s]
ROP:  66%|██████▌   | 146701/221505 [10:56<05:34, 223.58it/s]
ROP:  66%|██████▌   | 146726/221505 [10:56<05:34, 223.45it/s]
ROP:  66%|██████▋   | 146750/221505 [10:56<05:34, 223.42it/s]
ROP:  66%|██████▋   | 146774/221505 [10:57<05:34, 223.31it/s]
ROP:  66%|██████▋   | 146833/221505 [10:57<05:34, 223.36it/s]
ROP:  66%|██████▋   | 146892/221505 [10:57<05:34, 223.39it/s]
ROP:  66%|██████▋   | 146951/221505 [10:57<05:33, 223.44it/s]
ROP:  66%|██████▋   | 147035/221505 [10:57<05:33, 223.53it/s]
ROP:  66%|██████▋   | 147119/221505 [10:58<05:32, 223.57it/s]
ROP:  66%|██████▋   | 147203/221505 [10:58<05:32, 223.65it/s]
ROP:  66%|██████▋   | 147287/221505 [10:58<05:31, 223.71it/s]
ROP:  67%|██████▋   | 147371/221505 [10:59<05:31, 223.59it/s]
ROP:  67%|██████▋   | 147384/221505 [10:59<05:31, 223.55it/s]
ROP:  67%|██████▋   | 147397/221505 [10:59<05:31, 223.53it/s]
ROP:  67%|██████▋   | 147465/221505 [10:59<05:31, 223.59it/s]
ROP:  67%|██████▋   | 147533/221505 [10:59<05:30, 223.63it/s]
ROP:  67%|██████▋   | 147644/221505 [10:59<05:30, 223.76it/s]
ROP:  67%|██████▋   | 147755/221505 [11:00<05:29, 223.86it/s]
ROP:  67%|██████▋   | 147866/221505 [11:00<05:29, 223.72it/s]
ROP:  67%|██████▋   | 147921/221505 [11:01<05:28, 223.77it/s]
ROP:  67%|██████▋   | 147976/221505 [11:01<05:28, 223.73it/s]
ROP:  67%|██████▋   | 148055/221505 [11:01<05:28, 223.81it/s]
ROP:  67%|██████▋   | 148134/221505 [11:01<05:27, 223.87it/s]
ROP:  67%|██████▋   | 148213/221505 [11:02<05:27, 223.84it/s]
ROP:  67%|██████▋   | 148292/221505 [11:02<05:27, 223.85it/s]
ROP:  67%|██████▋   | 148371/221505 [11:02<05:26, 223.94it/s]
ROP:  67%|██████▋   | 148450/221505 [11:03<05:26, 223.89it/s]
ROP:  67%|██████▋   | 148634/221505 [11:03<05:25, 224.14it/s]
ROP:  67%|██████▋   | 149027/221505 [11:03<05:22, 224.70it/s]
ROP:  67%|██████▋   | 149420/221505 [11:04<05:20, 224.81it/s]
ROP:  67%|██████▋   | 149448/221505 [11:04<05:20, 224.75it/s]
ROP:  67%|██████▋   | 149476/221505 [11:05<05:20, 224.74it/s]
ROP:  68%|██████▊   | 149605/221505 [11:05<05:19, 224.90it/s]
ROP:  68%|██████▊   | 149776/221505 [11:05<05:18, 225.12it/s]
ROP:  68%|██████▊   | 149947/221505 [11:05<05:17, 225.26it/s]
ROP:  68%|██████▊   | 150118/221505 [11:06<05:16, 225.25it/s]
ROP:  68%|██████▊   | 150141/221505 [11:07<05:17, 225.07it/s]
ROP:  68%|██████▊   | 150154/221505 [11:07<05:17, 225.04it/s]
ROP:  68%|██████▊   | 150209/221505 [11:07<05:16, 225.09it/s]
ROP:  68%|██████▊   | 150264/221505 [11:07<05:16, 225.10it/s]
ROP:  68%|██████▊   | 150319/221505 [11:07<05:16, 225.12it/s]
ROP:  68%|██████▊   | 150374/221505 [11:07<05:15, 225.15it/s]
ROP:  68%|██████▊   | 150429/221505 [11:08<05:15, 225.14it/s]
ROP:  68%|██████▊   | 150484/221505 [11:08<05:15, 225.13it/s]
ROP:  68%|██████▊   | 150578/221505 [11:08<05:14, 225.24it/s]
ROP:  68%|██████▊   | 150672/221505 [11:09<05:14, 225.21it/s]
ROP:  68%|██████▊   | 150707/221505 [11:09<05:14, 225.22it/s]
ROP:  68%|██████▊   | 150753/221505 [11:09<05:14, 225.25it/s]
ROP:  68%|██████▊   | 150799/221505 [11:09<05:13, 225.21it/s]
ROP:  68%|██████▊   | 150845/221505 [11:10<05:13, 225.12it/s]
ROP:  68%|██████▊   | 150891/221505 [11:10<05:13, 225.07it/s]
ROP:  68%|██████▊   | 150945/221505 [11:10<05:13, 225.10it/s]
ROP:  68%|██████▊   | 150999/221505 [11:11<05:13, 224.91it/s]
ROP:  68%|██████▊   | 151049/221505 [11:11<05:13, 224.94it/s]
ROP:  68%|██████▊   | 151105/221505 [11:11<05:12, 224.99it/s]
ROP:  68%|██████▊   | 151166/221505 [11:11<05:12, 224.98it/s]
ROP:  68%|██████▊   | 151227/221505 [11:12<05:12, 224.96it/s]
ROP:  68%|██████▊   | 151288/221505 [11:12<05:12, 224.92it/s]
ROP:  68%|██████▊   | 151349/221505 [11:12<05:11, 224.92it/s]
ROP:  68%|██████▊   | 151410/221505 [11:13<05:11, 224.85it/s]
ROP:  68%|██████▊   | 151471/221505 [11:13<05:11, 224.85it/s]
ROP:  68%|██████▊   | 151532/221505 [11:13<05:11, 224.89it/s]
ROP:  68%|██████▊   | 151593/221505 [11:14<05:11, 224.77it/s]
ROP:  68%|██████▊   | 151634/221505 [11:14<05:10, 224.79it/s]
ROP:  68%|██████▊   | 151678/221505 [11:14<05:10, 224.82it/s]
ROP:  68%|██████▊   | 151722/221505 [11:14<05:10, 224.80it/s]
ROP:  69%|██████▊   | 151766/221505 [11:15<05:10, 224.80it/s]
ROP:  69%|██████▊   | 151813/221505 [11:15<05:09, 224.83it/s]
ROP:  69%|██████▊   | 151860/221505 [11:15<05:09, 224.78it/s]
ROP:  69%|██████▊   | 151907/221505 [11:15<05:09, 224.78it/s]
ROP:  69%|██████▊   | 151954/221505 [11:16<05:09, 224.70it/s]
ROP:  69%|██████▊   | 152001/221505 [11:16<05:09, 224.59it/s]
ROP:  69%|██████▊   | 152027/221505 [11:16<05:09, 224.59it/s]
ROP:  69%|██████▊   | 152071/221505 [11:17<05:09, 224.62it/s]
ROP:  69%|██████▊   | 152115/221505 [11:17<05:08, 224.59it/s]
ROP:  69%|██████▊   | 152159/221505 [11:17<05:08, 224.55it/s]
ROP:  69%|██████▊   | 152203/221505 [11:17<05:08, 224.51it/s]
ROP:  69%|██████▊   | 152251/221505 [11:18<05:08, 224.54it/s]
ROP:  69%|██████▉   | 152299/221505 [11:18<05:08, 224.47it/s]
ROP:  69%|██████▉   | 152347/221505 [11:18<05:08, 224.45it/s]
ROP:  69%|██████▉   | 152419/221505 [11:18<05:07, 224.51it/s]
ROP:  69%|██████▉   | 152491/221505 [11:19<05:07, 224.55it/s]
ROP:  69%|██████▉   | 152642/221505 [11:19<05:06, 224.73it/s]
ROP:  69%|██████▉   | 152793/221505 [11:19<05:05, 224.90it/s]
ROP:  69%|██████▉   | 152944/221505 [11:19<05:04, 225.08it/s]
ROP:  69%|██████▉   | 153102/221505 [11:19<05:03, 225.27it/s]
ROP:  69%|██████▉   | 153260/221505 [11:20<05:03, 225.19it/s]
ROP:  69%|██████▉   | 153561/221505 [11:20<05:01, 225.60it/s]
ROP:  69%|██████▉   | 153862/221505 [11:21<04:59, 225.66it/s]
ROP:  69%|██████▉   | 153889/221505 [11:21<04:59, 225.64it/s]
ROP:  69%|██████▉   | 153916/221505 [11:22<04:59, 225.64it/s]
ROP:  70%|██████▉   | 153987/221505 [11:22<04:59, 225.69it/s]
ROP:  70%|██████▉   | 154058/221505 [11:22<04:58, 225.75it/s]
ROP:  70%|██████▉   | 154129/221505 [11:22<04:58, 225.71it/s]
ROP:  70%|██████▉   | 154200/221505 [11:23<04:58, 225.66it/s]
ROP:  70%|██████▉   | 154278/221505 [11:23<04:57, 225.73it/s]
ROP:  70%|██████▉   | 154356/221505 [11:24<04:57, 225.54it/s]
ROP:  70%|██████▉   | 154378/221505 [11:24<04:57, 225.53it/s]
ROP:  70%|██████▉   | 154400/221505 [11:24<04:57, 225.50it/s]
ROP:  70%|██████▉   | 154461/221505 [11:24<04:57, 225.53it/s]
ROP:  70%|██████▉   | 154522/221505 [11:25<04:57, 225.34it/s]
ROP:  70%|██████▉   | 154531/221505 [11:25<04:57, 225.32it/s]
ROP:  70%|██████▉   | 154540/221505 [11:26<04:57, 225.21it/s]
ROP:  70%|██████▉   | 154694/221505 [11:26<04:56, 225.40it/s]
ROP:  70%|██████▉   | 154848/221505 [11:26<04:55, 225.50it/s]
ROP:  70%|██████▉   | 155002/221505 [11:27<04:54, 225.61it/s]
ROP:  70%|███████   | 155156/221505 [11:27<04:54, 225.62it/s]
ROP:  70%|███████   | 155204/221505 [11:27<04:53, 225.65it/s]
ROP:  70%|███████   | 155252/221505 [11:28<04:53, 225.61it/s]
ROP:  70%|███████   | 155300/221505 [11:28<04:53, 225.64it/s]
ROP:  70%|███████   | 155442/221505 [11:28<04:52, 225.80it/s]
ROP:  70%|███████   | 155584/221505 [11:28<04:51, 225.82it/s]
ROP:  70%|███████   | 155708/221505 [11:29<04:51, 225.97it/s]
ROP:  70%|███████   | 155832/221505 [11:29<04:50, 226.02it/s]
ROP:  70%|███████   | 155832/221505 [11:30<04:50, 225.82it/s]
ROP:  70%|███████   | 155935/221505 [11:30<04:50, 225.95it/s]
ROP:  70%|███████   | 156090/221505 [11:30<04:49, 226.15it/s]
ROP:  71%|███████   | 156245/221505 [11:31<04:48, 226.00it/s]
ROP:  71%|███████   | 156340/221505 [11:31<04:48, 226.10it/s]
ROP:  71%|███████   | 156435/221505 [11:32<04:48, 225.80it/s]
ROP:  71%|███████   | 156443/221505 [11:33<04:48, 225.70it/s]
ROP:  71%|███████   | 156473/221505 [11:33<04:48, 225.70it/s]
ROP:  71%|███████   | 156566/221505 [11:33<04:47, 225.80it/s]
ROP:  71%|███████   | 156659/221505 [11:33<04:47, 225.90it/s]
ROP:  71%|███████   | 156752/221505 [11:33<04:46, 225.93it/s]
ROP:  71%|███████   | 156845/221505 [11:34<04:46, 225.92it/s]
ROP:  71%|███████   | 156938/221505 [11:34<04:45, 225.89it/s]
ROP:  71%|███████   | 156975/221505 [11:34<04:45, 225.88it/s]
ROP:  71%|███████   | 157109/221505 [11:35<04:44, 226.04it/s]
ROP:  71%|███████   | 157243/221505 [11:35<04:44, 226.08it/s]
ROP:  71%|███████   | 157377/221505 [11:36<04:43, 226.09it/s]
ROP:  71%|███████   | 157402/221505 [11:36<04:43, 226.08it/s]
ROP:  71%|███████   | 157427/221505 [11:36<04:43, 226.08it/s]
ROP:  71%|███████   | 157528/221505 [11:36<04:42, 226.18it/s]
ROP:  71%|███████   | 157629/221505 [11:36<04:42, 226.28it/s]
ROP:  71%|███████   | 157730/221505 [11:36<04:41, 226.34it/s]
ROP:  71%|███████▏  | 157845/221505 [11:36<04:41, 226.47it/s]
ROP:  71%|███████▏  | 157966/221505 [11:37<04:40, 226.59it/s]
ROP:  71%|███████▏  | 158087/221505 [11:37<04:39, 226.62it/s]
ROP:  71%|███████▏  | 158208/221505 [11:38<04:39, 226.52it/s]
ROP:  71%|███████▏  | 158223/221505 [11:38<04:39, 226.45it/s]
ROP:  71%|███████▏  | 158238/221505 [11:38<04:39, 226.41it/s]
ROP:  71%|███████▏  | 158253/221505 [11:39<04:39, 226.36it/s]
ROP:  71%|███████▏  | 158305/221505 [11:39<04:39, 226.40it/s]
ROP:  71%|███████▏  | 158357/221505 [11:39<04:39, 226.27it/s]
ROP:  72%|███████▏  | 158385/221505 [11:40<04:38, 226.26it/s]
ROP:  72%|███████▏  | 158503/221505 [11:40<04:38, 226.39it/s]
ROP:  72%|███████▏  | 158621/221505 [11:40<04:37, 226.39it/s]
ROP:  72%|███████▏  | 158704/221505 [11:40<04:37, 226.47it/s]
ROP:  72%|███████▏  | 158787/221505 [11:40<04:36, 226.55it/s]
ROP:  72%|███████▏  | 158882/221505 [11:41<04:36, 226.64it/s]
ROP:  72%|███████▏  | 159093/221505 [11:41<04:35, 226.91it/s]
ROP:  72%|███████▏  | 159322/221505 [11:41<04:33, 227.18it/s]
ROP:  72%|███████▏  | 159551/221505 [11:41<04:32, 227.37it/s]
ROP:  72%|███████▏  | 159780/221505 [11:41<04:31, 227.66it/s]
ROP:  72%|███████▏  | 160009/221505 [11:42<04:29, 227.91it/s]
ROP:  72%|███████▏  | 160238/221505 [11:42<04:28, 228.08it/s]
ROP:  72%|███████▏  | 160467/221505 [11:43<04:27, 228.23it/s]
ROP:  72%|███████▏  | 160512/221505 [11:43<04:27, 228.22it/s]
ROP:  72%|███████▏  | 160583/221505 [11:43<04:26, 228.27it/s]
ROP:  73%|███████▎  | 160654/221505 [11:43<04:26, 228.25it/s]
ROP:  73%|███████▎  | 160725/221505 [11:44<04:26, 228.27it/s]
ROP:  73%|███████▎  | 160807/221505 [11:44<04:25, 228.35it/s]
ROP:  73%|███████▎  | 160889/221505 [11:44<04:25, 228.40it/s]
ROP:  73%|███████▎  | 160971/221505 [11:44<04:25, 228.35it/s]
ROP:  73%|███████▎  | 160990/221505 [11:45<04:25, 228.34it/s]
ROP:  73%|███████▎  | 161037/221505 [11:45<04:24, 228.37it/s]
ROP:  73%|███████▎  | 161084/221505 [11:45<04:24, 228.39it/s]
ROP:  73%|███████▎  | 161169/221505 [11:45<04:24, 228.47it/s]
ROP:  73%|███████▎  | 161254/221505 [11:45<04:23, 228.51it/s]
ROP:  73%|███████▎  | 161339/221505 [11:46<04:23, 228.49it/s]
ROP:  73%|███████▎  | 161424/221505 [11:46<04:22, 228.57it/s]
ROP:  73%|███████▎  | 161509/221505 [11:46<04:22, 228.49it/s]
ROP:  73%|███████▎  | 161547/221505 [11:46<04:22, 228.50it/s]
ROP:  73%|███████▎  | 161614/221505 [11:47<04:22, 228.55it/s]
ROP:  73%|███████▎  | 161681/221505 [11:47<04:21, 228.60it/s]
ROP:  73%|███████▎  | 161879/221505 [11:47<04:20, 228.83it/s]
ROP:  73%|███████▎  | 162077/221505 [11:47<04:19, 228.98it/s]
ROP:  73%|███████▎  | 162275/221505 [11:48<04:18, 228.93it/s]
ROP:  73%|███████▎  | 162315/221505 [11:49<04:18, 228.90it/s]
ROP:  73%|███████▎  | 162410/221505 [11:49<04:18, 229.01it/s]
ROP:  73%|███████▎  | 162505/221505 [11:49<04:17, 229.02it/s]
ROP:  73%|███████▎  | 162505/221505 [11:50<04:17, 228.86it/s]
ROP:  73%|███████▎  | 162560/221505 [11:50<04:17, 228.92it/s]
ROP:  73%|███████▎  | 162570/221505 [11:50<04:17, 228.89it/s]
ROP:  73%|███████▎  | 162664/221505 [11:50<04:16, 228.99it/s]
ROP:  73%|███████▎  | 162758/221505 [11:50<04:16, 228.95it/s]
ROP:  73%|███████▎  | 162777/221505 [11:51<04:16, 228.88it/s]
ROP:  73%|███████▎  | 162796/221505 [11:51<04:16, 228.87it/s]
ROP:  74%|███████▎  | 162985/221505 [11:51<04:15, 229.07it/s]
ROP:  74%|███████▎  | 163174/221505 [11:53<04:14, 228.83it/s]
ROP:  74%|███████▎  | 163187/221505 [11:53<04:14, 228.75it/s]
ROP:  74%|███████▎  | 163208/221505 [11:53<04:14, 228.75it/s]
ROP:  74%|███████▎  | 163229/221505 [11:53<04:14, 228.63it/s]
ROP:  74%|███████▎  | 163251/221505 [11:54<04:14, 228.61it/s]
ROP:  74%|███████▎  | 163273/221505 [11:54<04:14, 228.58it/s]
ROP:  74%|███████▎  | 163295/221505 [11:54<04:14, 228.51it/s]
ROP:  74%|███████▎  | 163348/221505 [11:54<04:14, 228.55it/s]
ROP:  74%|███████▍  | 163401/221505 [11:55<04:14, 228.35it/s]
ROP:  74%|███████▍  | 163427/221505 [11:55<04:14, 228.33it/s]
ROP:  74%|███████▍  | 163453/221505 [11:55<04:14, 228.33it/s]
ROP:  74%|███████▍  | 163479/221505 [11:56<04:14, 228.24it/s]
ROP:  74%|███████▍  | 163505/221505 [11:56<04:14, 228.20it/s]
ROP:  74%|███████▍  | 163531/221505 [11:56<04:14, 228.15it/s]
ROP:  74%|███████▍  | 163570/221505 [11:56<04:13, 228.16it/s]
ROP:  74%|███████▍  | 163609/221505 [11:57<04:13, 228.14it/s]
ROP:  74%|███████▍  | 163682/221505 [11:57<04:13, 228.21it/s]
ROP:  74%|███████▍  | 163755/221505 [11:57<04:13, 228.19it/s]
ROP:  74%|███████▍  | 163828/221505 [11:58<04:12, 228.15it/s]
ROP:  74%|███████▍  | 163901/221505 [11:58<04:12, 228.21it/s]
ROP:  74%|███████▍  | 163974/221505 [11:58<04:12, 228.19it/s]
ROP:  74%|███████▍  | 164047/221505 [11:58<04:11, 228.24it/s]
ROP:  74%|███████▍  | 164120/221505 [11:59<04:11, 228.22it/s]
ROP:  74%|███████▍  | 164193/221505 [11:59<04:11, 228.25it/s]
ROP:  74%|███████▍  | 164266/221505 [11:59<04:10, 228.28it/s]
ROP:  74%|███████▍  | 164266/221505 [12:00<04:10, 228.12it/s]
ROP:  74%|███████▍  | 164327/221505 [12:00<04:10, 228.19it/s]
ROP:  74%|███████▍  | 164338/221505 [12:00<04:10, 228.12it/s]
ROP:  74%|███████▍  | 164397/221505 [12:00<04:10, 228.15it/s]
ROP:  74%|███████▍  | 164456/221505 [12:00<04:10, 228.18it/s]
ROP:  74%|███████▍  | 164515/221505 [12:01<04:09, 228.12it/s]
ROP:  74%|███████▍  | 164574/221505 [12:01<04:09, 228.16it/s]
ROP:  74%|███████▍  | 164633/221505 [12:01<04:09, 228.11it/s]
ROP:  74%|███████▍  | 164692/221505 [12:02<04:09, 228.10it/s]
ROP:  74%|███████▍  | 164751/221505 [12:02<04:08, 228.01it/s]
ROP:  74%|███████▍  | 164806/221505 [12:02<04:08, 228.05it/s]
ROP:  74%|███████▍  | 164861/221505 [12:03<04:08, 228.01it/s]
ROP:  74%|███████▍  | 164996/221505 [12:03<04:07, 228.16it/s]
ROP:  75%|███████▍  | 165131/221505 [12:03<04:06, 228.27it/s]
ROP:  75%|███████▍  | 165266/221505 [12:04<04:06, 228.21it/s]
ROP:  75%|███████▍  | 165430/221505 [12:04<04:05, 228.40it/s]
ROP:  75%|███████▍  | 165594/221505 [12:04<04:04, 228.44it/s]
ROP:  75%|███████▍  | 165623/221505 [12:05<04:04, 228.43it/s]
ROP:  75%|███████▍  | 165652/221505 [12:05<04:04, 228.41it/s]
ROP:  75%|███████▍  | 165707/221505 [12:05<04:04, 228.44it/s]
ROP:  75%|███████▍  | 165762/221505 [12:05<04:03, 228.47it/s]
ROP:  75%|███████▍  | 165828/221505 [12:05<04:03, 228.52it/s]
ROP:  75%|███████▍  | 165993/221505 [12:05<04:02, 228.70it/s]
ROP:  75%|███████▌  | 166158/221505 [12:06<04:02, 228.64it/s]
ROP:  75%|███████▌  | 166234/221505 [12:06<04:01, 228.71it/s]
ROP:  75%|███████▌  | 166310/221505 [12:07<04:01, 228.71it/s]
ROP:  75%|███████▌  | 166386/221505 [12:08<04:01, 228.46it/s]
ROP:  75%|███████▌  | 166409/221505 [12:08<04:01, 228.45it/s]
ROP:  75%|███████▌  | 166442/221505 [12:08<04:01, 228.46it/s]
ROP:  75%|███████▌  | 166492/221505 [12:08<04:00, 228.49it/s]
ROP:  75%|███████▌  | 166542/221505 [12:08<04:00, 228.48it/s]
ROP:  75%|███████▌  | 166592/221505 [12:09<04:00, 228.47it/s]
ROP:  75%|███████▌  | 166642/221505 [12:09<04:00, 228.49it/s]
ROP:  75%|███████▌  | 166692/221505 [12:09<03:59, 228.47it/s]
ROP:  75%|███████▌  | 166785/221505 [12:09<03:59, 228.53it/s]
ROP:  75%|███████▌  | 166878/221505 [12:10<03:59, 228.39it/s]
ROP:  75%|███████▌  | 166897/221505 [12:10<03:59, 228.37it/s]
ROP:  75%|███████▌  | 166961/221505 [12:10<03:58, 228.42it/s]
ROP:  75%|███████▌  | 167025/221505 [12:11<03:58, 228.47it/s]
ROP:  75%|███████▌  | 167135/221505 [12:11<03:57, 228.57it/s]
ROP:  76%|███████▌  | 167245/221505 [12:11<03:57, 228.60it/s]
ROP:  76%|███████▌  | 167355/221505 [12:11<03:56, 228.63it/s]
ROP:  76%|███████▌  | 167465/221505 [12:12<03:56, 228.64it/s]
ROP:  76%|███████▌  | 167575/221505 [12:12<03:55, 228.73it/s]
ROP:  76%|███████▌  | 167685/221505 [12:12<03:55, 228.80it/s]
ROP:  76%|███████▌  | 167795/221505 [12:13<03:54, 228.91it/s]
ROP:  76%|███████▌  | 167905/221505 [12:13<03:54, 229.01it/s]
ROP:  76%|███████▌  | 168015/221505 [12:13<03:53, 229.10it/s]
ROP:  76%|███████▌  | 168125/221505 [12:13<03:52, 229.22it/s]
ROP:  76%|███████▌  | 168235/221505 [12:13<03:52, 229.25it/s]
ROP:  76%|███████▌  | 168345/221505 [12:14<03:52, 229.13it/s]
ROP:  76%|███████▌  | 168366/221505 [12:14<03:51, 229.10it/s]
ROP:  76%|███████▌  | 168458/221505 [12:15<03:51, 229.19it/s]
ROP:  76%|███████▌  | 168550/221505 [12:15<03:51, 229.16it/s]
ROP:  76%|███████▌  | 168642/221505 [12:15<03:50, 229.22it/s]
ROP:  76%|███████▌  | 168748/221505 [12:15<03:50, 229.33it/s]
ROP:  76%|███████▌  | 168854/221505 [12:16<03:49, 229.33it/s]
ROP:  76%|███████▋  | 168960/221505 [12:16<03:49, 229.40it/s]
ROP:  76%|███████▋  | 169066/221505 [12:16<03:48, 229.42it/s]
ROP:  76%|███████▋  | 169172/221505 [12:17<03:48, 229.48it/s]
ROP:  76%|███████▋  | 169282/221505 [12:17<03:47, 229.60it/s]
ROP:  76%|███████▋  | 169392/221505 [12:18<03:47, 229.45it/s]
ROP:  77%|███████▋  | 169472/221505 [12:18<03:46, 229.52it/s]
ROP:  77%|███████▋  | 169562/221505 [12:18<03:46, 229.61it/s]
ROP:  77%|███████▋  | 169652/221505 [12:19<03:45, 229.57it/s]
ROP:  77%|███████▋  | 169702/221505 [12:19<03:45, 229.58it/s]
ROP:  77%|███████▋  | 169778/221505 [12:19<03:45, 229.65it/s]
ROP:  77%|███████▋  | 169854/221505 [12:19<03:44, 229.66it/s]
ROP:  77%|███████▋  | 169930/221505 [12:19<03:44, 229.73it/s]
ROP:  77%|███████▋  | 170006/221505 [12:19<03:44, 229.77it/s]
ROP:  77%|███████▋  | 170082/221505 [12:20<03:43, 229.81it/s]
ROP:  77%|███████▋  | 170162/221505 [12:20<03:43, 229.89it/s]
ROP:  77%|███████▋  | 170242/221505 [12:21<03:43, 229.70it/s]
ROP:  77%|███████▋  | 170251/221505 [12:21<03:43, 229.63it/s]
ROP:  77%|███████▋  | 170303/221505 [12:21<03:42, 229.66it/s]
ROP:  77%|███████▋  | 170355/221505 [12:22<03:43, 229.35it/s]
ROP:  77%|███████▋  | 170416/221505 [12:22<03:42, 229.39it/s]
ROP:  77%|███████▋  | 170502/221505 [12:23<03:42, 229.47it/s]
ROP:  77%|███████▋  | 170588/221505 [12:23<03:41, 229.42it/s]
ROP:  77%|███████▋  | 170676/221505 [12:23<03:41, 229.47it/s]
ROP:  77%|███████▋  | 170764/221505 [12:24<03:41, 229.49it/s]
ROP:  77%|███████▋  | 170852/221505 [12:25<03:40, 229.31it/s]
ROP:  77%|███████▋  | 170863/221505 [12:25<03:40, 229.30it/s]
ROP:  77%|███████▋  | 170919/221505 [12:25<03:40, 229.32it/s]
ROP:  77%|███████▋  | 171059/221505 [12:25<03:39, 229.47it/s]
ROP:  77%|███████▋  | 171199/221505 [12:25<03:39, 229.58it/s]
ROP:  77%|███████▋  | 171517/221505 [12:25<03:37, 229.97it/s]
ROP:  78%|███████▊  | 171835/221505 [12:26<03:35, 230.05it/s]
ROP:  78%|███████▊  | 171923/221505 [12:27<03:35, 230.13it/s]
ROP:  78%|███████▊  | 172011/221505 [12:28<03:35, 229.93it/s]
ROP:  78%|███████▊  | 172048/221505 [12:28<03:35, 229.94it/s]
ROP:  78%|███████▊  | 172085/221505 [12:28<03:34, 229.96it/s]
ROP:  78%|███████▊  | 172140/221505 [12:28<03:34, 230.00it/s]
ROP:  78%|███████▊  | 172195/221505 [12:28<03:34, 229.99it/s]
ROP:  78%|███████▊  | 172265/221505 [12:28<03:34, 230.05it/s]
ROP:  78%|███████▊  | 172382/221505 [12:28<03:33, 230.16it/s]
ROP:  78%|███████▊  | 172499/221505 [12:29<03:33, 230.04it/s]
ROP:  78%|███████▊  | 172537/221505 [12:29<03:32, 230.06it/s]
ROP:  78%|███████▊  | 172575/221505 [12:30<03:32, 230.02it/s]
ROP:  78%|███████▊  | 172622/221505 [12:30<03:32, 230.05it/s]
ROP:  78%|███████▊  | 172669/221505 [12:30<03:32, 229.98it/s]
ROP:  78%|███████▊  | 172756/221505 [12:31<03:31, 229.96it/s]
ROP:  78%|███████▊  | 172843/221505 [12:31<03:31, 229.98it/s]
ROP:  78%|███████▊  | 172930/221505 [12:31<03:31, 230.03it/s]
ROP:  78%|███████▊  | 173079/221505 [12:31<03:30, 230.19it/s]
ROP:  78%|███████▊  | 173228/221505 [12:32<03:29, 230.14it/s]
ROP:  78%|███████▊  | 173460/221505 [12:32<03:28, 230.41it/s]
ROP:  78%|███████▊  | 173712/221505 [12:32<03:27, 230.71it/s]
ROP:  79%|███████▊  | 173964/221505 [12:33<03:25, 230.79it/s]
ROP:  79%|███████▊  | 174043/221505 [12:33<03:25, 230.85it/s]
ROP:  79%|███████▊  | 174122/221505 [12:34<03:25, 230.88it/s]
ROP:  79%|███████▊  | 174201/221505 [12:34<03:24, 230.95it/s]
ROP:  79%|███████▊  | 174434/221505 [12:34<03:23, 231.22it/s]
ROP:  79%|███████▉  | 174667/221505 [12:34<03:22, 231.42it/s]
ROP:  79%|███████▉  | 174900/221505 [12:35<03:21, 231.56it/s]
ROP:  79%|███████▉  | 175123/221505 [12:35<03:20, 231.82it/s]
ROP:  79%|███████▉  | 175346/221505 [12:36<03:19, 231.87it/s]
ROP:  79%|███████▉  | 175375/221505 [12:36<03:18, 231.87it/s]
ROP:  79%|███████▉  | 175408/221505 [12:36<03:18, 231.87it/s]
ROP:  79%|███████▉  | 175462/221505 [12:36<03:18, 231.90it/s]
ROP:  79%|███████▉  | 175516/221505 [12:36<03:18, 231.90it/s]
ROP:  79%|███████▉  | 175570/221505 [12:37<03:18, 231.90it/s]
ROP:  79%|███████▉  | 175850/221505 [12:37<03:16, 232.24it/s]
ROP:  80%|███████▉  | 176130/221505 [12:37<03:15, 232.47it/s]
ROP:  80%|███████▉  | 176410/221505 [12:39<03:14, 232.33it/s]
ROP:  80%|███████▉  | 176485/221505 [12:39<03:13, 232.40it/s]
ROP:  80%|███████▉  | 176560/221505 [12:39<03:13, 232.40it/s]
ROP:  80%|███████▉  | 176635/221505 [12:40<03:13, 232.38it/s]
ROP:  80%|███████▉  | 176710/221505 [12:40<03:12, 232.32it/s]
ROP:  80%|███████▉  | 176725/221505 [12:40<03:12, 232.30it/s]
ROP:  80%|███████▉  | 176782/221505 [12:40<03:12, 232.32it/s]
ROP:  80%|███████▉  | 176839/221505 [12:41<03:12, 232.31it/s]
ROP:  80%|███████▉  | 176896/221505 [12:41<03:12, 232.34it/s]
ROP:  80%|███████▉  | 176953/221505 [12:41<03:11, 232.36it/s]
ROP:  80%|███████▉  | 177104/221505 [12:41<03:10, 232.50it/s]
ROP:  80%|████████  | 177255/221505 [12:42<03:10, 232.49it/s]
ROP:  80%|████████  | 177277/221505 [12:42<03:10, 232.44it/s]
ROP:  80%|████████  | 177299/221505 [12:42<03:10, 232.40it/s]
ROP:  80%|████████  | 177321/221505 [12:43<03:10, 232.27it/s]
ROP:  80%|████████  | 177326/221505 [12:43<03:10, 232.24it/s]
ROP:  80%|████████  | 177337/221505 [12:43<03:10, 232.21it/s]
ROP:  80%|████████  | 177350/221505 [12:43<03:10, 232.19it/s]
ROP:  80%|████████  | 177425/221505 [12:43<03:09, 232.25it/s]
ROP:  80%|████████  | 177583/221505 [12:44<03:08, 232.42it/s]
ROP:  80%|████████  | 177741/221505 [12:44<03:08, 232.49it/s]
ROP:  80%|████████  | 177899/221505 [12:45<03:07, 232.36it/s]
ROP:  80%|████████  | 177937/221505 [12:45<03:07, 232.37it/s]
ROP:  80%|████████  | 178006/221505 [12:45<03:07, 232.42it/s]
ROP:  80%|████████  | 178075/221505 [12:46<03:06, 232.35it/s]
ROP:  80%|████████  | 178101/221505 [12:46<03:06, 232.34it/s]
ROP:  80%|████████  | 178127/221505 [12:46<03:06, 232.25it/s]
ROP:  80%|████████  | 178153/221505 [12:47<03:06, 232.24it/s]
ROP:  80%|████████  | 178191/221505 [12:47<03:06, 232.24it/s]
ROP:  80%|████████  | 178229/221505 [12:47<03:06, 232.25it/s]
ROP:  80%|████████  | 178285/221505 [12:47<03:06, 232.29it/s]
ROP:  81%|████████  | 178341/221505 [12:48<03:05, 232.21it/s]
ROP:  81%|████████  | 178397/221505 [12:48<03:05, 232.20it/s]
ROP:  81%|████████  | 178453/221505 [12:48<03:05, 232.19it/s]
ROP:  81%|████████  | 178509/221505 [12:48<03:05, 232.15it/s]
ROP:  81%|████████  | 178574/221505 [12:49<03:04, 232.21it/s]
ROP:  81%|████████  | 178652/221505 [12:49<03:04, 232.28it/s]
ROP:  81%|████████  | 178730/221505 [12:49<03:04, 232.30it/s]
ROP:  81%|████████  | 178808/221505 [12:49<03:03, 232.25it/s]
ROP:  81%|████████  | 178824/221505 [12:50<03:03, 232.22it/s]
ROP:  81%|████████  | 178869/221505 [12:50<03:03, 232.25it/s]
ROP:  81%|████████  | 178914/221505 [12:50<03:03, 232.13it/s]
ROP:  81%|████████  | 178942/221505 [12:50<03:03, 232.12it/s]
ROP:  81%|████████  | 179020/221505 [12:51<03:02, 232.19it/s]
ROP:  81%|████████  | 179098/221505 [12:51<03:02, 232.22it/s]
ROP:  81%|████████  | 179267/221505 [12:51<03:01, 232.41it/s]
ROP:  81%|████████  | 179436/221505 [12:51<03:00, 232.47it/s]
ROP:  81%|████████  | 179537/221505 [12:51<03:00, 232.57it/s]
ROP:  81%|████████  | 179638/221505 [12:52<02:59, 232.67it/s]
ROP:  81%|████████  | 179739/221505 [12:52<02:59, 232.72it/s]
ROP:  81%|████████  | 179840/221505 [12:52<02:58, 232.82it/s]
ROP:  81%|████████  | 179941/221505 [12:52<02:58, 232.81it/s]
ROP:  81%|████████▏ | 180042/221505 [12:53<02:58, 232.71it/s]
ROP:  81%|████████▏ | 180082/221505 [12:53<02:58, 232.70it/s]
ROP:  81%|████████▏ | 180122/221505 [12:54<02:57, 232.70it/s]
ROP:  81%|████████▏ | 180162/221505 [12:54<02:57, 232.65it/s]
ROP:  81%|████████▏ | 180202/221505 [12:54<02:57, 232.67it/s]
ROP:  81%|████████▏ | 180319/221505 [12:54<02:56, 232.79it/s]
ROP:  81%|████████▏ | 180436/221505 [12:55<02:56, 232.70it/s]
ROP:  82%|████████▏ | 180531/221505 [12:55<02:56, 232.79it/s]
ROP:  82%|████████▏ | 180626/221505 [12:55<02:55, 232.80it/s]
ROP:  82%|████████▏ | 180721/221505 [12:56<02:55, 232.88it/s]
ROP:  82%|████████▏ | 180816/221505 [12:56<02:54, 232.97it/s]
ROP:  82%|████████▏ | 180911/221505 [12:56<02:54, 233.05it/s]
ROP:  82%|████████▏ | 181006/221505 [12:56<02:53, 233.13it/s]
ROP:  82%|████████▏ | 181101/221505 [12:56<02:53, 233.11it/s]
ROP:  82%|████████▏ | 181196/221505 [12:57<02:52, 233.09it/s]
ROP:  82%|████████▏ | 181310/221505 [12:57<02:52, 233.20it/s]
ROP:  82%|████████▏ | 181424/221505 [12:57<02:51, 233.20it/s]
ROP:  82%|████████▏ | 181538/221505 [12:58<02:51, 233.31it/s]
ROP:  82%|████████▏ | 181652/221505 [12:58<02:50, 233.37it/s]
ROP:  82%|████████▏ | 181766/221505 [12:58<02:50, 233.45it/s]
ROP:  82%|████████▏ | 181880/221505 [12:59<02:49, 233.47it/s]
ROP:  82%|████████▏ | 181994/221505 [12:59<02:49, 233.37it/s]
ROP:  82%|████████▏ | 182008/221505 [12:59<02:49, 233.35it/s]
ROP:  82%|████████▏ | 182022/221505 [13:00<02:49, 233.33it/s]
ROP:  82%|████████▏ | 182053/221505 [13:00<02:49, 233.32it/s]
ROP:  82%|████████▏ | 182106/221505 [13:00<02:48, 233.33it/s]
ROP:  82%|████████▏ | 182164/221505 [13:00<02:48, 233.35it/s]
ROP:  82%|████████▏ | 182222/221505 [13:00<02:48, 233.34it/s]
ROP:  82%|████████▏ | 182280/221505 [13:01<02:48, 233.36it/s]
ROP:  82%|████████▏ | 182353/221505 [13:01<02:47, 233.42it/s]
ROP:  82%|████████▏ | 182426/221505 [13:01<02:47, 233.37it/s]
ROP:  82%|████████▏ | 182499/221505 [13:02<02:47, 233.24it/s]
ROP:  82%|████████▏ | 182541/221505 [13:02<02:47, 233.25it/s]
ROP:  82%|████████▏ | 182583/221505 [13:03<02:46, 233.17it/s]
ROP:  82%|████████▏ | 182681/221505 [13:03<02:46, 233.25it/s]
ROP:  83%|████████▎ | 182779/221505 [13:03<02:46, 233.23it/s]
ROP:  83%|████████▎ | 182877/221505 [13:03<02:45, 233.30it/s]
ROP:  83%|████████▎ | 182975/221505 [13:03<02:45, 233.39it/s]
ROP:  83%|████████▎ | 183073/221505 [13:04<02:44, 233.41it/s]
ROP:  83%|████████▎ | 183171/221505 [13:04<02:44, 233.49it/s]
ROP:  83%|████████▎ | 183269/221505 [13:04<02:43, 233.50it/s]
ROP:  83%|████████▎ | 183367/221505 [13:05<02:43, 233.57it/s]
ROP:  83%|████████▎ | 183465/221505 [13:05<02:42, 233.63it/s]
ROP:  83%|████████▎ | 183563/221505 [13:05<02:42, 233.72it/s]
ROP:  83%|████████▎ | 183747/221505 [13:05<02:41, 233.92it/s]
ROP:  83%|████████▎ | 183931/221505 [13:06<02:40, 234.01it/s]
ROP:  83%|████████▎ | 184115/221505 [13:06<02:39, 233.97it/s]
ROP:  83%|████████▎ | 184198/221505 [13:07<02:39, 234.03it/s]
ROP:  83%|████████▎ | 184281/221505 [13:07<02:39, 234.01it/s]
ROP:  83%|████████▎ | 184364/221505 [13:07<02:38, 233.97it/s]
ROP:  83%|████████▎ | 184447/221505 [13:08<02:38, 234.02it/s]
ROP:  83%|████████▎ | 184594/221505 [13:08<02:37, 234.15it/s]
ROP:  83%|████████▎ | 184741/221505 [13:09<02:37, 233.91it/s]
ROP:  83%|████████▎ | 184756/221505 [13:09<02:37, 233.89it/s]
ROP:  83%|████████▎ | 184771/221505 [13:10<02:37, 233.81it/s]
ROP:  83%|████████▎ | 184786/221505 [13:10<02:37, 233.75it/s]
ROP:  83%|████████▎ | 184840/221505 [13:10<02:36, 233.78it/s]
ROP:  83%|████████▎ | 184894/221505 [13:11<02:36, 233.72it/s]
ROP:  84%|████████▎ | 184968/221505 [13:11<02:36, 233.77it/s]
ROP:  84%|████████▎ | 185042/221505 [13:11<02:36, 233.70it/s]
ROP:  84%|████████▎ | 185076/221505 [13:11<02:35, 233.71it/s]
ROP:  84%|████████▎ | 185114/221505 [13:12<02:35, 233.70it/s]
ROP:  84%|████████▎ | 185152/221505 [13:12<02:35, 233.62it/s]
ROP:  84%|████████▎ | 185190/221505 [13:12<02:35, 233.59it/s]
ROP:  84%|████████▎ | 185280/221505 [13:12<02:35, 233.67it/s]
ROP:  84%|████████▎ | 185370/221505 [13:13<02:34, 233.60it/s]
ROP:  84%|████████▎ | 185395/221505 [13:13<02:34, 233.60it/s]
ROP:  84%|████████▍ | 185626/221505 [13:13<02:33, 233.86it/s]
ROP:  84%|████████▍ | 185857/221505 [13:14<02:32, 234.00it/s]
ROP:  84%|████████▍ | 186005/221505 [13:14<02:31, 234.15it/s]
ROP:  84%|████████▍ | 186153/221505 [13:15<02:31, 234.10it/s]
ROP:  84%|████████▍ | 186316/221505 [13:15<02:30, 234.27it/s]
ROP:  84%|████████▍ | 186479/221505 [13:15<02:29, 234.44it/s]
ROP:  84%|████████▍ | 186642/221505 [13:15<02:28, 234.57it/s]
ROP:  84%|████████▍ | 186805/221505 [13:16<02:27, 234.56it/s]
ROP:  84%|████████▍ | 186874/221505 [13:16<02:27, 234.62it/s]
ROP:  84%|████████▍ | 186943/221505 [13:16<02:27, 234.64it/s]
ROP:  84%|████████▍ | 187012/221505 [13:17<02:27, 234.57it/s]
ROP:  84%|████████▍ | 187040/221505 [13:17<02:26, 234.57it/s]
ROP:  84%|████████▍ | 187135/221505 [13:17<02:26, 234.66it/s]
ROP:  85%|████████▍ | 187230/221505 [13:17<02:26, 234.65it/s]
ROP:  85%|████████▍ | 187325/221505 [13:18<02:25, 234.73it/s]
ROP:  85%|████████▍ | 187420/221505 [13:18<02:25, 234.77it/s]
ROP:  85%|████████▍ | 187515/221505 [13:18<02:24, 234.80it/s]
ROP:  85%|████████▍ | 187610/221505 [13:19<02:24, 234.78it/s]
ROP:  85%|████████▍ | 187705/221505 [13:19<02:23, 234.80it/s]
ROP:  85%|████████▍ | 187800/221505 [13:19<02:23, 234.86it/s]
ROP:  85%|████████▍ | 187989/221505 [13:19<02:22, 235.05it/s]
ROP:  85%|████████▍ | 188178/221505 [13:20<02:21, 235.12it/s]
ROP:  85%|████████▍ | 188213/221505 [13:20<02:21, 235.12it/s]
ROP:  85%|████████▍ | 188248/221505 [13:20<02:21, 235.12it/s]
ROP:  85%|████████▌ | 188283/221505 [13:20<02:21, 235.12it/s]
ROP:  85%|████████▌ | 188318/221505 [13:21<02:21, 235.10it/s]
ROP:  85%|████████▌ | 188353/221505 [13:21<02:21, 235.09it/s]
ROP:  85%|████████▌ | 188388/221505 [13:21<02:20, 235.10it/s]
ROP:  85%|████████▌ | 188423/221505 [13:21<02:20, 235.10it/s]
ROP:  85%|████████▌ | 188458/221505 [13:21<02:20, 235.05it/s]
ROP:  85%|████████▌ | 188497/221505 [13:21<02:20, 235.06it/s]
ROP:  85%|████████▌ | 188599/221505 [13:22<02:19, 235.11it/s]
ROP:  85%|████████▌ | 188701/221505 [13:22<02:19, 235.10it/s]
ROP:  85%|████████▌ | 188803/221505 [13:23<02:19, 235.07it/s]
ROP:  85%|████████▌ | 188883/221505 [13:23<02:18, 235.13it/s]
ROP:  85%|████████▌ | 188963/221505 [13:23<02:18, 235.07it/s]
ROP:  85%|████████▌ | 189101/221505 [13:23<02:17, 235.21it/s]
ROP:  85%|████████▌ | 189239/221505 [13:24<02:17, 235.23it/s]
ROP:  85%|████████▌ | 189266/221505 [13:24<02:17, 235.19it/s]
ROP:  85%|████████▌ | 189293/221505 [13:24<02:16, 235.18it/s]
ROP:  85%|████████▌ | 189365/221505 [13:25<02:16, 235.23it/s]
ROP:  86%|████████▌ | 189437/221505 [13:25<02:16, 235.25it/s]
ROP:  86%|████████▌ | 189515/221505 [13:25<02:15, 235.31it/s]
ROP:  86%|████████▌ | 189652/221505 [13:25<02:15, 235.44it/s]
ROP:  86%|████████▌ | 189789/221505 [13:25<02:14, 235.49it/s]
ROP:  86%|████████▌ | 189926/221505 [13:26<02:14, 235.60it/s]
ROP:  86%|████████▌ | 190063/221505 [13:26<02:13, 235.68it/s]
ROP:  86%|████████▌ | 190200/221505 [13:26<02:12, 235.78it/s]
ROP:  86%|████████▌ | 190337/221505 [13:28<02:12, 235.37it/s]
ROP:  86%|████████▌ | 190344/221505 [13:28<02:12, 235.30it/s]
ROP:  86%|████████▌ | 190351/221505 [13:29<02:12, 235.21it/s]
ROP:  86%|████████▌ | 190358/221505 [13:29<02:12, 235.14it/s]
ROP:  86%|████████▌ | 190407/221505 [13:29<02:12, 235.17it/s]
ROP:  86%|████████▌ | 190456/221505 [13:30<02:12, 235.02it/s]
ROP:  86%|████████▌ | 190545/221505 [13:30<02:11, 235.08it/s]
ROP:  86%|████████▌ | 190634/221505 [13:31<02:11, 235.01it/s]
ROP:  86%|████████▌ | 190665/221505 [13:31<02:11, 235.01it/s]
ROP:  86%|████████▌ | 190696/221505 [13:32<02:11, 234.81it/s]
ROP:  86%|████████▌ | 190710/221505 [13:32<02:11, 234.78it/s]
ROP:  86%|████████▌ | 190724/221505 [13:32<02:11, 234.74it/s]
ROP:  86%|████████▌ | 190738/221505 [13:32<02:11, 234.70it/s]
ROP:  86%|████████▌ | 190793/221505 [13:32<02:10, 234.73it/s]
ROP:  86%|████████▌ | 190848/221505 [13:33<02:10, 234.69it/s]
ROP:  86%|████████▌ | 190903/221505 [13:33<02:10, 234.70it/s]
ROP:  86%|████████▌ | 190958/221505 [13:33<02:10, 234.71it/s]
ROP:  86%|████████▋ | 191168/221505 [13:33<02:09, 234.93it/s]
ROP:  86%|████████▋ | 191378/221505 [13:34<02:08, 235.05it/s]
ROP:  86%|████████▋ | 191588/221505 [13:35<02:07, 234.94it/s]
ROP:  87%|████████▋ | 191697/221505 [13:35<02:06, 235.04it/s]
ROP:  87%|████████▋ | 191806/221505 [13:36<02:06, 235.05it/s]
ROP:  87%|████████▋ | 191915/221505 [13:36<02:05, 234.95it/s]
ROP:  87%|████████▋ | 191954/221505 [13:36<02:05, 234.97it/s]
ROP:  87%|████████▋ | 191993/221505 [13:37<02:05, 234.98it/s]
ROP:  87%|████████▋ | 192069/221505 [13:37<02:05, 235.04it/s]
ROP:  87%|████████▋ | 192145/221505 [13:37<02:04, 235.09it/s]
ROP:  87%|████████▋ | 192241/221505 [13:37<02:04, 235.17it/s]
ROP:  87%|████████▋ | 192337/221505 [13:37<02:04, 235.21it/s]
ROP:  87%|████████▋ | 192433/221505 [13:37<02:03, 235.27it/s]
ROP:  87%|████████▋ | 192529/221505 [13:38<02:03, 235.29it/s]
ROP:  87%|████████▋ | 192625/221505 [13:38<02:02, 235.34it/s]
ROP:  87%|████████▋ | 192721/221505 [13:38<02:02, 235.40it/s]
ROP:  87%|████████▋ | 192817/221505 [13:39<02:01, 235.41it/s]
ROP:  87%|████████▋ | 192962/221505 [13:39<02:01, 235.50it/s]
ROP:  87%|████████▋ | 193298/221505 [13:39<01:59, 235.88it/s]
ROP:  87%|████████▋ | 193737/221505 [13:39<01:57, 236.39it/s]
ROP:  88%|████████▊ | 194176/221505 [13:39<01:55, 236.84it/s]
ROP:  88%|████████▊ | 194615/221505 [13:40<01:53, 237.31it/s]
ROP:  88%|████████▊ | 195054/221505 [13:40<01:51, 237.66it/s]
ROP:  88%|████████▊ | 195292/221505 [13:40<01:50, 237.91it/s]
ROP:  88%|████████▊ | 195530/221505 [13:42<01:49, 237.73it/s]
ROP:  88%|████████▊ | 195604/221505 [13:42<01:48, 237.77it/s]
ROP:  88%|████████▊ | 195743/221505 [13:42<01:48, 237.89it/s]
ROP:  88%|████████▊ | 195882/221505 [13:43<01:47, 237.94it/s]
ROP:  89%|████████▊ | 196077/221505 [13:43<01:46, 238.13it/s]
ROP:  89%|████████▊ | 196272/221505 [13:43<01:45, 238.28it/s]
ROP:  89%|████████▊ | 196467/221505 [13:44<01:45, 238.16it/s]
ROP:  89%|████████▊ | 196544/221505 [13:45<01:44, 238.22it/s]
ROP:  89%|████████▉ | 196621/221505 [13:45<01:44, 238.22it/s]
ROP:  89%|████████▉ | 196805/221505 [13:45<01:43, 238.41it/s]
ROP:  89%|████████▉ | 197054/221505 [13:45<01:42, 238.66it/s]
ROP:  89%|████████▉ | 197303/221505 [13:46<01:41, 238.86it/s]
ROP:  89%|████████▉ | 197552/221505 [13:46<01:40, 239.10it/s]
ROP:  89%|████████▉ | 197801/221505 [13:48<01:39, 238.86it/s]
ROP:  89%|████████▉ | 198060/221505 [13:48<01:38, 239.12it/s]
ROP:  89%|████████▉ | 198060/221505 [13:50<01:38, 238.60it/s]
ROP:  89%|████████▉ | 198146/221505 [13:50<01:37, 238.69it/s]
ROP:  90%|████████▉ | 198377/221505 [13:50<01:36, 238.94it/s]
ROP:  90%|████████▉ | 198626/221505 [13:50<01:35, 239.19it/s]
ROP:  90%|████████▉ | 198875/221505 [13:50<01:34, 239.36it/s]
ROP:  90%|████████▉ | 199124/221505 [13:51<01:33, 239.61it/s]
ROP:  90%|█████████ | 199373/221505 [13:53<01:32, 239.30it/s]
ROP:  90%|█████████ | 199445/221505 [13:53<01:32, 239.36it/s]
ROP:  90%|█████████ | 199630/221505 [13:53<01:31, 239.54it/s]
ROP:  90%|█████████ | 199815/221505 [13:53<01:30, 239.71it/s]
ROP:  90%|█████████ | 200000/221505 [13:53<01:29, 239.88it/s]
ROP:  90%|█████████ | 200185/221505 [13:54<01:28, 240.01it/s]
ROP:  90%|█████████ | 200437/221505 [13:54<01:27, 240.27it/s]
ROP:  91%|█████████ | 200689/221505 [13:54<01:26, 240.45it/s]
ROP:  91%|█████████ | 201021/221505 [13:54<01:25, 240.82it/s]
ROP:  91%|█████████ | 201353/221505 [13:54<01:23, 241.19it/s]
ROP:  91%|█████████ | 201685/221505 [13:55<01:22, 241.37it/s]
ROP:  91%|█████████ | 201931/221505 [13:55<01:21, 241.64it/s]
ROP:  91%|█████████▏| 202177/221505 [13:55<01:19, 241.88it/s]
ROP:  91%|█████████▏| 202423/221505 [13:56<01:18, 242.02it/s]
ROP:  92%|█████████▏| 202700/221505 [13:56<01:17, 242.32it/s]
ROP:  92%|█████████▏| 202977/221505 [13:56<01:16, 242.58it/s]
ROP:  92%|█████████▏| 203254/221505 [13:56<01:15, 242.87it/s]
ROP:  92%|█████████▏| 203531/221505 [13:57<01:13, 243.09it/s]
ROP:  92%|█████████▏| 203808/221505 [13:57<01:12, 243.39it/s]
ROP:  92%|█████████▏| 204172/221505 [13:57<01:11, 243.79it/s]
ROP:  92%|█████████▏| 204536/221505 [13:57<01:09, 244.18it/s]
ROP:  93%|█████████▎| 204900/221505 [13:57<01:07, 244.58it/s]
ROP:  93%|█████████▎| 205264/221505 [13:59<01:06, 244.43it/s]
ROP:  93%|█████████▎| 205465/221505 [13:59<01:05, 244.64it/s]
ROP:  93%|█████████▎| 205687/221505 [13:59<01:04, 244.88it/s]
ROP:  93%|█████████▎| 205955/221505 [14:00<01:03, 245.16it/s]
ROP:  93%|█████████▎| 206235/221505 [14:00<01:02, 245.45it/s]
ROP:  93%|█████████▎| 206515/221505 [14:03<01:01, 244.76it/s]
ROP:  93%|█████████▎| 206885/221505 [14:03<00:59, 245.17it/s]
ROP:  94%|█████████▎| 207255/221505 [14:04<00:58, 245.51it/s]
ROP:  94%|█████████▎| 207625/221505 [14:04<00:56, 245.82it/s]
ROP:  94%|█████████▍| 207995/221505 [14:04<00:54, 246.23it/s]
ROP:  94%|█████████▍| 208365/221505 [14:05<00:53, 246.56it/s]
ROP:  94%|█████████▍| 208735/221505 [14:07<00:51, 246.32it/s]
ROP:  94%|█████████▍| 208751/221505 [14:07<00:51, 246.21it/s]
ROP:  94%|█████████▍| 208836/221505 [14:07<00:51, 246.27it/s]
ROP:  94%|█████████▍| 208921/221505 [14:08<00:51, 246.08it/s]
ROP:  94%|█████████▍| 208953/221505 [14:09<00:51, 246.08it/s]
ROP:  94%|█████████▍| 209023/221505 [14:09<00:50, 246.13it/s]
ROP:  94%|█████████▍| 209093/221505 [14:09<00:50, 246.14it/s]
ROP:  94%|█████████▍| 209163/221505 [14:09<00:50, 246.14it/s]
ROP:  94%|█████████▍| 209233/221505 [14:10<00:49, 246.15it/s]
ROP:  94%|█████████▍| 209303/221505 [14:10<00:49, 246.15it/s]
ROP:  95%|█████████▍| 209373/221505 [14:10<00:49, 246.15it/s]
ROP:  95%|█████████▍| 209443/221505 [14:10<00:48, 246.18it/s]
ROP:  95%|█████████▍| 209591/221505 [14:10<00:48, 246.33it/s]
ROP:  95%|█████████▍| 209739/221505 [14:11<00:47, 246.42it/s]
ROP:  95%|█████████▍| 209887/221505 [14:11<00:47, 246.44it/s]
ROP:  95%|█████████▍| 209916/221505 [14:11<00:47, 246.43it/s]
ROP:  95%|█████████▍| 209945/221505 [14:12<00:46, 246.37it/s]
ROP:  95%|█████████▍| 209974/221505 [14:12<00:46, 246.36it/s]
ROP:  95%|█████████▍| 210043/221505 [14:12<00:46, 246.39it/s]
ROP:  95%|█████████▍| 210112/221505 [14:12<00:46, 246.35it/s]
ROP:  95%|█████████▍| 210181/221505 [14:13<00:45, 246.29it/s]
ROP:  95%|█████████▍| 210244/221505 [14:13<00:45, 246.32it/s]
ROP:  95%|█████████▍| 210307/221505 [14:13<00:45, 246.35it/s]
ROP:  95%|█████████▍| 210370/221505 [14:14<00:45, 246.13it/s]
ROP:  95%|█████████▍| 210419/221505 [14:14<00:45, 246.13it/s]
ROP:  95%|█████████▌| 210468/221505 [14:15<00:44, 246.02it/s]
ROP:  95%|█████████▌| 210480/221505 [14:15<00:44, 245.97it/s]
ROP:  95%|█████████▌| 210524/221505 [14:15<00:44, 245.97it/s]
ROP:  95%|█████████▌| 210568/221505 [14:16<00:44, 245.95it/s]
ROP:  95%|█████████▌| 210616/221505 [14:16<00:44, 245.97it/s]
ROP:  95%|█████████▌| 210664/221505 [14:16<00:44, 245.98it/s]
ROP:  95%|█████████▌| 210712/221505 [14:17<00:43, 245.86it/s]
ROP:  95%|█████████▌| 210844/221505 [14:17<00:43, 245.99it/s]
ROP:  95%|█████████▌| 210976/221505 [14:17<00:42, 246.07it/s]
ROP:  95%|█████████▌| 211108/221505 [14:18<00:42, 246.00it/s]
ROP:  95%|█████████▌| 211138/221505 [14:18<00:42, 246.01it/s]
ROP:  95%|█████████▌| 211168/221505 [14:18<00:42, 246.01it/s]
ROP:  95%|█████████▌| 211198/221505 [14:18<00:41, 245.88it/s]
ROP:  95%|█████████▌| 211205/221505 [14:19<00:41, 245.86it/s]
ROP:  95%|█████████▌| 211219/221505 [14:19<00:41, 245.84it/s]
ROP:  95%|█████████▌| 211233/221505 [14:19<00:41, 245.83it/s]
ROP:  95%|█████████▌| 211247/221505 [14:19<00:41, 245.81it/s]
ROP:  95%|█████████▌| 211261/221505 [14:19<00:41, 245.74it/s]
ROP:  95%|█████████▌| 211275/221505 [14:20<00:41, 245.66it/s]
ROP:  95%|█████████▌| 211289/221505 [14:20<00:41, 245.62it/s]
ROP:  95%|█████████▌| 211304/221505 [14:20<00:41, 245.59it/s]
ROP:  95%|█████████▌| 211321/221505 [14:20<00:41, 245.56it/s]
ROP:  95%|█████████▌| 211376/221505 [14:20<00:41, 245.57it/s]
ROP:  95%|█████████▌| 211447/221505 [14:20<00:40, 245.60it/s]
ROP:  95%|█████████▌| 211518/221505 [14:21<00:40, 245.38it/s]
ROP:  95%|█████████▌| 211525/221505 [14:22<00:40, 245.33it/s]
ROP:  95%|█████████▌| 211532/221505 [14:22<00:40, 245.28it/s]
ROP:  96%|█████████▌| 211540/221505 [14:22<00:40, 245.25it/s]
ROP:  96%|█████████▌| 211548/221505 [14:22<00:40, 245.17it/s]
ROP:  96%|█████████▌| 211556/221505 [14:22<00:40, 245.14it/s]
ROP:  96%|█████████▌| 211564/221505 [14:23<00:40, 245.07it/s]
ROP:  96%|█████████▌| 211578/221505 [14:23<00:40, 245.05it/s]
ROP:  96%|█████████▌| 211592/221505 [14:23<00:40, 244.98it/s]
ROP:  96%|█████████▌| 211606/221505 [14:23<00:40, 244.95it/s]
ROP:  96%|█████████▌| 211620/221505 [14:24<00:40, 244.85it/s]
ROP:  96%|█████████▌| 211662/221505 [14:24<00:40, 244.86it/s]
ROP:  96%|█████████▌| 211704/221505 [14:24<00:40, 244.81it/s]
ROP:  96%|█████████▌| 211746/221505 [14:25<00:39, 244.78it/s]
ROP:  96%|█████████▌| 211788/221505 [14:25<00:39, 244.58it/s]
ROP:  96%|█████████▌| 211795/221505 [14:26<00:39, 244.55it/s]
ROP:  96%|█████████▌| 211807/221505 [14:26<00:39, 244.52it/s]
ROP:  96%|█████████▌| 211819/221505 [14:26<00:39, 244.41it/s]
ROP:  96%|█████████▌| 211831/221505 [14:26<00:39, 244.35it/s]
ROP:  96%|█████████▌| 211843/221505 [14:27<00:39, 244.21it/s]
ROP:  96%|█████████▌| 211851/221505 [14:27<00:39, 244.17it/s]
ROP:  96%|█████████▌| 211859/221505 [14:27<00:39, 244.14it/s]
ROP:  96%|█████████▌| 211867/221505 [14:28<00:39, 244.09it/s]
ROP:  96%|█████████▌| 211877/221505 [14:28<00:39, 244.06it/s]
ROP:  96%|█████████▌| 211887/221505 [14:28<00:39, 244.01it/s]
ROP:  96%|█████████▌| 211897/221505 [14:28<00:39, 243.95it/s]
ROP:  96%|█████████▌| 211907/221505 [14:28<00:39, 243.90it/s]
ROP:  96%|█████████▌| 211917/221505 [14:29<00:39, 243.84it/s]
ROP:  96%|█████████▌| 211927/221505 [14:29<00:39, 243.76it/s]
ROP:  96%|█████████▌| 211937/221505 [14:29<00:39, 243.65it/s]
ROP:  96%|█████████▌| 211947/221505 [14:29<00:39, 243.63it/s]
ROP:  96%|█████████▌| 211957/221505 [14:30<00:39, 243.55it/s]
ROP:  96%|█████████▌| 212060/221505 [14:30<00:38, 243.64it/s]
ROP:  96%|█████████▌| 212163/221505 [14:31<00:38, 243.49it/s]
ROP:  96%|█████████▌| 212174/221505 [14:31<00:38, 243.43it/s]
ROP:  96%|█████████▌| 212185/221505 [14:31<00:38, 243.35it/s]
ROP:  96%|█████████▌| 212196/221505 [14:32<00:38, 243.32it/s]
ROP:  96%|█████████▌| 212207/221505 [14:32<00:38, 243.28it/s]
ROP:  96%|█████████▌| 212218/221505 [14:32<00:38, 243.21it/s]
ROP:  96%|█████████▌| 212229/221505 [14:32<00:38, 243.11it/s]
ROP:  96%|█████████▌| 212240/221505 [14:33<00:38, 243.04it/s]
ROP:  96%|█████████▌| 212251/221505 [14:33<00:38, 243.01it/s]
ROP:  96%|█████████▌| 212262/221505 [14:33<00:38, 242.94it/s]
ROP:  96%|█████████▌| 212273/221505 [14:34<00:38, 242.83it/s]
ROP:  96%|█████████▌| 212284/221505 [14:34<00:37, 242.75it/s]
ROP:  96%|█████████▌| 212295/221505 [14:34<00:37, 242.72it/s]
ROP:  96%|█████████▌| 212306/221505 [14:34<00:37, 242.67it/s]
ROP:  96%|█████████▌| 212317/221505 [14:35<00:37, 242.53it/s]
ROP:  96%|█████████▌| 212324/221505 [14:35<00:37, 242.50it/s]
ROP:  96%|█████████▌| 212331/221505 [14:35<00:37, 242.47it/s]
ROP:  96%|█████████▌| 212338/221505 [14:35<00:37, 242.43it/s]
ROP:  96%|█████████▌| 212345/221505 [14:36<00:37, 242.40it/s]
ROP:  96%|█████████▌| 212636/221505 [14:36<00:36, 242.70it/s]
ROP:  96%|█████████▌| 212927/221505 [14:36<00:35, 242.89it/s]
ROP:  96%|█████████▋| 213218/221505 [14:39<00:34, 242.53it/s]
ROP:  96%|█████████▋| 213249/221505 [14:39<00:34, 242.54it/s]
ROP:  96%|█████████▋| 213360/221505 [14:39<00:33, 242.63it/s]
ROP:  96%|█████████▋| 213471/221505 [14:39<00:33, 242.64it/s]
ROP:  96%|█████████▋| 213582/221505 [14:40<00:32, 242.64it/s]
ROP:  96%|█████████▋| 213693/221505 [14:42<00:32, 242.24it/s]
ROP:  96%|█████████▋| 213699/221505 [14:42<00:32, 242.19it/s]
ROP:  96%|█████████▋| 213709/221505 [14:42<00:32, 242.18it/s]
ROP:  96%|█████████▋| 213719/221505 [14:42<00:32, 242.14it/s]
ROP:  96%|█████████▋| 213729/221505 [14:42<00:32, 242.10it/s]
ROP:  96%|█████████▋| 213739/221505 [14:43<00:32, 242.06it/s]
ROP:  96%|█████████▋| 213749/221505 [14:43<00:32, 242.04it/s]
ROP:  97%|█████████▋| 213759/221505 [14:43<00:32, 241.99it/s]
ROP:  97%|█████████▋| 213769/221505 [14:43<00:31, 241.94it/s]
ROP:  97%|█████████▋| 213794/221505 [14:43<00:31, 241.93it/s]
ROP:  97%|█████████▋| 213860/221505 [14:43<00:31, 241.98it/s]
ROP:  97%|█████████▋| 213926/221505 [14:43<00:31, 242.00it/s]
ROP:  97%|█████████▋| 213992/221505 [14:44<00:31, 241.98it/s]
ROP:  97%|█████████▋| 214058/221505 [14:45<00:30, 241.85it/s]
ROP:  97%|█████████▋| 214067/221505 [14:45<00:30, 241.82it/s]
ROP:  97%|█████████▋| 214081/221505 [14:45<00:30, 241.79it/s]
ROP:  97%|█████████▋| 214095/221505 [14:45<00:30, 241.78it/s]
ROP:  97%|█████████▋| 214109/221505 [14:45<00:30, 241.75it/s]
ROP:  97%|█████████▋| 214123/221505 [14:45<00:30, 241.71it/s]
ROP:  97%|█████████▋| 214137/221505 [14:46<00:30, 241.68it/s]
ROP:  97%|█████████▋| 214286/221505 [14:46<00:29, 241.82it/s]
ROP:  97%|█████████▋| 214435/221505 [14:47<00:29, 241.63it/s]
ROP:  97%|█████████▋| 214447/221505 [14:47<00:29, 241.61it/s]
ROP:  97%|█████████▋| 214459/221505 [14:47<00:29, 241.58it/s]
ROP:  97%|█████████▋| 214471/221505 [14:47<00:29, 241.54it/s]
ROP:  97%|█████████▋| 214483/221505 [14:48<00:29, 241.49it/s]
ROP:  97%|█████████▋| 214495/221505 [14:48<00:29, 241.44it/s]
ROP:  97%|█████████▋| 214507/221505 [14:48<00:28, 241.40it/s]
ROP:  97%|█████████▋| 214519/221505 [14:48<00:28, 241.37it/s]
ROP:  97%|█████████▋| 214531/221505 [14:48<00:28, 241.35it/s]
ROP:  97%|█████████▋| 214543/221505 [14:49<00:28, 241.32it/s]
ROP:  97%|█████████▋| 214555/221505 [14:49<00:28, 241.28it/s]
ROP:  97%|█████████▋| 214567/221505 [14:49<00:28, 241.23it/s]
ROP:  97%|█████████▋| 214629/221505 [14:49<00:28, 241.27it/s]
ROP:  97%|█████████▋| 214629/221505 [14:50<00:28, 241.13it/s]
ROP:  97%|█████████▋| 214660/221505 [14:50<00:28, 241.16it/s]
ROP:  97%|█████████▋| 214669/221505 [14:50<00:28, 241.12it/s]
ROP:  97%|█████████▋| 214678/221505 [14:50<00:28, 241.08it/s]
ROP:  97%|█████████▋| 214690/221505 [14:50<00:28, 241.05it/s]
ROP:  97%|█████████▋| 214702/221505 [14:50<00:28, 241.02it/s]
ROP:  97%|█████████▋| 214714/221505 [14:50<00:28, 241.00it/s]
ROP:  97%|█████████▋| 214726/221505 [14:51<00:28, 240.96it/s]
ROP:  97%|█████████▋| 214738/221505 [14:51<00:28, 240.90it/s]
ROP:  97%|█████████▋| 214762/221505 [14:51<00:27, 240.90it/s]
ROP:  97%|█████████▋| 214786/221505 [14:51<00:27, 240.88it/s]
ROP:  97%|█████████▋| 214810/221505 [14:52<00:27, 240.78it/s]
ROP:  97%|█████████▋| 214834/221505 [14:52<00:27, 240.69it/s]
ROP:  97%|█████████▋| 214858/221505 [14:52<00:27, 240.65it/s]
ROP:  97%|█████████▋| 214882/221505 [14:53<00:27, 240.61it/s]
ROP:  97%|█████████▋| 214906/221505 [14:53<00:27, 240.55it/s]
ROP:  97%|█████████▋| 214930/221505 [14:53<00:27, 240.48it/s]
ROP:  97%|█████████▋| 214954/221505 [14:54<00:27, 240.37it/s]
ROP:  97%|█████████▋| 214959/221505 [14:54<00:27, 240.35it/s]
ROP:  97%|█████████▋| 214968/221505 [14:54<00:27, 240.32it/s]
ROP:  97%|█████████▋| 214977/221505 [14:54<00:27, 240.29it/s]
ROP:  97%|█████████▋| 214988/221505 [14:54<00:27, 240.27it/s]
ROP:  97%|█████████▋| 215002/221505 [14:54<00:27, 240.24it/s]
ROP:  97%|█████████▋| 215016/221505 [14:55<00:27, 240.10it/s]
ROP:  97%|█████████▋| 215022/221505 [14:55<00:27, 240.06it/s]
ROP:  97%|█████████▋| 215028/221505 [14:56<00:26, 239.98it/s]
ROP:  97%|█████████▋| 215037/221505 [14:56<00:26, 239.95it/s]
ROP:  97%|█████████▋| 215046/221505 [14:56<00:26, 239.93it/s]
ROP:  97%|█████████▋| 215055/221505 [14:56<00:26, 239.84it/s]
ROP:  97%|█████████▋| 215065/221505 [14:56<00:26, 239.81it/s]
ROP:  97%|█████████▋| 215075/221505 [14:57<00:26, 239.75it/s]
ROP:  97%|█████████▋| 215085/221505 [14:57<00:26, 239.71it/s]
ROP:  97%|█████████▋| 215095/221505 [14:57<00:26, 239.66it/s]
ROP:  97%|█████████▋| 215105/221505 [14:57<00:26, 239.54it/s]
ROP:  97%|█████████▋| 215115/221505 [14:58<00:26, 239.50it/s]
ROP:  97%|█████████▋| 215125/221505 [14:58<00:26, 239.44it/s]
ROP:  97%|█████████▋| 215135/221505 [14:58<00:26, 239.41it/s]
ROP:  97%|█████████▋| 215145/221505 [14:58<00:26, 239.33it/s]
ROP:  97%|█████████▋| 215155/221505 [14:59<00:26, 239.28it/s]
ROP:  97%|█████████▋| 215165/221505 [14:59<00:26, 239.23it/s]
ROP:  97%|█████████▋| 215224/221505 [14:59<00:26, 239.27it/s]
ROP:  97%|█████████▋| 215283/221505 [14:59<00:26, 239.23it/s]
ROP:  97%|█████████▋| 215342/221505 [14:59<00:25, 239.27it/s]
ROP:  97%|█████████▋| 215418/221505 [15:00<00:25, 239.26it/s]
ROP:  97%|█████████▋| 215494/221505 [15:01<00:25, 239.11it/s]
ROP:  97%|█████████▋| 215503/221505 [15:01<00:25, 239.08it/s]
ROP:  97%|█████████▋| 215513/221505 [15:01<00:25, 239.06it/s]
ROP:  97%|█████████▋| 215523/221505 [15:01<00:25, 239.00it/s]
ROP:  97%|█████████▋| 215563/221505 [15:01<00:24, 239.02it/s]
ROP:  97%|█████████▋| 215603/221505 [15:02<00:24, 239.03it/s]
ROP:  97%|█████████▋| 215660/221505 [15:02<00:24, 239.06it/s]
ROP:  97%|█████████▋| 215717/221505 [15:02<00:24, 239.03it/s]
ROP:  97%|█████████▋| 215774/221505 [15:02<00:23, 239.03it/s]
ROP:  97%|█████████▋| 215831/221505 [15:03<00:23, 238.92it/s]
ROP:  98%|█████████▊| 216058/221505 [15:03<00:22, 239.14it/s]
ROP:  98%|█████████▊| 216285/221505 [15:03<00:21, 239.34it/s]
ROP:  98%|█████████▊| 216512/221505 [15:04<00:20, 239.30it/s]
ROP:  98%|█████████▊| 216574/221505 [15:04<00:20, 239.33it/s]
ROP:  98%|█████████▊| 216636/221505 [15:05<00:20, 239.31it/s]
ROP:  98%|█████████▊| 216849/221505 [15:05<00:19, 239.52it/s]
ROP:  98%|█████████▊| 217062/221505 [15:05<00:18, 239.66it/s]
ROP:  98%|█████████▊| 217275/221505 [15:06<00:17, 239.81it/s]
ROP:  98%|█████████▊| 217488/221505 [15:06<00:16, 239.95it/s]
ROP:  98%|█████████▊| 217701/221505 [15:06<00:15, 240.08it/s]
ROP:  98%|█████████▊| 217914/221505 [15:07<00:14, 240.03it/s]
ROP:  98%|█████████▊| 217934/221505 [15:07<00:14, 240.02it/s]
ROP:  98%|█████████▊| 218028/221505 [15:08<00:14, 240.10it/s]
ROP:  98%|█████████▊| 218149/221505 [15:08<00:13, 240.20it/s]
ROP:  99%|█████████▊| 218270/221505 [15:08<00:13, 240.29it/s]
ROP:  99%|█████████▊| 218391/221505 [15:08<00:12, 240.26it/s]
ROP:  99%|█████████▊| 218431/221505 [15:09<00:12, 240.28it/s]
ROP:  99%|█████████▊| 218553/221505 [15:09<00:12, 240.38it/s]
ROP:  99%|█████████▊| 218675/221505 [15:09<00:11, 240.48it/s]
ROP:  99%|█████████▉| 218853/221505 [15:09<00:11, 240.65it/s]
ROP:  99%|█████████▉| 219066/221505 [15:09<00:10, 240.86it/s]
ROP:  99%|█████████▉| 219279/221505 [15:09<00:09, 241.04it/s]
ROP:  99%|█████████▉| 219492/221505 [15:09<00:08, 241.21it/s]
ROP:  99%|█████████▉| 219705/221505 [15:10<00:07, 241.38it/s]
ROP:  99%|█████████▉| 219918/221505 [15:10<00:06, 241.42it/s]
ROP:  99%|█████████▉| 220067/221505 [15:11<00:05, 241.55it/s]
ROP:  99%|█████████▉| 220216/221505 [15:11<00:05, 241.57it/s]
ROP:  99%|█████████▉| 220276/221505 [15:11<00:05, 241.61it/s]
ROP:  99%|█████████▉| 220336/221505 [15:11<00:04, 241.60it/s]
ROP:  99%|█████████▉| 220396/221505 [15:12<00:04, 241.63it/s]
ROP: 100%|█████████▉| 220500/221505 [15:12<00:04, 241.71it/s]
ROP: 100%|█████████▉| 220630/221505 [15:12<00:03, 241.81it/s]
ROP: 100%|█████████▉| 220760/221505 [15:12<00:03, 241.87it/s]
ROP: 100%|█████████▉| 220890/221505 [15:13<00:02, 241.94it/s]
ROP: 100%|█████████▉| 221020/221505 [15:13<00:02, 241.97it/s]
ROP: 100%|█████████▉| 221150/221505 [15:13<00:01, 241.97it/s]
ROP: 100%|█████████▉| 221181/221505 [15:14<00:01, 241.96it/s]
ROP: 100%|█████████▉| 221212/221505 [15:14<00:01, 241.97it/s]
ROP: 100%|█████████▉| 221284/221505 [15:14<00:00, 242.02it/s]
ROP: 100%|█████████▉| 221378/221505 [15:14<00:00, 242.09it/s]
ROP: 100%|██████████| 221505/221505 [15:14<00:00, 242.21it/s]
WARNING  | 2026-10-02 11:54:39,933 | angr.storage.memory_mixins.default_filler_mixin | The program is accessing register with an unspecified value. This could indicate unwanted behavior.
WARNING  | 2026-10-02 11:54:39,933 | angr.storage.memory_mixins.default_filler_mixin | angr will cope with this by generating an unconstrained symbolic variable and continuing. You can resolve this by:
WARNING  | 2026-10-02 11:54:39,933 | angr.storage.memory_mixins.default_filler_mixin | 1) setting a value to the initial state
WARNING  | 2026-10-02 11:54:39,933 | angr.storage.memory_mixins.default_filler_mixin | 2) adding the state option ZERO_FILL_UNCONSTRAINED_{MEMORY,REGISTERS}, to make unknown regions hold null
WARNING  | 2026-10-02 11:54:39,933 | angr.storage.memory_mixins.default_filler_mixin | 3) adding the state option SYMBOL_FILL_UNCONSTRAINED_{MEMORY,REGISTERS}, to suppress these messages.
WARNING  | 2026-10-02 11:54:39,933 | angr.storage.memory_mixins.default_filler_mixin | Filling register edi with 4 unconstrained bytes referenced from 0x4ae150 (__xpg_strerror_r+0xb520 in libc.so.6 (0xae150))
WARNING  | 2026-10-02 11:54:39,935 | angr.storage.memory_mixins.default_filler_mixin | Filling register cs with 2 unconstrained bytes referenced from 0x4ae151 (__xpg_strerror_r+0xb521 in libc.so.6 (0xae151))
WARNING  | 2026-10-02 11:54:39,938 | angr.storage.memory_mixins.default_filler_mixin | Filling memory at 0x7ffefffe with 2 unconstrained bytes referenced from 0x4ae155 (__xpg_strerror_r+0xb525 in libc.so.6 (0xae155))
Traceback (most recent call last):
  File "/home/jalconchel/rop3-eval/utils/angrop_worker.py", line 180, in <module>
    sys.exit(main())
             ^^^^^^
  File "/home/jalconchel/rop3-eval/utils/angrop_worker.py", line 176, in main
    return _emit(found, extract, seconds, status, text, error=err)
           ^^^^^^^^^^^^^^^^^^^^^^^^^^^^^^^^^^^^^^^^^^^^^^^^^^^^^^^
  File "/home/jalconchel/rop3-eval/utils/angrop_worker.py", line 96, in _emit
    print(json.dumps(out))
          ^^^^^^^^^^^^^^^
  File "/home/jalconchel/miniconda3/envs/rop-eval/lib/python3.12/json/__init__.py", line 231, in dumps
    return _default_encoder.encode(obj)
           ^^^^^^^^^^^^^^^^^^^^^^^^^^^^
  File "/home/jalconchel/miniconda3/envs/rop-eval/lib/python3.12/json/encoder.py", line 200, in encode
    chunks = self.iterencode(o, _one_shot=True)
             ^^^^^^^^^^^^^^^^^^^^^^^^^^^^^^^^^^
  File "/home/jalconchel/miniconda3/envs/rop-eval/lib/python3.12/json/encoder.py", line 258, in iterencode
    return _iterencode(o, 0)
           ^^^^^^^^^^^^^^^^^
  File "/home/jalconchel/miniconda3/envs/rop-eval/lib/python3.12/json/encoder.py", line 180, in default
    raise TypeError(f'Object of type {o.__class__.__name__} '
TypeError: Object of type bytes is not JSON serializable

=== angrop | libc_debian_x86.so | mprotect_x86 | status=error | 2026-10-02T13:12:42
WARNING  | 2026-10-02 12:56:57,651 | cle.loader     | Symbol imported without a known size; emulation may fail if it is used non-opaqely: __libc_enable_secure, _dl_argv. See https://docs.angr.io/extending-angr/environment#simdata
WARNING  | 2026-10-02 12:56:58,487 | angrop.gadget_finder | Enabling fast mode for large binary

ROP:   0%|          | 0/221505 [00:00<?, ?it/s]
ROP:   0%|          | 66/221505 [00:00<06:13, 593.66it/s]
ROP:   0%|          | 132/221505 [00:01<40:15, 91.66it/s]
ROP:   0%|          | 137/221505 [00:01<41:46, 88.30it/s]
ROP:   0%|          | 142/221505 [00:01<43:11, 85.43it/s]
ROP:   0%|          | 193/221505 [00:01<33:48, 109.09it/s]
ROP:   0%|          | 244/221505 [00:02<31:02, 118.82it/s]
ROP:   0%|          | 295/221505 [00:02<30:12, 122.05it/s]
ROP:   0%|          | 346/221505 [00:02<29:37, 124.45it/s]
ROP:   0%|          | 397/221505 [00:03<29:08, 126.46it/s]
ROP:   0%|          | 448/221505 [00:03<29:44, 123.87it/s]
ROP:   0%|          | 499/221505 [00:04<31:51, 115.61it/s]
ROP:   0%|          | 507/221505 [00:04<32:07, 114.68it/s]
ROP:   0%|          | 524/221505 [00:04<31:51, 115.62it/s]
ROP:   0%|          | 541/221505 [00:04<33:12, 110.88it/s]
ROP:   0%|          | 580/221505 [00:05<32:37, 112.88it/s]
ROP:   0%|          | 619/221505 [00:05<33:12, 110.85it/s]
ROP:   0%|          | 658/221505 [00:05<32:24, 113.56it/s]
ROP:   0%|          | 697/221505 [00:06<32:26, 113.41it/s]
ROP:   0%|          | 736/221505 [00:06<33:39, 109.33it/s]
ROP:   0%|          | 743/221505 [00:06<34:05, 107.91it/s]
ROP:   0%|          | 752/221505 [00:07<34:22, 107.02it/s]
ROP:   0%|          | 761/221505 [00:07<34:41, 106.06it/s]
ROP:   0%|          | 896/221505 [00:07<29:59, 122.59it/s]
ROP:   0%|          | 1031/221505 [00:08<29:10, 125.96it/s]
ROP:   0%|          | 1090/221505 [00:08<27:56, 131.49it/s]
ROP:   1%|          | 1149/221505 [00:08<28:28, 128.98it/s]
ROP:   1%|          | 1163/221505 [00:09<28:27, 129.03it/s]
ROP:   1%|          | 1264/221505 [00:09<26:37, 137.86it/s]
ROP:   1%|          | 1365/221505 [00:09<26:02, 140.93it/s]
ROP:   1%|          | 1385/221505 [00:09<26:03, 140.74it/s]
ROP:   1%|          | 1487/221505 [00:10<24:41, 148.55it/s]
ROP:   1%|          | 1589/221505 [00:11<25:24, 144.25it/s]
ROP:   1%|          | 1679/221505 [00:11<24:18, 150.74it/s]
ROP:   1%|          | 1769/221505 [00:11<24:15, 150.98it/s]
ROP:   1%|          | 1794/221505 [00:11<24:11, 151.38it/s]
ROP:   1%|          | 1934/221505 [00:11<22:37, 161.70it/s]
ROP:   1%|          | 2074/221505 [00:12<21:55, 166.82it/s]
ROP:   1%|          | 2214/221505 [00:12<20:47, 175.73it/s]
ROP:   1%|          | 2354/221505 [00:13<20:29, 178.29it/s]
ROP:   1%|          | 2391/221505 [00:13<20:24, 178.99it/s]
ROP:   1%|          | 2428/221505 [00:13<20:28, 178.27it/s]
ROP:   1%|          | 2465/221505 [00:13<20:19, 179.65it/s]
ROP:   1%|          | 2540/221505 [00:13<19:54, 183.34it/s]
ROP:   1%|          | 2615/221505 [00:14<19:38, 185.69it/s]
ROP:   1%|          | 2709/221505 [00:14<19:06, 190.82it/s]
ROP:   1%|▏         | 2803/221505 [00:14<18:50, 193.41it/s]
ROP:   1%|▏         | 2897/221505 [00:14<18:27, 197.42it/s]
ROP:   1%|▏         | 2991/221505 [00:14<18:10, 200.44it/s]
ROP:   1%|▏         | 3085/221505 [00:15<17:45, 204.90it/s]
ROP:   1%|▏         | 3293/221505 [00:15<16:45, 217.06it/s]
ROP:   2%|▏         | 3501/221505 [00:15<16:17, 223.13it/s]
ROP:   2%|▏         | 3542/221505 [00:15<16:20, 222.29it/s]
ROP:   2%|▏         | 3591/221505 [00:16<16:13, 223.95it/s]
ROP:   2%|▏         | 3640/221505 [00:16<16:08, 225.02it/s]
ROP:   2%|▏         | 3689/221505 [00:16<16:01, 226.59it/s]
ROP:   2%|▏         | 3738/221505 [00:16<16:02, 226.22it/s]
ROP:   2%|▏         | 3787/221505 [00:16<15:56, 227.53it/s]
ROP:   2%|▏         | 3836/221505 [00:16<15:50, 229.04it/s]
ROP:   2%|▏         | 3885/221505 [00:16<15:45, 230.22it/s]
ROP:   2%|▏         | 3955/221505 [00:16<15:33, 232.99it/s]
ROP:   2%|▏         | 4025/221505 [00:17<15:25, 234.92it/s]
ROP:   2%|▏         | 4137/221505 [00:17<15:09, 239.05it/s]
ROP:   2%|▏         | 4249/221505 [00:17<15:14, 237.63it/s]
ROP:   2%|▏         | 4269/221505 [00:18<15:22, 235.43it/s]
ROP:   2%|▏         | 4291/221505 [00:18<15:25, 234.81it/s]
ROP:   2%|▏         | 4313/221505 [00:18<15:34, 232.42it/s]
ROP:   2%|▏         | 4361/221505 [00:18<15:32, 232.83it/s]
ROP:   2%|▏         | 4409/221505 [00:19<15:41, 230.64it/s]
ROP:   2%|▏         | 4457/221505 [00:19<15:49, 228.66it/s]
ROP:   2%|▏         | 4532/221505 [00:19<15:39, 231.00it/s]
ROP:   2%|▏         | 4607/221505 [00:20<15:46, 229.06it/s]
ROP:   2%|▏         | 4682/221505 [00:20<15:40, 230.43it/s]
ROP:   2%|▏         | 4757/221505 [00:20<15:48, 228.61it/s]
ROP:   2%|▏         | 4832/221505 [00:20<15:39, 230.62it/s]
ROP:   2%|▏         | 4907/221505 [00:21<15:45, 229.07it/s]
ROP:   2%|▏         | 4982/221505 [00:21<15:52, 227.29it/s]
ROP:   2%|▏         | 5057/221505 [00:23<16:26, 219.34it/s]
ROP:   2%|▏         | 5093/221505 [00:23<16:24, 219.83it/s]
ROP:   2%|▏         | 5139/221505 [00:23<16:26, 219.39it/s]
ROP:   2%|▏         | 5185/221505 [00:23<16:21, 220.37it/s]
ROP:   2%|▏         | 5292/221505 [00:23<16:05, 223.92it/s]
ROP:   2%|▏         | 5399/221505 [00:24<16:09, 223.01it/s]
ROP:   2%|▏         | 5424/221505 [00:24<16:09, 222.87it/s]
ROP:   2%|▏         | 5472/221505 [00:24<16:05, 223.80it/s]
ROP:   2%|▏         | 5520/221505 [00:24<16:05, 223.71it/s]
ROP:   3%|▎         | 5568/221505 [00:25<16:17, 220.99it/s]
ROP:   3%|▎         | 5647/221505 [00:25<16:08, 222.78it/s]
ROP:   3%|▎         | 5726/221505 [00:25<16:01, 224.50it/s]
ROP:   3%|▎         | 5805/221505 [00:26<16:11, 222.09it/s]
ROP:   3%|▎         | 5829/221505 [00:26<16:13, 221.58it/s]
ROP:   3%|▎         | 5853/221505 [00:26<16:28, 218.22it/s]
ROP:   3%|▎         | 5863/221505 [00:26<16:31, 217.49it/s]
ROP:   3%|▎         | 5917/221505 [00:27<16:26, 218.61it/s]
ROP:   3%|▎         | 5972/221505 [00:27<16:21, 219.56it/s]
ROP:   3%|▎         | 6048/221505 [00:27<16:13, 221.29it/s]
ROP:   3%|▎         | 6124/221505 [00:27<16:17, 220.29it/s]
ROP:   3%|▎         | 6200/221505 [00:29<16:49, 213.35it/s]
ROP:   3%|▎         | 6273/221505 [00:29<16:40, 215.12it/s]
ROP:   3%|▎         | 6346/221505 [00:29<16:32, 216.78it/s]
ROP:   3%|▎         | 6419/221505 [00:29<16:42, 214.46it/s]
ROP:   3%|▎         | 6431/221505 [00:30<16:47, 213.37it/s]
ROP:   3%|▎         | 6443/221505 [00:30<16:50, 212.75it/s]
ROP:   3%|▎         | 6455/221505 [00:30<17:02, 210.32it/s]
ROP:   3%|▎         | 6483/221505 [00:30<17:01, 210.47it/s]
ROP:   3%|▎         | 6511/221505 [00:31<17:08, 208.99it/s]
ROP:   3%|▎         | 6539/221505 [00:31<17:17, 207.29it/s]
ROP:   3%|▎         | 6567/221505 [00:31<17:24, 205.74it/s]
ROP:   3%|▎         | 6595/221505 [00:32<17:31, 204.35it/s]
ROP:   3%|▎         | 6623/221505 [00:33<17:51, 200.47it/s]
ROP:   3%|▎         | 6629/221505 [00:33<17:54, 199.98it/s]
ROP:   3%|▎         | 6635/221505 [00:33<18:01, 198.72it/s]
ROP:   3%|▎         | 6644/221505 [00:33<18:03, 198.27it/s]
ROP:   3%|▎         | 6653/221505 [00:33<18:12, 196.59it/s]
ROP:   3%|▎         | 6662/221505 [00:34<18:21, 195.07it/s]
ROP:   3%|▎         | 6673/221505 [00:34<18:24, 194.50it/s]
ROP:   3%|▎         | 6684/221505 [00:34<18:32, 193.07it/s]
ROP:   3%|▎         | 6695/221505 [00:34<18:40, 191.72it/s]
ROP:   3%|▎         | 6706/221505 [00:35<18:45, 190.81it/s]
ROP:   3%|▎         | 6717/221505 [00:35<18:48, 190.41it/s]
ROP:   3%|▎         | 6728/221505 [00:35<18:50, 190.01it/s]
ROP:   3%|▎         | 6739/221505 [00:35<18:52, 189.65it/s]
ROP:   3%|▎         | 6750/221505 [00:35<18:55, 189.10it/s]
ROP:   3%|▎         | 6761/221505 [00:35<18:58, 188.55it/s]
ROP:   3%|▎         | 6782/221505 [00:35<18:59, 188.47it/s]
ROP:   3%|▎         | 6803/221505 [00:36<19:03, 187.75it/s]
ROP:   3%|▎         | 6824/221505 [00:36<19:04, 187.64it/s]
ROP:   3%|▎         | 6845/221505 [00:36<19:04, 187.51it/s]
ROP:   3%|▎         | 6866/221505 [00:36<19:08, 186.91it/s]
ROP:   3%|▎         | 6887/221505 [00:36<19:09, 186.75it/s]
ROP:   3%|▎         | 6909/221505 [00:37<19:10, 186.53it/s]
ROP:   3%|▎         | 6931/221505 [00:37<19:21, 184.78it/s]
ROP:   3%|▎         | 6953/221505 [00:38<19:32, 182.94it/s]
ROP:   3%|▎         | 7030/221505 [00:38<19:23, 184.34it/s]
ROP:   3%|▎         | 7107/221505 [00:38<19:16, 185.42it/s]
ROP:   3%|▎         | 7184/221505 [00:38<19:09, 186.45it/s]
ROP:   3%|▎         | 7261/221505 [00:38<19:04, 187.15it/s]
ROP:   3%|▎         | 7338/221505 [00:39<19:05, 187.04it/s]
ROP:   3%|▎         | 7415/221505 [00:39<18:59, 187.80it/s]
ROP:   3%|▎         | 7492/221505 [00:39<18:58, 187.92it/s]
ROP:   3%|▎         | 7569/221505 [00:40<18:58, 187.87it/s]
ROP:   3%|▎         | 7646/221505 [00:40<18:51, 189.05it/s]
ROP:   3%|▎         | 7736/221505 [00:40<18:41, 190.62it/s]
ROP:   4%|▎         | 7826/221505 [00:41<18:40, 190.65it/s]
ROP:   4%|▎         | 7916/221505 [00:41<18:31, 192.24it/s]
ROP:   4%|▎         | 8006/221505 [00:41<18:35, 191.31it/s]
ROP:   4%|▎         | 8059/221505 [00:41<18:31, 192.10it/s]
ROP:   4%|▎         | 8127/221505 [00:42<18:24, 193.11it/s]
ROP:   4%|▎         | 8195/221505 [00:42<18:23, 193.34it/s]
ROP:   4%|▍         | 8323/221505 [00:42<18:08, 195.90it/s]
ROP:   4%|▍         | 8462/221505 [00:42<17:52, 198.65it/s]
ROP:   4%|▍         | 8601/221505 [00:43<17:53, 198.36it/s]
ROP:   4%|▍         | 8620/221505 [00:43<17:56, 197.74it/s]
ROP:   4%|▍         | 8655/221505 [00:43<17:54, 198.06it/s]
ROP:   4%|▍         | 8708/221505 [00:43<17:51, 198.54it/s]
ROP:   4%|▍         | 8761/221505 [00:44<17:51, 198.60it/s]
ROP:   4%|▍         | 8814/221505 [00:44<17:48, 199.04it/s]
ROP:   4%|▍         | 8867/221505 [00:44<17:44, 199.78it/s]
ROP:   4%|▍         | 8920/221505 [00:44<17:41, 200.20it/s]
ROP:   4%|▍         | 8973/221505 [00:45<17:46, 199.22it/s]
ROP:   4%|▍         | 9026/221505 [00:45<17:45, 199.43it/s]
ROP:   4%|▍         | 9079/221505 [00:45<17:43, 199.78it/s]
ROP:   4%|▍         | 9132/221505 [00:45<17:41, 200.11it/s]
ROP:   4%|▍         | 9185/221505 [00:46<17:45, 199.33it/s]
ROP:   4%|▍         | 9238/221505 [00:46<17:51, 198.13it/s]
ROP:   4%|▍         | 9260/221505 [00:46<17:51, 198.06it/s]
ROP:   4%|▍         | 9282/221505 [00:46<17:51, 198.05it/s]
ROP:   4%|▍         | 9304/221505 [00:47<17:55, 197.23it/s]
ROP:   4%|▍         | 9326/221505 [00:47<17:56, 197.18it/s]
ROP:   4%|▍         | 9348/221505 [00:47<17:59, 196.47it/s]
ROP:   4%|▍         | 9372/221505 [00:47<17:59, 196.53it/s]
ROP:   4%|▍         | 9416/221505 [00:47<17:56, 197.03it/s]
ROP:   4%|▍         | 9475/221505 [00:47<17:52, 197.65it/s]
ROP:   4%|▍         | 9534/221505 [00:48<17:59, 196.28it/s]
ROP:   4%|▍         | 9544/221505 [00:48<18:01, 196.00it/s]
ROP:   4%|▍         | 9577/221505 [00:48<18:01, 195.99it/s]
ROP:   4%|▍         | 9610/221505 [00:48<18:00, 196.17it/s]
ROP:   4%|▍         | 9643/221505 [00:49<17:59, 196.34it/s]
ROP:   4%|▍         | 9676/221505 [00:49<17:57, 196.60it/s]
ROP:   4%|▍         | 9716/221505 [00:49<17:56, 196.82it/s]
ROP:   4%|▍         | 9785/221505 [00:49<17:50, 197.73it/s]
ROP:   4%|▍         | 9785/221505 [00:50<18:01, 195.69it/s]
ROP:   4%|▍         | 9825/221505 [00:50<17:57, 196.49it/s]
ROP:   4%|▍         | 9833/221505 [00:50<18:01, 195.72it/s]
ROP:   4%|▍         | 9845/221505 [00:50<18:02, 195.45it/s]
ROP:   4%|▍         | 9885/221505 [00:50<18:01, 195.75it/s]
ROP:   4%|▍         | 9925/221505 [00:50<18:00, 195.77it/s]
ROP:   5%|▍         | 10046/221505 [00:50<17:49, 197.76it/s]
ROP:   5%|▍         | 10167/221505 [00:51<17:52, 197.04it/s]
ROP:   5%|▍         | 10187/221505 [00:51<17:53, 196.91it/s]
ROP:   5%|▍         | 10287/221505 [00:51<17:44, 198.43it/s]
ROP:   5%|▍         | 10387/221505 [00:52<17:48, 197.51it/s]
ROP:   5%|▍         | 10408/221505 [00:52<17:48, 197.52it/s]
ROP:   5%|▍         | 10429/221505 [00:52<17:49, 197.40it/s]
ROP:   5%|▍         | 10464/221505 [00:52<17:48, 197.48it/s]
ROP:   5%|▍         | 10499/221505 [00:53<17:52, 196.76it/s]
ROP:   5%|▍         | 10534/221505 [00:53<17:51, 196.85it/s]
ROP:   5%|▍         | 10569/221505 [00:53<17:50, 197.05it/s]
ROP:   5%|▍         | 10629/221505 [00:53<17:46, 197.73it/s]
ROP:   5%|▍         | 10689/221505 [00:54<17:49, 197.14it/s]
ROP:   5%|▍         | 10749/221505 [00:54<17:54, 196.14it/s]
ROP:   5%|▍         | 10833/221505 [00:54<17:47, 197.30it/s]
ROP:   5%|▍         | 10917/221505 [00:55<17:59, 195.02it/s]
ROP:   5%|▍         | 10935/221505 [00:56<18:00, 194.97it/s]
ROP:   5%|▍         | 10953/221505 [00:56<18:01, 194.69it/s]
ROP:   5%|▍         | 11016/221505 [00:56<17:57, 195.39it/s]
ROP:   5%|▌         | 11079/221505 [00:56<17:59, 194.87it/s]
ROP:   5%|▌         | 11142/221505 [00:57<18:14, 192.22it/s]
ROP:   5%|▌         | 11148/221505 [00:58<18:17, 191.73it/s]
ROP:   5%|▌         | 11165/221505 [00:58<18:17, 191.63it/s]
ROP:   5%|▌         | 11197/221505 [00:58<18:17, 191.60it/s]
ROP:   5%|▌         | 11229/221505 [00:59<18:26, 189.98it/s]
ROP:   5%|▌         | 11288/221505 [00:59<18:23, 190.59it/s]
ROP:   5%|▌         | 11347/221505 [00:59<18:21, 190.85it/s]
ROP:   5%|▌         | 11347/221505 [01:00<18:31, 189.11it/s]
ROP:   5%|▌         | 11402/221505 [01:00<18:26, 189.84it/s]
ROP:   5%|▌         | 11442/221505 [01:00<18:24, 190.11it/s]
ROP:   5%|▌         | 11482/221505 [01:00<18:27, 189.60it/s]
ROP:   5%|▌         | 11522/221505 [01:00<18:26, 189.84it/s]
ROP:   5%|▌         | 11562/221505 [01:00<18:25, 189.84it/s]
ROP:   5%|▌         | 11602/221505 [01:01<18:26, 189.76it/s]
ROP:   5%|▌         | 11642/221505 [01:01<18:32, 188.71it/s]
ROP:   5%|▌         | 11667/221505 [01:01<18:31, 188.76it/s]
ROP:   5%|▌         | 11692/221505 [01:01<18:31, 188.74it/s]
ROP:   5%|▌         | 11717/221505 [01:02<18:32, 188.62it/s]
ROP:   5%|▌         | 11742/221505 [01:02<18:34, 188.21it/s]
ROP:   5%|▌         | 11773/221505 [01:02<18:34, 188.18it/s]
ROP:   5%|▌         | 11804/221505 [01:02<18:34, 188.21it/s]
ROP:   5%|▌         | 11844/221505 [01:02<18:32, 188.46it/s]
ROP:   5%|▌         | 11884/221505 [01:03<18:34, 188.08it/s]
ROP:   5%|▌         | 11924/221505 [01:03<18:35, 187.88it/s]
ROP:   5%|▌         | 11964/221505 [01:03<18:36, 187.67it/s]
ROP:   5%|▌         | 12004/221505 [01:04<18:37, 187.44it/s]
ROP:   5%|▌         | 12044/221505 [01:04<18:37, 187.47it/s]
ROP:   5%|▌         | 12088/221505 [01:04<18:34, 187.85it/s]
ROP:   5%|▌         | 12132/221505 [01:04<18:34, 187.88it/s]
ROP:   5%|▌         | 12176/221505 [01:04<18:35, 187.68it/s]
ROP:   6%|▌         | 12220/221505 [01:05<18:33, 187.96it/s]
ROP:   6%|▌         | 12264/221505 [01:05<18:34, 187.82it/s]
ROP:   6%|▌         | 12308/221505 [01:05<18:35, 187.49it/s]
ROP:   6%|▌         | 12352/221505 [01:05<18:33, 187.75it/s]
ROP:   6%|▌         | 12396/221505 [01:06<18:36, 187.27it/s]
ROP:   6%|▌         | 12458/221505 [01:06<18:32, 187.85it/s]
ROP:   6%|▌         | 12520/221505 [01:06<18:38, 186.88it/s]
ROP:   6%|▌         | 12530/221505 [01:07<18:39, 186.65it/s]
ROP:   6%|▌         | 12540/221505 [01:07<18:40, 186.48it/s]
ROP:   6%|▌         | 12558/221505 [01:07<18:40, 186.42it/s]
ROP:   6%|▌         | 12576/221505 [01:07<18:44, 185.77it/s]
ROP:   6%|▌         | 12594/221505 [01:08<18:48, 185.20it/s]
ROP:   6%|▌         | 12613/221505 [01:08<18:48, 185.06it/s]
ROP:   6%|▌         | 12725/221505 [01:08<18:40, 186.34it/s]
ROP:   6%|▌         | 12837/221505 [01:08<18:31, 187.66it/s]
ROP:   6%|▌         | 12949/221505 [01:08<18:28, 188.21it/s]
ROP:   6%|▌         | 13061/221505 [01:08<18:20, 189.36it/s]
ROP:   6%|▌         | 13173/221505 [01:09<18:17, 189.84it/s]
ROP:   6%|▌         | 13285/221505 [01:09<18:14, 190.24it/s]
ROP:   6%|▌         | 13397/221505 [01:11<18:23, 188.64it/s]
ROP:   6%|▌         | 13415/221505 [01:11<18:23, 188.53it/s]
ROP:   6%|▌         | 13433/221505 [01:11<18:28, 187.75it/s]
ROP:   6%|▌         | 13451/221505 [01:11<18:31, 187.24it/s]
ROP:   6%|▌         | 13476/221505 [01:11<18:30, 187.27it/s]
ROP:   6%|▌         | 13501/221505 [01:12<18:31, 187.13it/s]
ROP:   6%|▌         | 13526/221505 [01:12<18:37, 186.15it/s]
ROP:   6%|▌         | 13545/221505 [01:12<18:37, 186.06it/s]
ROP:   6%|▌         | 13564/221505 [01:12<18:37, 186.04it/s]
ROP:   6%|▌         | 13583/221505 [01:13<18:40, 185.56it/s]
ROP:   6%|▌         | 13602/221505 [01:13<18:41, 185.46it/s]
ROP:   6%|▌         | 13621/221505 [01:13<18:42, 185.21it/s]
ROP:   6%|▌         | 13640/221505 [01:13<18:43, 185.07it/s]
ROP:   6%|▌         | 13723/221505 [01:13<18:37, 185.90it/s]
ROP:   6%|▌         | 13806/221505 [01:14<18:37, 185.89it/s]
ROP:   6%|▋         | 13889/221505 [01:14<18:31, 186.72it/s]
ROP:   6%|▋         | 13972/221505 [01:15<18:35, 186.06it/s]
ROP:   6%|▋         | 13984/221505 [01:15<18:36, 185.92it/s]
ROP:   6%|▋         | 14045/221505 [01:15<18:33, 186.34it/s]
ROP:   6%|▋         | 14106/221505 [01:15<18:35, 185.95it/s]
ROP:   6%|▋         | 14167/221505 [01:16<18:32, 186.31it/s]
ROP:   6%|▋         | 14245/221505 [01:16<18:28, 186.98it/s]
ROP:   6%|▋         | 14323/221505 [01:17<18:37, 185.46it/s]
ROP:   6%|▋         | 14357/221505 [01:17<18:36, 185.53it/s]
ROP:   7%|▋         | 14401/221505 [01:17<18:35, 185.70it/s]
ROP:   7%|▋         | 14445/221505 [01:17<18:34, 185.79it/s]
ROP:   7%|▋         | 14489/221505 [01:18<18:37, 185.31it/s]
ROP:   7%|▋         | 14557/221505 [01:18<18:33, 185.92it/s]
ROP:   7%|▋         | 14625/221505 [01:18<18:33, 185.83it/s]
ROP:   7%|▋         | 14693/221505 [01:18<18:30, 186.16it/s]
ROP:   7%|▋         | 14761/221505 [01:19<18:36, 185.09it/s]
ROP:   7%|▋         | 14770/221505 [01:20<18:41, 184.32it/s]
ROP:   7%|▋         | 14779/221505 [01:20<18:43, 183.95it/s]
ROP:   7%|▋         | 14821/221505 [01:20<18:42, 184.19it/s]
ROP:   7%|▋         | 14863/221505 [01:20<18:43, 183.93it/s]
ROP:   7%|▋         | 14945/221505 [01:20<18:38, 184.67it/s]
ROP:   7%|▋         | 15027/221505 [01:21<18:35, 185.05it/s]
ROP:   7%|▋         | 15109/221505 [01:21<18:32, 185.45it/s]
ROP:   7%|▋         | 15191/221505 [01:21<18:31, 185.61it/s]
ROP:   7%|▋         | 15273/221505 [01:22<18:27, 186.23it/s]
ROP:   7%|▋         | 15355/221505 [01:22<18:25, 186.47it/s]
ROP:   7%|▋         | 15437/221505 [01:22<18:21, 187.11it/s]
ROP:   7%|▋         | 15519/221505 [01:23<18:23, 186.67it/s]
ROP:   7%|▋         | 15648/221505 [01:23<18:15, 187.87it/s]
ROP:   7%|▋         | 15777/221505 [01:23<18:14, 187.99it/s]
ROP:   7%|▋         | 15819/221505 [01:24<18:12, 188.26it/s]
ROP:   7%|▋         | 15861/221505 [01:24<18:10, 188.50it/s]
ROP:   7%|▋         | 15924/221505 [01:24<18:07, 189.01it/s]
ROP:   7%|▋         | 15987/221505 [01:24<18:04, 189.45it/s]
ROP:   7%|▋         | 16095/221505 [01:24<17:59, 190.29it/s]
ROP:   7%|▋         | 16203/221505 [01:24<17:54, 191.15it/s]
ROP:   7%|▋         | 16311/221505 [01:25<17:49, 191.83it/s]
ROP:   7%|▋         | 16419/221505 [01:25<17:44, 192.72it/s]
ROP:   7%|▋         | 16527/221505 [01:25<17:41, 193.14it/s]
ROP:   8%|▊         | 16635/221505 [01:25<17:35, 194.05it/s]
ROP:   8%|▊         | 16743/221505 [01:26<17:32, 194.47it/s]
ROP:   8%|▊         | 16858/221505 [01:26<17:26, 195.56it/s]
ROP:   8%|▊         | 16973/221505 [01:26<17:22, 196.24it/s]
ROP:   8%|▊         | 17097/221505 [01:26<17:15, 197.42it/s]
ROP:   8%|▊         | 17223/221505 [01:26<17:08, 198.64it/s]
ROP:   8%|▊         | 17410/221505 [01:26<16:57, 200.57it/s]
ROP:   8%|▊         | 17597/221505 [01:27<16:50, 201.82it/s]
ROP:   8%|▊         | 17784/221505 [01:27<16:42, 203.22it/s]
ROP:   8%|▊         | 17971/221505 [01:28<16:37, 204.08it/s]
ROP:   8%|▊         | 18031/221505 [01:28<16:34, 204.52it/s]
ROP:   8%|▊         | 18172/221505 [01:28<16:27, 205.85it/s]
ROP:   8%|▊         | 18313/221505 [01:28<16:25, 206.25it/s]
ROP:   8%|▊         | 18402/221505 [01:28<16:21, 206.93it/s]
ROP:   8%|▊         | 18499/221505 [01:29<16:17, 207.74it/s]
ROP:   8%|▊         | 18596/221505 [01:29<16:12, 208.58it/s]
ROP:   8%|▊         | 18693/221505 [01:29<16:08, 209.42it/s]
ROP:   8%|▊         | 18790/221505 [01:29<16:06, 209.83it/s]
ROP:   9%|▊         | 18907/221505 [01:29<16:00, 210.85it/s]
ROP:   9%|▊         | 19055/221505 [01:29<15:54, 212.20it/s]
ROP:   9%|▊         | 19203/221505 [01:30<15:49, 213.00it/s]
ROP:   9%|▊         | 19351/221505 [01:30<15:44, 213.93it/s]
ROP:   9%|▉         | 19499/221505 [01:31<15:43, 214.08it/s]
ROP:   9%|▉         | 19574/221505 [01:31<15:40, 214.67it/s]
ROP:   9%|▉         | 19702/221505 [01:31<15:35, 215.79it/s]
ROP:   9%|▉         | 19863/221505 [01:31<15:28, 217.24it/s]
ROP:   9%|▉         | 20024/221505 [01:32<15:31, 216.21it/s]
ROP:   9%|▉         | 20038/221505 [01:32<15:33, 215.93it/s]
ROP:   9%|▉         | 20066/221505 [01:32<15:32, 215.95it/s]
ROP:   9%|▉         | 20094/221505 [01:33<15:36, 215.03it/s]
ROP:   9%|▉         | 20100/221505 [01:33<15:39, 214.47it/s]
ROP:   9%|▉         | 20110/221505 [01:33<15:39, 214.33it/s]
ROP:   9%|▉         | 20132/221505 [01:33<15:39, 214.23it/s]
ROP:   9%|▉         | 20154/221505 [01:34<15:42, 213.69it/s]
ROP:   9%|▉         | 20176/221505 [01:34<15:42, 213.58it/s]
ROP:   9%|▉         | 20198/221505 [01:34<15:42, 213.55it/s]
ROP:   9%|▉         | 20286/221505 [01:34<15:39, 214.25it/s]
ROP:   9%|▉         | 20374/221505 [01:35<15:42, 213.44it/s]
ROP:   9%|▉         | 20480/221505 [01:35<15:38, 214.26it/s]
ROP:   9%|▉         | 20586/221505 [01:36<15:41, 213.34it/s]
ROP:   9%|▉         | 20622/221505 [01:36<15:41, 213.36it/s]
ROP:   9%|▉         | 20658/221505 [01:36<15:42, 213.10it/s]
ROP:   9%|▉         | 20695/221505 [01:37<15:42, 213.16it/s]
ROP:   9%|▉         | 20732/221505 [01:37<15:41, 213.31it/s]
ROP:   9%|▉         | 20769/221505 [01:37<15:42, 213.00it/s]
ROP:   9%|▉         | 20806/221505 [01:37<15:41, 213.09it/s]
ROP:   9%|▉         | 20867/221505 [01:37<15:40, 213.33it/s]
ROP:   9%|▉         | 20928/221505 [01:38<15:46, 211.90it/s]
ROP:   9%|▉         | 20954/221505 [01:38<15:46, 211.81it/s]
ROP:   9%|▉         | 21040/221505 [01:39<15:43, 212.41it/s]
ROP:   9%|▉         | 21040/221505 [01:40<15:52, 210.39it/s]
ROP:  10%|▉         | 21088/221505 [01:40<15:51, 210.72it/s]
ROP:  10%|▉         | 21173/221505 [01:40<15:48, 211.30it/s]
ROP:  10%|▉         | 21258/221505 [01:40<15:46, 211.46it/s]
ROP:  10%|▉         | 21343/221505 [01:40<15:45, 211.79it/s]
ROP:  10%|▉         | 21437/221505 [01:40<15:41, 212.45it/s]
ROP:  10%|▉         | 21531/221505 [01:41<15:39, 212.81it/s]
ROP:  10%|▉         | 21625/221505 [01:41<15:36, 213.53it/s]
ROP:  10%|▉         | 21719/221505 [01:41<15:34, 213.82it/s]
ROP:  10%|▉         | 21885/221505 [01:41<15:28, 215.05it/s]
ROP:  10%|▉         | 22051/221505 [01:41<15:21, 216.34it/s]
ROP:  10%|█         | 22238/221505 [01:42<15:14, 217.91it/s]
ROP:  10%|█         | 22433/221505 [01:42<15:06, 219.60it/s]
ROP:  10%|█         | 22628/221505 [01:42<14:58, 221.29it/s]
ROP:  10%|█         | 22823/221505 [01:42<14:51, 222.88it/s]
ROP:  10%|█         | 23018/221505 [01:42<14:45, 224.28it/s]
ROP:  10%|█         | 23213/221505 [01:42<14:37, 225.95it/s]
ROP:  11%|█         | 23408/221505 [01:42<14:31, 227.31it/s]
ROP:  11%|█         | 23603/221505 [01:43<14:25, 228.75it/s]
ROP:  11%|█         | 23860/221505 [01:43<14:15, 231.02it/s]
ROP:  11%|█         | 24117/221505 [01:43<14:07, 232.92it/s]
ROP:  11%|█         | 24374/221505 [01:43<13:58, 234.97it/s]
ROP:  11%|█         | 24631/221505 [01:44<13:54, 235.95it/s]
ROP:  11%|█         | 24676/221505 [01:44<13:53, 236.15it/s]
ROP:  11%|█         | 24721/221505 [01:44<13:54, 235.92it/s]
ROP:  11%|█         | 24766/221505 [01:45<13:54, 235.74it/s]
ROP:  11%|█         | 24811/221505 [01:45<13:54, 235.60it/s]
ROP:  11%|█         | 24871/221505 [01:45<13:53, 235.79it/s]
ROP:  11%|█▏        | 24931/221505 [01:45<13:53, 235.72it/s]
ROP:  11%|█▏        | 24991/221505 [01:45<13:52, 236.04it/s]
ROP:  11%|█▏        | 25051/221505 [01:46<13:53, 235.82it/s]
ROP:  11%|█▏        | 25111/221505 [01:47<13:59, 233.90it/s]
ROP:  11%|█▏        | 25134/221505 [01:47<13:59, 233.85it/s]
ROP:  11%|█▏        | 25157/221505 [01:47<14:01, 233.24it/s]
ROP:  11%|█▏        | 25180/221505 [01:47<14:01, 233.19it/s]
ROP:  11%|█▏        | 25217/221505 [01:48<14:01, 233.32it/s]
ROP:  11%|█▏        | 25254/221505 [01:48<14:03, 232.68it/s]
ROP:  11%|█▏        | 25291/221505 [01:48<14:04, 232.24it/s]
ROP:  11%|█▏        | 25328/221505 [01:49<14:06, 231.86it/s]
ROP:  11%|█▏        | 25365/221505 [01:49<14:05, 231.97it/s]
ROP:  11%|█▏        | 25421/221505 [01:49<14:04, 232.25it/s]
ROP:  12%|█▏        | 25477/221505 [01:49<14:03, 232.32it/s]
ROP:  12%|█▏        | 25533/221505 [01:50<14:04, 231.97it/s]
ROP:  12%|█▏        | 25589/221505 [01:50<14:08, 230.82it/s]
ROP:  12%|█▏        | 25597/221505 [01:51<14:11, 230.04it/s]
ROP:  12%|█▏        | 25617/221505 [01:51<14:12, 229.89it/s]
ROP:  12%|█▏        | 25637/221505 [01:51<14:14, 229.33it/s]
ROP:  12%|█▏        | 25667/221505 [01:51<14:13, 229.40it/s]
ROP:  12%|█▏        | 25697/221505 [01:52<14:15, 228.78it/s]
ROP:  12%|█▏        | 25727/221505 [01:52<14:15, 228.76it/s]
ROP:  12%|█▏        | 25757/221505 [01:53<14:19, 227.74it/s]
ROP:  12%|█▏        | 25774/221505 [01:53<14:20, 227.58it/s]
ROP:  12%|█▏        | 25791/221505 [01:53<14:22, 226.94it/s]
ROP:  12%|█▏        | 25813/221505 [01:53<14:22, 226.85it/s]
ROP:  12%|█▏        | 25835/221505 [01:54<14:26, 225.93it/s]
ROP:  12%|█▏        | 25887/221505 [01:54<14:25, 226.06it/s]
ROP:  12%|█▏        | 25939/221505 [01:54<14:25, 226.03it/s]
ROP:  12%|█▏        | 25991/221505 [01:55<14:29, 224.88it/s]
ROP:  12%|█▏        | 26010/221505 [01:55<14:30, 224.70it/s]
ROP:  12%|█▏        | 26034/221505 [01:55<14:30, 224.45it/s]
ROP:  12%|█▏        | 26058/221505 [01:56<14:31, 224.29it/s]
ROP:  12%|█▏        | 26099/221505 [01:56<14:30, 224.43it/s]
ROP:  12%|█▏        | 26141/221505 [01:56<14:29, 224.57it/s]
ROP:  12%|█▏        | 26183/221505 [01:56<14:29, 224.72it/s]
ROP:  12%|█▏        | 26225/221505 [01:56<14:28, 224.83it/s]
ROP:  12%|█▏        | 26318/221505 [01:56<14:25, 225.44it/s]
ROP:  12%|█▏        | 26411/221505 [01:57<14:26, 225.13it/s]
ROP:  12%|█▏        | 26459/221505 [01:57<14:25, 225.31it/s]
ROP:  12%|█▏        | 26507/221505 [01:57<14:24, 225.47it/s]
ROP:  12%|█▏        | 26657/221505 [01:57<14:20, 226.55it/s]
ROP:  12%|█▏        | 26807/221505 [01:58<14:21, 226.04it/s]
ROP:  12%|█▏        | 26849/221505 [01:58<14:21, 226.04it/s]
ROP:  12%|█▏        | 26891/221505 [01:58<14:20, 226.12it/s]
ROP:  12%|█▏        | 26943/221505 [01:59<14:20, 226.23it/s]
ROP:  12%|█▏        | 26995/221505 [01:59<14:20, 226.07it/s]
ROP:  12%|█▏        | 27047/221505 [01:59<14:20, 226.01it/s]
ROP:  12%|█▏        | 27116/221505 [01:59<14:18, 226.37it/s]
ROP:  12%|█▏        | 27210/221505 [01:59<14:16, 226.94it/s]
ROP:  12%|█▏        | 27304/221505 [02:00<14:14, 227.18it/s]
ROP:  12%|█▏        | 27398/221505 [02:00<14:13, 227.37it/s]
ROP:  12%|█▏        | 27492/221505 [02:00<14:11, 227.91it/s]
ROP:  12%|█▏        | 27586/221505 [02:00<14:10, 228.02it/s]
ROP:  12%|█▏        | 27680/221505 [02:01<14:09, 228.29it/s]
ROP:  13%|█▎        | 27852/221505 [02:01<14:03, 229.49it/s]
ROP:  13%|█▎        | 28024/221505 [02:02<14:05, 228.82it/s]
ROP:  13%|█▎        | 28040/221505 [02:02<14:06, 228.53it/s]
ROP:  13%|█▎        | 28056/221505 [02:02<14:06, 228.42it/s]
ROP:  13%|█▎        | 28090/221505 [02:02<14:06, 228.41it/s]
ROP:  13%|█▎        | 28124/221505 [02:03<14:08, 227.83it/s]
ROP:  13%|█▎        | 28158/221505 [02:03<14:09, 227.57it/s]
ROP:  13%|█▎        | 28207/221505 [02:03<14:09, 227.66it/s]
ROP:  13%|█▎        | 28256/221505 [02:04<14:10, 227.34it/s]
ROP:  13%|█▎        | 28305/221505 [02:04<14:11, 226.85it/s]
ROP:  13%|█▎        | 28354/221505 [02:04<14:11, 226.89it/s]
ROP:  13%|█▎        | 28403/221505 [02:05<14:11, 226.74it/s]
ROP:  13%|█▎        | 28452/221505 [02:05<14:10, 226.90it/s]
ROP:  13%|█▎        | 28501/221505 [02:05<14:09, 227.09it/s]
ROP:  13%|█▎        | 28550/221505 [02:05<14:10, 226.98it/s]
ROP:  13%|█▎        | 28599/221505 [02:05<14:09, 227.12it/s]
ROP:  13%|█▎        | 28648/221505 [02:06<14:11, 226.38it/s]
ROP:  13%|█▎        | 28662/221505 [02:06<14:12, 226.27it/s]
ROP:  13%|█▎        | 28676/221505 [02:06<14:13, 226.02it/s]
ROP:  13%|█▎        | 28690/221505 [02:07<14:14, 225.67it/s]
ROP:  13%|█▎        | 28744/221505 [02:07<14:13, 225.85it/s]
ROP:  13%|█▎        | 28798/221505 [02:07<14:12, 225.93it/s]
ROP:  13%|█▎        | 28852/221505 [02:07<14:12, 225.90it/s]
ROP:  13%|█▎        | 28952/221505 [02:07<14:10, 226.42it/s]
ROP:  13%|█▎        | 29052/221505 [02:08<14:08, 226.93it/s]
ROP:  13%|█▎        | 29152/221505 [02:08<14:06, 227.19it/s]
ROP:  13%|█▎        | 29252/221505 [02:08<14:04, 227.74it/s]
ROP:  13%|█▎        | 29352/221505 [02:08<14:02, 228.14it/s]
ROP:  13%|█▎        | 29480/221505 [02:08<13:59, 228.84it/s]
ROP:  13%|█▎        | 29608/221505 [02:08<13:55, 229.55it/s]
ROP:  13%|█▎        | 29736/221505 [02:09<13:53, 230.17it/s]
ROP:  13%|█▎        | 29864/221505 [02:09<13:49, 230.98it/s]
ROP:  14%|█▎        | 29992/221505 [02:09<13:46, 231.71it/s]
ROP:  14%|█▎        | 30120/221505 [02:09<13:44, 232.06it/s]
ROP:  14%|█▎        | 30248/221505 [02:10<13:44, 231.99it/s]
ROP:  14%|█▎        | 30324/221505 [02:10<13:43, 232.16it/s]
ROP:  14%|█▎        | 30400/221505 [02:10<13:42, 232.45it/s]
ROP:  14%|█▍        | 30476/221505 [02:10<13:40, 232.71it/s]
ROP:  14%|█▍        | 30552/221505 [02:11<13:39, 233.05it/s]
ROP:  14%|█▍        | 30628/221505 [02:11<13:38, 233.34it/s]
ROP:  14%|█▍        | 30826/221505 [02:11<13:32, 234.65it/s]
ROP:  14%|█▍        | 31024/221505 [02:11<13:28, 235.73it/s]
ROP:  14%|█▍        | 31222/221505 [02:11<13:23, 236.87it/s]
ROP:  14%|█▍        | 31420/221505 [02:11<13:18, 238.17it/s]
ROP:  14%|█▍        | 31618/221505 [02:12<13:13, 239.44it/s]
ROP:  14%|█▍        | 31816/221505 [02:12<13:08, 240.58it/s]
ROP:  14%|█▍        | 32014/221505 [02:12<13:04, 241.58it/s]
ROP:  15%|█▍        | 32212/221505 [02:12<13:01, 242.21it/s]
ROP:  15%|█▍        | 32410/221505 [02:13<12:56, 243.41it/s]
ROP:  15%|█▍        | 32608/221505 [02:13<12:53, 244.24it/s]
ROP:  15%|█▍        | 32806/221505 [02:14<12:52, 244.42it/s]
ROP:  15%|█▍        | 32943/221505 [02:14<12:48, 245.25it/s]
ROP:  15%|█▍        | 33080/221505 [02:15<12:49, 244.95it/s]
ROP:  15%|█▍        | 33104/221505 [02:15<12:49, 244.94it/s]
ROP:  15%|█▍        | 33194/221505 [02:15<12:47, 245.30it/s]
ROP:  15%|█▌        | 33284/221505 [02:16<12:50, 244.26it/s]
ROP:  15%|█▌        | 33380/221505 [02:16<12:48, 244.75it/s]
ROP:  15%|█▌        | 33476/221505 [02:16<12:46, 245.16it/s]
ROP:  15%|█▌        | 33572/221505 [02:16<12:45, 245.53it/s]
ROP:  15%|█▌        | 33668/221505 [02:17<12:45, 245.33it/s]
ROP:  15%|█▌        | 33708/221505 [02:17<12:45, 245.43it/s]
ROP:  15%|█▌        | 33807/221505 [02:17<12:43, 245.97it/s]
ROP:  15%|█▌        | 33906/221505 [02:17<12:41, 246.49it/s]
ROP:  15%|█▌        | 34040/221505 [02:17<12:38, 247.29it/s]
ROP:  15%|█▌        | 34175/221505 [02:17<12:35, 248.08it/s]
ROP:  15%|█▌        | 34310/221505 [02:17<12:32, 248.66it/s]
ROP:  16%|█▌        | 34445/221505 [02:18<12:29, 249.42it/s]
ROP:  16%|█▌        | 34580/221505 [02:18<12:27, 250.12it/s]
ROP:  16%|█▌        | 34715/221505 [02:18<12:26, 250.34it/s]
ROP:  16%|█▌        | 34850/221505 [02:19<12:26, 250.18it/s]
ROP:  16%|█▌        | 34877/221505 [02:19<12:26, 250.03it/s]
ROP:  16%|█▌        | 34904/221505 [02:19<12:27, 249.51it/s]
ROP:  16%|█▌        | 34937/221505 [02:19<12:27, 249.57it/s]
ROP:  16%|█▌        | 34970/221505 [02:20<12:29, 248.84it/s]
ROP:  16%|█▌        | 35003/221505 [02:20<12:29, 248.80it/s]
ROP:  16%|█▌        | 35036/221505 [02:21<12:31, 248.00it/s]
ROP:  16%|█▌        | 35059/221505 [02:21<12:32, 247.88it/s]
ROP:  16%|█▌        | 35114/221505 [02:21<12:31, 247.97it/s]
ROP:  16%|█▌        | 35169/221505 [02:21<12:32, 247.75it/s]
ROP:  16%|█▌        | 35248/221505 [02:22<12:31, 247.88it/s]
ROP:  16%|█▌        | 35327/221505 [02:22<12:32, 247.35it/s]
ROP:  16%|█▌        | 35340/221505 [02:23<12:33, 247.04it/s]
ROP:  16%|█▌        | 35364/221505 [02:23<12:33, 246.96it/s]
ROP:  16%|█▌        | 35388/221505 [02:23<12:35, 246.30it/s]
ROP:  16%|█▌        | 35412/221505 [02:24<12:36, 245.88it/s]
ROP:  16%|█▌        | 35436/221505 [02:24<12:37, 245.77it/s]
ROP:  16%|█▌        | 35511/221505 [02:24<12:35, 246.11it/s]
ROP:  16%|█▌        | 35586/221505 [02:24<12:36, 245.86it/s]
ROP:  16%|█▌        | 35661/221505 [02:24<12:35, 245.98it/s]
ROP:  16%|█▌        | 35736/221505 [02:25<12:35, 245.94it/s]
ROP:  16%|█▌        | 35811/221505 [02:25<12:35, 245.78it/s]
ROP:  16%|█▌        | 35886/221505 [02:25<12:34, 245.88it/s]
ROP:  16%|█▌        | 35961/221505 [02:26<12:34, 246.00it/s]
ROP:  16%|█▋        | 36036/221505 [02:26<12:34, 245.91it/s]
ROP:  16%|█▋        | 36111/221505 [02:27<12:35, 245.37it/s]
ROP:  16%|█▋        | 36137/221505 [02:27<12:35, 245.38it/s]
ROP:  16%|█▋        | 36163/221505 [02:27<12:36, 244.99it/s]
ROP:  16%|█▋        | 36189/221505 [02:27<12:36, 244.97it/s]
ROP:  16%|█▋        | 36220/221505 [02:27<12:36, 244.80it/s]
ROP:  16%|█▋        | 36251/221505 [02:28<12:37, 244.68it/s]
ROP:  16%|█▋        | 36302/221505 [02:28<12:36, 244.75it/s]
ROP:  16%|█▋        | 36353/221505 [02:29<12:39, 243.78it/s]
ROP:  16%|█▋        | 36361/221505 [02:29<12:39, 243.66it/s]
ROP:  16%|█▋        | 36369/221505 [02:29<12:40, 243.31it/s]
ROP:  16%|█▋        | 36416/221505 [02:29<12:40, 243.37it/s]
ROP:  16%|█▋        | 36463/221505 [02:29<12:41, 243.15it/s]
ROP:  16%|█▋        | 36510/221505 [02:30<12:43, 242.43it/s]
ROP:  16%|█▋        | 36518/221505 [02:30<12:43, 242.24it/s]
ROP:  16%|█▋        | 36526/221505 [02:30<12:44, 241.93it/s]
ROP:  16%|█▋        | 36534/221505 [02:31<12:45, 241.58it/s]
ROP:  17%|█▋        | 36614/221505 [02:31<12:44, 241.79it/s]
ROP:  17%|█▋        | 36694/221505 [02:31<12:44, 241.88it/s]
ROP:  17%|█▋        | 36774/221505 [02:32<12:43, 241.84it/s]
ROP:  17%|█▋        | 36854/221505 [02:32<12:42, 242.17it/s]
ROP:  17%|█▋        | 36934/221505 [02:32<12:43, 241.74it/s]
ROP:  17%|█▋        | 36951/221505 [02:32<12:43, 241.68it/s]
ROP:  17%|█▋        | 36968/221505 [02:33<12:44, 241.39it/s]
ROP:  17%|█▋        | 36985/221505 [02:33<12:44, 241.25it/s]
ROP:  17%|█▋        | 37002/221505 [02:33<12:45, 241.06it/s]
ROP:  17%|█▋        | 37038/221505 [02:33<12:45, 240.97it/s]
ROP:  17%|█▋        | 37094/221505 [02:33<12:44, 241.17it/s]
ROP:  17%|█▋        | 37150/221505 [02:34<12:44, 241.22it/s]
ROP:  17%|█▋        | 37206/221505 [02:34<12:43, 241.34it/s]
ROP:  17%|█▋        | 37262/221505 [02:34<12:43, 241.43it/s]
ROP:  17%|█▋        | 37318/221505 [02:34<12:42, 241.53it/s]
ROP:  17%|█▋        | 37374/221505 [02:34<12:42, 241.58it/s]
ROP:  17%|█▋        | 37430/221505 [02:35<12:43, 241.18it/s]
ROP:  17%|█▋        | 37486/221505 [02:35<12:43, 241.06it/s]
ROP:  17%|█▋        | 37542/221505 [02:35<12:43, 241.06it/s]
ROP:  17%|█▋        | 37598/221505 [02:35<12:42, 241.25it/s]
ROP:  17%|█▋        | 37654/221505 [02:36<12:41, 241.36it/s]
ROP:  17%|█▋        | 37763/221505 [02:36<12:40, 241.75it/s]
ROP:  17%|█▋        | 37872/221505 [02:36<12:37, 242.28it/s]
ROP:  17%|█▋        | 37981/221505 [02:36<12:36, 242.52it/s]
ROP:  17%|█▋        | 38209/221505 [02:36<12:32, 243.72it/s]
ROP:  17%|█▋        | 38437/221505 [02:37<12:31, 243.45it/s]
ROP:  17%|█▋        | 38458/221505 [02:38<12:32, 243.40it/s]
ROP:  17%|█▋        | 38598/221505 [02:38<12:29, 244.11it/s]
ROP:  17%|█▋        | 38738/221505 [02:38<12:28, 244.23it/s]
ROP:  18%|█▊        | 38801/221505 [02:38<12:27, 244.41it/s]
ROP:  18%|█▊        | 38801/221505 [02:40<12:33, 242.39it/s]
ROP:  18%|█▊        | 38861/221505 [02:40<12:32, 242.63it/s]
ROP:  18%|█▊        | 38914/221505 [02:40<12:31, 242.81it/s]
ROP:  18%|█▊        | 38968/221505 [02:40<12:31, 242.98it/s]
ROP:  18%|█▊        | 39042/221505 [02:40<12:29, 243.29it/s]
ROP:  18%|█▊        | 39116/221505 [02:40<12:30, 243.09it/s]
ROP:  18%|█▊        | 39190/221505 [02:41<12:30, 242.85it/s]
ROP:  18%|█▊        | 39264/221505 [02:41<12:30, 242.79it/s]
ROP:  18%|█▊        | 39387/221505 [02:41<12:28, 243.36it/s]
ROP:  18%|█▊        | 39510/221505 [02:42<12:27, 243.57it/s]
ROP:  18%|█▊        | 39633/221505 [02:42<12:26, 243.56it/s]
ROP:  18%|█▊        | 39673/221505 [02:42<12:26, 243.61it/s]
ROP:  18%|█▊        | 39713/221505 [02:43<12:26, 243.55it/s]
ROP:  18%|█▊        | 39792/221505 [02:43<12:25, 243.87it/s]
ROP:  18%|█▊        | 39871/221505 [02:43<12:26, 243.23it/s]
ROP:  18%|█▊        | 39896/221505 [02:44<12:26, 243.22it/s]
ROP:  18%|█▊        | 39921/221505 [02:44<12:26, 243.13it/s]
ROP:  18%|█▊        | 39968/221505 [02:44<12:26, 243.23it/s]
ROP:  18%|█▊        | 40015/221505 [02:45<12:28, 242.49it/s]
ROP:  18%|█▊        | 40066/221505 [02:45<12:28, 242.50it/s]
ROP:  18%|█▊        | 40117/221505 [02:45<12:29, 242.03it/s]
ROP:  18%|█▊        | 40143/221505 [02:45<12:29, 241.97it/s]
ROP:  18%|█▊        | 40169/221505 [02:46<12:30, 241.71it/s]
ROP:  18%|█▊        | 40195/221505 [02:46<12:31, 241.33it/s]
ROP:  18%|█▊        | 40221/221505 [02:47<12:32, 240.84it/s]
ROP:  18%|█▊        | 40247/221505 [02:47<12:34, 240.25it/s]
ROP:  18%|█▊        | 40253/221505 [02:47<12:35, 240.01it/s]
ROP:  18%|█▊        | 40259/221505 [02:47<12:35, 239.88it/s]
ROP:  18%|█▊        | 40277/221505 [02:47<12:35, 239.80it/s]
ROP:  18%|█▊        | 40295/221505 [02:48<12:36, 239.68it/s]
ROP:  18%|█▊        | 40349/221505 [02:48<12:35, 239.86it/s]
ROP:  18%|█▊        | 40403/221505 [02:48<12:35, 239.65it/s]
ROP:  18%|█▊        | 40457/221505 [02:48<12:35, 239.71it/s]
ROP:  18%|█▊        | 40511/221505 [02:49<12:35, 239.60it/s]
ROP:  18%|█▊        | 40577/221505 [02:49<12:34, 239.76it/s]
ROP:  18%|█▊        | 40643/221505 [02:49<12:34, 239.66it/s]
ROP:  18%|█▊        | 40721/221505 [02:49<12:33, 239.97it/s]
ROP:  18%|█▊        | 40838/221505 [02:49<12:31, 240.47it/s]
ROP:  18%|█▊        | 40955/221505 [02:50<12:30, 240.44it/s]
ROP:  19%|█▊        | 41020/221505 [02:50<12:30, 240.62it/s]
ROP:  19%|█▊        | 41126/221505 [02:50<12:28, 241.10it/s]
ROP:  19%|█▊        | 41232/221505 [02:51<12:29, 240.55it/s]
ROP:  19%|█▊        | 41253/221505 [02:51<12:29, 240.48it/s]
ROP:  19%|█▊        | 41344/221505 [02:51<12:27, 240.87it/s]
ROP:  19%|█▊        | 41435/221505 [02:52<12:27, 240.89it/s]
ROP:  19%|█▊        | 41526/221505 [02:52<12:27, 240.62it/s]
ROP:  19%|█▉        | 41549/221505 [02:52<12:28, 240.55it/s]
ROP:  19%|█▉        | 41589/221505 [02:52<12:28, 240.44it/s]
ROP:  19%|█▉        | 41629/221505 [02:53<12:28, 240.40it/s]
ROP:  19%|█▉        | 41669/221505 [02:53<12:28, 240.42it/s]
ROP:  19%|█▉        | 41709/221505 [02:53<12:28, 240.05it/s]
ROP:  19%|█▉        | 41749/221505 [02:54<12:30, 239.54it/s]
ROP:  19%|█▉        | 41757/221505 [02:54<12:30, 239.37it/s]
ROP:  19%|█▉        | 41765/221505 [02:54<12:31, 239.23it/s]
ROP:  19%|█▉        | 41773/221505 [02:54<12:32, 238.93it/s]
ROP:  19%|█▉        | 41781/221505 [02:54<12:32, 238.75it/s]
ROP:  19%|█▉        | 41789/221505 [02:55<12:33, 238.60it/s]
ROP:  19%|█▉        | 41800/221505 [02:55<12:33, 238.48it/s]
ROP:  19%|█▉        | 41812/221505 [02:55<12:33, 238.33it/s]
ROP:  19%|█▉        | 41881/221505 [02:55<12:33, 238.49it/s]
ROP:  19%|█▉        | 41964/221505 [02:55<12:32, 238.74it/s]
ROP:  19%|█▉        | 42047/221505 [02:56<12:31, 238.88it/s]
ROP:  19%|█▉        | 42130/221505 [02:56<12:30, 238.92it/s]
ROP:  19%|█▉        | 42213/221505 [02:56<12:31, 238.70it/s]
ROP:  19%|█▉        | 42262/221505 [02:56<12:30, 238.80it/s]
ROP:  19%|█▉        | 42311/221505 [02:57<12:30, 238.75it/s]
ROP:  19%|█▉        | 42403/221505 [02:57<12:28, 239.13it/s]
ROP:  19%|█▉        | 42495/221505 [02:57<12:27, 239.35it/s]
ROP:  19%|█▉        | 42587/221505 [02:57<12:27, 239.44it/s]
ROP:  19%|█▉        | 42679/221505 [02:58<12:26, 239.66it/s]
ROP:  19%|█▉        | 42771/221505 [02:58<12:25, 239.66it/s]
ROP:  19%|█▉        | 42863/221505 [02:59<12:28, 238.76it/s]
ROP:  19%|█▉        | 42891/221505 [02:59<12:28, 238.76it/s]
ROP:  19%|█▉        | 42919/221505 [03:00<12:29, 238.20it/s]
ROP:  19%|█▉        | 43103/221505 [03:00<12:26, 239.07it/s]
ROP:  20%|█▉        | 43291/221505 [03:00<12:22, 239.86it/s]
ROP:  20%|█▉        | 43479/221505 [03:02<12:26, 238.58it/s]
ROP:  20%|█▉        | 43490/221505 [03:02<12:27, 238.25it/s]
ROP:  20%|█▉        | 43501/221505 [03:02<12:28, 237.92it/s]
ROP:  20%|█▉        | 43512/221505 [03:03<12:28, 237.75it/s]
ROP:  20%|█▉        | 43523/221505 [03:03<12:28, 237.66it/s]
ROP:  20%|█▉        | 43534/221505 [03:03<12:30, 237.29it/s]
ROP:  20%|█▉        | 43545/221505 [03:03<12:30, 236.99it/s]
ROP:  20%|█▉        | 43557/221505 [03:03<12:31, 236.90it/s]
ROP:  20%|█▉        | 43571/221505 [03:03<12:31, 236.80it/s]
ROP:  20%|█▉        | 43585/221505 [03:04<12:31, 236.71it/s]
ROP:  20%|█▉        | 43599/221505 [03:04<12:32, 236.54it/s]
ROP:  20%|█▉        | 43613/221505 [03:04<12:33, 236.07it/s]
ROP:  20%|█▉        | 43627/221505 [03:05<12:34, 235.75it/s]
ROP:  20%|█▉        | 43652/221505 [03:05<12:34, 235.66it/s]
ROP:  20%|█▉        | 43700/221505 [03:05<12:34, 235.75it/s]
ROP:  20%|█▉        | 43748/221505 [03:05<12:34, 235.62it/s]
ROP:  20%|█▉        | 43796/221505 [03:06<12:34, 235.46it/s]
ROP:  20%|█▉        | 43844/221505 [03:06<12:34, 235.48it/s]
ROP:  20%|█▉        | 43892/221505 [03:06<12:34, 235.31it/s]
ROP:  20%|█▉        | 43957/221505 [03:06<12:33, 235.48it/s]
ROP:  20%|█▉        | 44022/221505 [03:06<12:33, 235.53it/s]
ROP:  20%|█▉        | 44087/221505 [03:07<12:35, 234.80it/s]
ROP:  20%|█▉        | 44099/221505 [03:07<12:35, 234.68it/s]
ROP:  20%|█▉        | 44111/221505 [03:08<12:36, 234.60it/s]
ROP:  20%|█▉        | 44123/221505 [03:08<12:37, 234.30it/s]
ROP:  20%|█▉        | 44135/221505 [03:08<12:38, 233.97it/s]
ROP:  20%|█▉        | 44170/221505 [03:08<12:37, 233.99it/s]
ROP:  20%|█▉        | 44205/221505 [03:08<12:37, 234.00it/s]
ROP:  20%|█▉        | 44290/221505 [03:09<12:36, 234.27it/s]
ROP:  20%|██        | 44375/221505 [03:09<12:36, 234.28it/s]
ROP:  20%|██        | 44460/221505 [03:09<12:34, 234.52it/s]
ROP:  20%|██        | 44545/221505 [03:09<12:34, 234.47it/s]
ROP:  20%|██        | 44630/221505 [03:10<12:35, 234.03it/s]
ROP:  20%|██        | 44654/221505 [03:10<12:35, 234.01it/s]
ROP:  20%|██        | 44699/221505 [03:10<12:35, 234.11it/s]
ROP:  20%|██        | 44744/221505 [03:11<12:35, 233.82it/s]
ROP:  20%|██        | 44789/221505 [03:11<12:36, 233.73it/s]
ROP:  20%|██        | 44863/221505 [03:11<12:35, 233.90it/s]
ROP:  20%|██        | 44937/221505 [03:12<12:35, 233.83it/s]
ROP:  20%|██        | 45011/221505 [03:12<12:34, 234.05it/s]
ROP:  20%|██        | 45085/221505 [03:12<12:33, 234.10it/s]
ROP:  20%|██        | 45159/221505 [03:12<12:32, 234.24it/s]
ROP:  20%|██        | 45248/221505 [03:12<12:31, 234.51it/s]
ROP:  20%|██        | 45337/221505 [03:14<12:36, 232.87it/s]
ROP:  20%|██        | 45360/221505 [03:14<12:36, 232.82it/s]
ROP:  20%|██        | 45396/221505 [03:14<12:36, 232.88it/s]
ROP:  21%|██        | 45449/221505 [03:15<12:35, 233.01it/s]
ROP:  21%|██        | 45503/221505 [03:15<12:34, 233.15it/s]
ROP:  21%|██        | 45557/221505 [03:15<12:34, 233.09it/s]
ROP:  21%|██        | 45673/221505 [03:15<12:32, 233.51it/s]
ROP:  21%|██        | 45789/221505 [03:17<12:36, 232.26it/s]
ROP:  21%|██        | 45809/221505 [03:17<12:36, 232.24it/s]
ROP:  21%|██        | 45829/221505 [03:17<12:36, 232.18it/s]
ROP:  21%|██        | 45849/221505 [03:17<12:37, 232.01it/s]
ROP:  21%|██        | 45904/221505 [03:17<12:36, 232.12it/s]
ROP:  21%|██        | 45959/221505 [03:18<12:36, 232.06it/s]
ROP:  21%|██        | 46014/221505 [03:18<12:36, 232.08it/s]
ROP:  21%|██        | 46089/221505 [03:18<12:35, 232.33it/s]
ROP:  21%|██        | 46164/221505 [03:18<12:35, 232.15it/s]
ROP:  21%|██        | 46239/221505 [03:19<12:34, 232.15it/s]
ROP:  21%|██        | 46314/221505 [03:19<12:36, 231.69it/s]
ROP:  21%|██        | 46345/221505 [03:20<12:36, 231.67it/s]
ROP:  21%|██        | 46376/221505 [03:20<12:36, 231.54it/s]
ROP:  21%|██        | 46407/221505 [03:20<12:36, 231.45it/s]
ROP:  21%|██        | 46440/221505 [03:20<12:36, 231.48it/s]
ROP:  21%|██        | 46473/221505 [03:21<12:37, 231.04it/s]
ROP:  21%|██        | 46541/221505 [03:21<12:36, 231.23it/s]
ROP:  21%|██        | 46609/221505 [03:21<12:36, 231.21it/s]
ROP:  21%|██        | 46677/221505 [03:21<12:36, 231.25it/s]
ROP:  21%|██        | 46773/221505 [03:22<12:34, 231.53it/s]
ROP:  21%|██        | 46869/221505 [03:22<12:36, 230.90it/s]
ROP:  21%|██        | 46900/221505 [03:23<12:36, 230.85it/s]
ROP:  21%|██        | 46931/221505 [03:23<12:37, 230.57it/s]
ROP:  21%|██        | 46962/221505 [03:23<12:37, 230.55it/s]
ROP:  21%|██        | 46996/221505 [03:23<12:36, 230.56it/s]
ROP:  21%|██        | 47030/221505 [03:23<12:36, 230.57it/s]
ROP:  21%|██        | 47064/221505 [03:24<12:36, 230.47it/s]
ROP:  21%|██▏       | 47154/221505 [03:24<12:35, 230.76it/s]
ROP:  21%|██▏       | 47244/221505 [03:25<12:39, 229.44it/s]
ROP:  21%|██▏       | 47269/221505 [03:26<12:39, 229.40it/s]
ROP:  21%|██▏       | 47296/221505 [03:26<12:39, 229.39it/s]
ROP:  21%|██▏       | 47335/221505 [03:26<12:39, 229.44it/s]
ROP:  21%|██▏       | 47374/221505 [03:27<12:40, 228.83it/s]
ROP:  21%|██▏       | 47380/221505 [03:27<12:41, 228.61it/s]
ROP:  21%|██▏       | 47387/221505 [03:27<12:42, 228.49it/s]
ROP:  21%|██▏       | 47394/221505 [03:27<12:42, 228.36it/s]
ROP:  21%|██▏       | 47402/221505 [03:27<12:42, 228.19it/s]
ROP:  21%|██▏       | 47415/221505 [03:27<12:43, 228.11it/s]
ROP:  21%|██▏       | 47428/221505 [03:28<12:43, 227.92it/s]
ROP:  21%|██▏       | 47441/221505 [03:28<12:44, 227.65it/s]
ROP:  21%|██▏       | 47457/221505 [03:28<12:44, 227.58it/s]
ROP:  21%|██▏       | 47473/221505 [03:28<12:45, 227.32it/s]
ROP:  21%|██▏       | 47489/221505 [03:29<12:46, 227.17it/s]
ROP:  21%|██▏       | 47534/221505 [03:29<12:45, 227.24it/s]
ROP:  21%|██▏       | 47579/221505 [03:29<12:46, 227.05it/s]
ROP:  22%|██▏       | 47624/221505 [03:29<12:46, 226.83it/s]
ROP:  22%|██▏       | 47681/221505 [03:30<12:45, 226.99it/s]
ROP:  22%|██▏       | 47738/221505 [03:30<12:46, 226.74it/s]
ROP:  22%|██▏       | 47893/221505 [03:30<12:43, 227.37it/s]
ROP:  22%|██▏       | 48048/221505 [03:31<12:42, 227.45it/s]
ROP:  22%|██▏       | 48074/221505 [03:31<12:43, 227.16it/s]
ROP:  22%|██▏       | 48122/221505 [03:31<12:42, 227.27it/s]
ROP:  22%|██▏       | 48170/221505 [03:31<12:42, 227.39it/s]
ROP:  22%|██▏       | 48259/221505 [03:31<12:41, 227.65it/s]
ROP:  22%|██▏       | 48348/221505 [03:33<12:45, 226.33it/s]
ROP:  22%|██▏       | 48413/221505 [03:33<12:44, 226.46it/s]
ROP:  22%|██▏       | 48478/221505 [03:34<12:44, 226.18it/s]
ROP:  22%|██▏       | 48490/221505 [03:34<12:45, 225.93it/s]
ROP:  22%|██▏       | 48524/221505 [03:34<12:45, 225.96it/s]
ROP:  22%|██▏       | 48558/221505 [03:34<12:45, 225.86it/s]
ROP:  22%|██▏       | 48592/221505 [03:35<12:46, 225.65it/s]
ROP:  22%|██▏       | 48626/221505 [03:35<12:46, 225.62it/s]
ROP:  22%|██▏       | 48660/221505 [03:36<12:47, 225.26it/s]
ROP:  22%|██▏       | 48691/221505 [03:36<12:47, 225.28it/s]
ROP:  22%|██▏       | 48722/221505 [03:36<12:46, 225.32it/s]
ROP:  22%|██▏       | 48753/221505 [03:36<12:47, 225.12it/s]
ROP:  22%|██▏       | 48788/221505 [03:36<12:47, 225.12it/s]
ROP:  22%|██▏       | 48853/221505 [03:36<12:46, 225.29it/s]
ROP:  22%|██▏       | 48918/221505 [03:37<12:46, 225.30it/s]
ROP:  22%|██▏       | 48983/221505 [03:37<12:45, 225.26it/s]
ROP:  22%|██▏       | 49048/221505 [03:38<12:47, 224.73it/s]
ROP:  22%|██▏       | 49057/221505 [03:38<12:48, 224.52it/s]
ROP:  22%|██▏       | 49093/221505 [03:38<12:47, 224.55it/s]
ROP:  22%|██▏       | 49129/221505 [03:39<12:49, 224.13it/s]
ROP:  22%|██▏       | 49149/221505 [03:39<12:49, 224.10it/s]
ROP:  22%|██▏       | 49169/221505 [03:39<12:49, 224.00it/s]
ROP:  22%|██▏       | 49205/221505 [03:39<12:49, 223.98it/s]
ROP:  22%|██▏       | 49241/221505 [03:40<12:50, 223.49it/s]
ROP:  22%|██▏       | 49247/221505 [03:40<12:51, 223.41it/s]
ROP:  22%|██▏       | 49253/221505 [03:40<12:51, 223.29it/s]
ROP:  22%|██▏       | 49289/221505 [03:40<12:51, 223.36it/s]
ROP:  22%|██▏       | 49325/221505 [03:40<12:51, 223.32it/s]
ROP:  22%|██▏       | 49361/221505 [03:41<12:51, 223.18it/s]
ROP:  22%|██▏       | 49397/221505 [03:41<12:51, 223.19it/s]
ROP:  22%|██▏       | 49433/221505 [03:41<12:52, 222.87it/s]
ROP:  22%|██▏       | 49469/221505 [03:41<12:51, 222.87it/s]
ROP:  22%|██▏       | 49505/221505 [03:42<12:51, 222.85it/s]
ROP:  22%|██▏       | 49541/221505 [03:42<12:52, 222.66it/s]
ROP:  22%|██▏       | 49577/221505 [03:42<12:52, 222.70it/s]
ROP:  22%|██▏       | 49613/221505 [03:43<12:54, 222.03it/s]
ROP:  22%|██▏       | 49668/221505 [03:43<12:53, 222.17it/s]
ROP:  22%|██▏       | 49723/221505 [03:43<12:52, 222.24it/s]
ROP:  22%|██▏       | 49778/221505 [03:43<12:52, 222.30it/s]
ROP:  22%|██▏       | 49833/221505 [03:44<12:51, 222.42it/s]
ROP:  23%|██▎       | 49888/221505 [03:44<12:51, 222.53it/s]
ROP:  23%|██▎       | 49966/221505 [03:44<12:50, 222.76it/s]
ROP:  23%|██▎       | 50044/221505 [03:44<12:50, 222.60it/s]
ROP:  23%|██▎       | 50063/221505 [03:44<12:50, 222.59it/s]
ROP:  23%|██▎       | 50082/221505 [03:45<12:51, 222.32it/s]
ROP:  23%|██▎       | 50101/221505 [03:45<12:51, 222.29it/s]
ROP:  23%|██▎       | 50141/221505 [03:45<12:50, 222.37it/s]
ROP:  23%|██▎       | 50181/221505 [03:45<12:50, 222.36it/s]
ROP:  23%|██▎       | 50221/221505 [03:45<12:50, 222.30it/s]
ROP:  23%|██▎       | 50261/221505 [03:46<12:50, 222.28it/s]
ROP:  23%|██▎       | 50301/221505 [03:46<12:50, 222.30it/s]
ROP:  23%|██▎       | 50341/221505 [03:47<12:51, 221.72it/s]
ROP:  23%|██▎       | 50368/221505 [03:47<12:51, 221.74it/s]
ROP:  23%|██▎       | 50395/221505 [03:47<12:52, 221.43it/s]
ROP:  23%|██▎       | 50422/221505 [03:48<12:53, 221.09it/s]
ROP:  23%|██▎       | 50449/221505 [03:48<12:54, 220.82it/s]
ROP:  23%|██▎       | 50476/221505 [03:48<12:55, 220.68it/s]
ROP:  23%|██▎       | 50503/221505 [03:48<12:55, 220.62it/s]
ROP:  23%|██▎       | 50534/221505 [03:49<12:54, 220.64it/s]
ROP:  23%|██▎       | 50565/221505 [03:49<12:55, 220.47it/s]
ROP:  23%|██▎       | 50596/221505 [03:49<12:55, 220.26it/s]
ROP:  23%|██▎       | 50627/221505 [03:50<12:56, 220.04it/s]
ROP:  23%|██▎       | 50658/221505 [03:50<12:57, 219.64it/s]
ROP:  23%|██▎       | 50664/221505 [03:50<12:58, 219.54it/s]
ROP:  23%|██▎       | 50675/221505 [03:50<12:58, 219.44it/s]
ROP:  23%|██▎       | 50686/221505 [03:51<12:59, 219.17it/s]
ROP:  23%|██▎       | 50697/221505 [03:51<13:00, 218.94it/s]
ROP:  23%|██▎       | 50708/221505 [03:51<13:00, 218.75it/s]
ROP:  23%|██▎       | 50726/221505 [03:51<13:00, 218.71it/s]
ROP:  23%|██▎       | 50744/221505 [03:52<13:02, 218.12it/s]
ROP:  23%|██▎       | 50747/221505 [03:52<13:03, 218.02it/s]
ROP:  23%|██▎       | 50757/221505 [03:52<13:03, 217.95it/s]
ROP:  23%|██▎       | 50767/221505 [03:53<13:03, 217.83it/s]
ROP:  23%|██▎       | 50777/221505 [03:53<13:04, 217.63it/s]
ROP:  23%|██▎       | 50787/221505 [03:53<13:04, 217.52it/s]
ROP:  23%|██▎       | 50811/221505 [03:53<13:04, 217.49it/s]
ROP:  23%|██▎       | 50838/221505 [03:53<13:04, 217.50it/s]
ROP:  23%|██▎       | 50865/221505 [03:54<13:06, 217.01it/s]
ROP:  23%|██▎       | 50909/221505 [03:54<13:05, 217.06it/s]
ROP:  23%|██▎       | 50953/221505 [03:54<13:05, 217.04it/s]
ROP:  23%|██▎       | 50997/221505 [03:55<13:06, 216.72it/s]
ROP:  23%|██▎       | 51032/221505 [03:55<13:06, 216.77it/s]
ROP:  23%|██▎       | 51067/221505 [03:55<13:06, 216.64it/s]
ROP:  23%|██▎       | 51105/221505 [03:55<13:06, 216.71it/s]
ROP:  23%|██▎       | 51143/221505 [03:56<13:06, 216.57it/s]
ROP:  23%|██▎       | 51183/221505 [03:56<13:06, 216.60it/s]
ROP:  23%|██▎       | 51223/221505 [03:56<13:06, 216.60it/s]
ROP:  23%|██▎       | 51263/221505 [03:56<13:05, 216.64it/s]
ROP:  23%|██▎       | 51334/221505 [03:56<13:04, 216.82it/s]
ROP:  23%|██▎       | 51405/221505 [03:56<13:03, 217.02it/s]
ROP:  23%|██▎       | 51476/221505 [03:57<13:03, 216.88it/s]
ROP:  23%|██▎       | 51547/221505 [03:57<13:03, 216.94it/s]
ROP:  23%|██▎       | 51618/221505 [03:57<13:02, 217.13it/s]
ROP:  23%|██▎       | 51748/221505 [03:57<13:00, 217.53it/s]
ROP:  23%|██▎       | 51878/221505 [03:58<13:00, 217.21it/s]
ROP:  23%|██▎       | 51971/221505 [03:58<12:59, 217.49it/s]
ROP:  24%|██▎       | 52064/221505 [03:59<12:59, 217.30it/s]
ROP:  24%|██▎       | 52098/221505 [03:59<12:59, 217.32it/s]
ROP:  24%|██▎       | 52132/221505 [03:59<12:59, 217.26it/s]
ROP:  24%|██▎       | 52173/221505 [04:00<12:59, 217.32it/s]
ROP:  24%|██▎       | 52214/221505 [04:00<12:58, 217.37it/s]
ROP:  24%|██▎       | 52257/221505 [04:00<12:58, 217.43it/s]
ROP:  24%|██▎       | 52300/221505 [04:01<12:59, 217.00it/s]
ROP:  24%|██▎       | 52313/221505 [04:01<12:59, 216.96it/s]
ROP:  24%|██▎       | 52326/221505 [04:01<12:59, 216.93it/s]
ROP:  24%|██▎       | 52341/221505 [04:01<12:59, 216.89it/s]
ROP:  24%|██▎       | 52356/221505 [04:01<13:01, 216.51it/s]
ROP:  24%|██▎       | 52441/221505 [04:01<12:59, 216.77it/s]
ROP:  24%|██▎       | 52526/221505 [04:02<12:58, 216.97it/s]
ROP:  24%|██▍       | 52660/221505 [04:02<12:56, 217.43it/s]
ROP:  24%|██▍       | 52794/221505 [04:03<12:57, 216.94it/s]
ROP:  24%|██▍       | 52844/221505 [04:03<12:57, 217.04it/s]
ROP:  24%|██▍       | 52894/221505 [04:03<12:56, 217.12it/s]
ROP:  24%|██▍       | 52944/221505 [04:03<12:56, 217.21it/s]
ROP:  24%|██▍       | 52994/221505 [04:04<12:56, 217.00it/s]
ROP:  24%|██▍       | 53044/221505 [04:04<12:56, 216.86it/s]
ROP:  24%|██▍       | 53094/221505 [04:04<12:56, 216.77it/s]
ROP:  24%|██▍       | 53151/221505 [04:05<12:56, 216.86it/s]
ROP:  24%|██▍       | 53208/221505 [04:05<12:57, 216.43it/s]
ROP:  24%|██▍       | 53221/221505 [04:06<12:58, 216.29it/s]
ROP:  24%|██▍       | 53234/221505 [04:06<12:59, 215.93it/s]
ROP:  24%|██▍       | 53247/221505 [04:06<12:59, 215.74it/s]
ROP:  24%|██▍       | 53260/221505 [04:07<13:00, 215.58it/s]
ROP:  24%|██▍       | 53281/221505 [04:07<13:00, 215.52it/s]
ROP:  24%|██▍       | 53307/221505 [04:07<13:00, 215.53it/s]
ROP:  24%|██▍       | 53333/221505 [04:07<13:00, 215.35it/s]
ROP:  24%|██▍       | 53457/221505 [04:07<12:58, 215.76it/s]
ROP:  24%|██▍       | 53581/221505 [04:07<12:57, 216.07it/s]
ROP:  24%|██▍       | 53705/221505 [04:09<12:58, 215.42it/s]
ROP:  24%|██▍       | 53723/221505 [04:09<12:59, 215.36it/s]
ROP:  24%|██▍       | 53741/221505 [04:09<12:59, 215.29it/s]
ROP:  24%|██▍       | 53759/221505 [04:09<12:59, 215.20it/s]
ROP:  24%|██▍       | 53868/221505 [04:09<12:57, 215.54it/s]
ROP:  24%|██▍       | 53977/221505 [04:10<12:56, 215.88it/s]
ROP:  24%|██▍       | 54086/221505 [04:10<12:54, 216.22it/s]
ROP:  24%|██▍       | 54195/221505 [04:10<12:53, 216.44it/s]
ROP:  25%|██▍       | 54304/221505 [04:10<12:51, 216.63it/s]
ROP:  25%|██▍       | 54413/221505 [04:11<12:51, 216.62it/s]
ROP:  25%|██▍       | 54435/221505 [04:11<12:51, 216.60it/s]
ROP:  25%|██▍       | 54514/221505 [04:11<12:50, 216.80it/s]
ROP:  25%|██▍       | 54593/221505 [04:11<12:50, 216.72it/s]
ROP:  25%|██▍       | 54672/221505 [04:12<12:50, 216.52it/s]
ROP:  25%|██▍       | 54686/221505 [04:12<12:50, 216.49it/s]
ROP:  25%|██▍       | 54752/221505 [04:12<12:49, 216.64it/s]
ROP:  25%|██▍       | 54818/221505 [04:12<12:49, 216.76it/s]
ROP:  25%|██▍       | 54894/221505 [04:13<12:47, 216.94it/s]
ROP:  25%|██▍       | 54986/221505 [04:13<12:46, 217.22it/s]
ROP:  25%|██▍       | 55078/221505 [04:14<12:47, 216.79it/s]
ROP:  25%|██▍       | 55098/221505 [04:14<12:47, 216.77it/s]
ROP:  25%|██▍       | 55118/221505 [04:14<12:48, 216.61it/s]
ROP:  25%|██▍       | 55138/221505 [04:14<12:48, 216.55it/s]
ROP:  25%|██▍       | 55158/221505 [04:14<12:48, 216.48it/s]
ROP:  25%|██▍       | 55178/221505 [04:15<12:49, 216.19it/s]
ROP:  25%|██▍       | 55198/221505 [04:15<12:49, 216.15it/s]
ROP:  25%|██▍       | 55227/221505 [04:15<12:49, 216.13it/s]
ROP:  25%|██▍       | 55256/221505 [04:16<12:50, 215.77it/s]
ROP:  25%|██▍       | 55309/221505 [04:16<12:49, 215.88it/s]
ROP:  25%|██▍       | 55362/221505 [04:16<12:49, 215.86it/s]
ROP:  25%|██▌       | 55415/221505 [04:16<12:49, 215.89it/s]
ROP:  25%|██▌       | 55468/221505 [04:17<12:49, 215.73it/s]
ROP:  25%|██▌       | 55529/221505 [04:17<12:48, 215.84it/s]
ROP:  25%|██▌       | 55590/221505 [04:17<12:48, 215.90it/s]
ROP:  25%|██▌       | 55651/221505 [04:17<12:48, 215.94it/s]
ROP:  25%|██▌       | 55712/221505 [04:18<12:48, 215.79it/s]
ROP:  25%|██▌       | 55773/221505 [04:18<12:48, 215.77it/s]
ROP:  25%|██▌       | 55834/221505 [04:18<12:48, 215.59it/s]
ROP:  25%|██▌       | 55918/221505 [04:19<12:47, 215.82it/s]
ROP:  25%|██▌       | 56002/221505 [04:19<12:46, 216.03it/s]
ROP:  25%|██▌       | 56086/221505 [04:19<12:45, 216.22it/s]
ROP:  25%|██▌       | 56171/221505 [04:19<12:44, 216.40it/s]
ROP:  25%|██▌       | 56256/221505 [04:19<12:42, 216.63it/s]
ROP:  25%|██▌       | 56353/221505 [04:19<12:41, 216.90it/s]
ROP:  25%|██▌       | 56450/221505 [04:20<12:41, 216.72it/s]
ROP:  25%|██▌       | 56465/221505 [04:20<12:41, 216.68it/s]
ROP:  26%|██▌       | 56496/221505 [04:20<12:41, 216.70it/s]
ROP:  26%|██▌       | 56543/221505 [04:20<12:40, 216.77it/s]
ROP:  26%|██▌       | 56590/221505 [04:21<12:40, 216.80it/s]
ROP:  26%|██▌       | 56637/221505 [04:21<12:40, 216.85it/s]
ROP:  26%|██▌       | 56701/221505 [04:21<12:39, 217.00it/s]
ROP:  26%|██▌       | 56765/221505 [04:21<12:39, 216.79it/s]
ROP:  26%|██▌       | 56792/221505 [04:21<12:39, 216.78it/s]
ROP:  26%|██▌       | 56819/221505 [04:22<12:39, 216.70it/s]
ROP:  26%|██▌       | 56846/221505 [04:22<12:39, 216.66it/s]
ROP:  26%|██▌       | 56873/221505 [04:22<12:39, 216.66it/s]
ROP:  26%|██▌       | 56900/221505 [04:22<12:40, 216.56it/s]
ROP:  26%|██▌       | 56927/221505 [04:22<12:39, 216.58it/s]
ROP:  26%|██▌       | 56954/221505 [04:23<12:39, 216.53it/s]
ROP:  26%|██▌       | 56982/221505 [04:23<12:39, 216.52it/s]
ROP:  26%|██▌       | 57018/221505 [04:23<12:39, 216.55it/s]
ROP:  26%|██▌       | 57060/221505 [04:23<12:39, 216.60it/s]
ROP:  26%|██▌       | 57102/221505 [04:23<12:38, 216.67it/s]
ROP:  26%|██▌       | 57165/221505 [04:23<12:38, 216.81it/s]
ROP:  26%|██▌       | 57228/221505 [04:24<12:37, 216.74it/s]
ROP:  26%|██▌       | 57291/221505 [04:24<12:38, 216.45it/s]
ROP:  26%|██▌       | 57326/221505 [04:24<12:38, 216.46it/s]
ROP:  26%|██▌       | 57361/221505 [04:25<12:38, 216.32it/s]
ROP:  26%|██▌       | 57397/221505 [04:25<12:38, 216.32it/s]
ROP:  26%|██▌       | 57433/221505 [04:25<12:38, 216.24it/s]
ROP:  26%|██▌       | 57469/221505 [04:25<12:38, 216.29it/s]
ROP:  26%|██▌       | 57505/221505 [04:26<12:38, 216.17it/s]
ROP:  26%|██▌       | 57552/221505 [04:26<12:38, 216.22it/s]
ROP:  26%|██▌       | 57599/221505 [04:26<12:38, 216.15it/s]
ROP:  26%|██▌       | 57646/221505 [04:26<12:38, 216.14it/s]
ROP:  26%|██▌       | 57736/221505 [04:26<12:36, 216.39it/s]
ROP:  26%|██▌       | 57826/221505 [04:27<12:37, 215.98it/s]
ROP:  26%|██▌       | 57844/221505 [04:27<12:37, 215.92it/s]
ROP:  26%|██▌       | 57862/221505 [04:28<12:38, 215.86it/s]
ROP:  26%|██▌       | 57880/221505 [04:28<12:38, 215.83it/s]
ROP:  26%|██▌       | 57927/221505 [04:28<12:37, 215.92it/s]
ROP:  26%|██▌       | 57974/221505 [04:28<12:37, 215.91it/s]
ROP:  26%|██▌       | 58054/221505 [04:28<12:36, 216.10it/s]
ROP:  26%|██▌       | 58134/221505 [04:29<12:36, 215.99it/s]
ROP:  26%|██▋       | 58223/221505 [04:29<12:35, 216.23it/s]
ROP:  26%|██▋       | 58312/221505 [04:29<12:35, 216.03it/s]
ROP:  26%|██▋       | 58351/221505 [04:30<12:35, 216.07it/s]
ROP:  26%|██▋       | 58390/221505 [04:30<12:35, 215.92it/s]
ROP:  26%|██▋       | 58449/221505 [04:30<12:34, 216.01it/s]
ROP:  26%|██▋       | 58508/221505 [04:30<12:34, 216.11it/s]
ROP:  26%|██▋       | 58587/221505 [04:30<12:33, 216.31it/s]
ROP:  26%|██▋       | 58666/221505 [04:32<12:35, 215.46it/s]
ROP:  26%|██▋       | 58689/221505 [04:32<12:35, 215.40it/s]
ROP:  27%|██▋       | 58721/221505 [04:32<12:35, 215.40it/s]
ROP:  27%|██▋       | 58753/221505 [04:32<12:35, 215.40it/s]
ROP:  27%|██▋       | 58790/221505 [04:32<12:35, 215.39it/s]
ROP:  27%|██▋       | 58862/221505 [04:33<12:34, 215.51it/s]
ROP:  27%|██▋       | 58934/221505 [04:33<12:33, 215.69it/s]
ROP:  27%|██▋       | 59006/221505 [04:33<12:33, 215.74it/s]
ROP:  27%|██▋       | 59084/221505 [04:33<12:32, 215.95it/s]
ROP:  27%|██▋       | 59162/221505 [04:33<12:31, 216.04it/s]
ROP:  27%|██▋       | 59240/221505 [04:34<12:31, 215.90it/s]
ROP:  27%|██▋       | 59255/221505 [04:34<12:31, 215.85it/s]
ROP:  27%|██▋       | 59270/221505 [04:34<12:31, 215.79it/s]
ROP:  27%|██▋       | 59285/221505 [04:34<12:32, 215.67it/s]
ROP:  27%|██▋       | 59314/221505 [04:35<12:31, 215.69it/s]
ROP:  27%|██▋       | 59343/221505 [04:35<12:32, 215.51it/s]
ROP:  27%|██▋       | 59377/221505 [04:35<12:32, 215.55it/s]
ROP:  27%|██▋       | 59411/221505 [04:35<12:32, 215.39it/s]
ROP:  27%|██▋       | 59445/221505 [04:36<12:32, 215.32it/s]
ROP:  27%|██▋       | 59479/221505 [04:36<12:33, 215.16it/s]
ROP:  27%|██▋       | 59513/221505 [04:36<12:33, 215.03it/s]
ROP:  27%|██▋       | 59547/221505 [04:37<12:34, 214.75it/s]
ROP:  27%|██▋       | 59566/221505 [04:37<12:34, 214.74it/s]
ROP:  27%|██▋       | 59616/221505 [04:37<12:33, 214.83it/s]
ROP:  27%|██▋       | 59666/221505 [04:37<12:33, 214.71it/s]
ROP:  27%|██▋       | 59716/221505 [04:37<12:33, 214.81it/s]
ROP:  27%|██▋       | 59766/221505 [04:38<12:33, 214.63it/s]
ROP:  27%|██▋       | 59816/221505 [04:38<12:33, 214.68it/s]
ROP:  27%|██▋       | 59935/221505 [04:38<12:31, 215.03it/s]
ROP:  27%|██▋       | 60054/221505 [04:39<12:30, 215.07it/s]
ROP:  27%|██▋       | 60078/221505 [04:39<12:30, 215.07it/s]
ROP:  27%|██▋       | 60126/221505 [04:39<12:30, 215.12it/s]
ROP:  27%|██▋       | 60174/221505 [04:40<12:30, 214.86it/s]
ROP:  27%|██▋       | 60251/221505 [04:40<12:29, 215.05it/s]
ROP:  27%|██▋       | 60328/221505 [04:40<12:28, 215.23it/s]
ROP:  27%|██▋       | 60405/221505 [04:40<12:27, 215.39it/s]
ROP:  27%|██▋       | 60482/221505 [04:40<12:28, 215.27it/s]
ROP:  27%|██▋       | 60497/221505 [04:41<12:28, 215.21it/s]
ROP:  27%|██▋       | 60567/221505 [04:41<12:27, 215.33it/s]
ROP:  27%|██▋       | 60637/221505 [04:41<12:26, 215.50it/s]
ROP:  27%|██▋       | 60795/221505 [04:41<12:24, 215.95it/s]
ROP:  28%|██▊       | 60953/221505 [04:42<12:23, 215.95it/s]
ROP:  28%|██▊       | 60975/221505 [04:42<12:24, 215.76it/s]
ROP:  28%|██▊       | 61003/221505 [04:42<12:23, 215.74it/s]
ROP:  28%|██▊       | 61031/221505 [04:42<12:23, 215.72it/s]
ROP:  28%|██▊       | 61059/221505 [04:43<12:24, 215.55it/s]
ROP:  28%|██▊       | 61087/221505 [04:43<12:24, 215.49it/s]
ROP:  28%|██▊       | 61115/221505 [04:43<12:24, 215.39it/s]
ROP:  28%|██▊       | 61143/221505 [04:44<12:25, 215.20it/s]
ROP:  28%|██▊       | 61171/221505 [04:44<12:25, 215.08it/s]
ROP:  28%|██▊       | 61199/221505 [04:44<12:25, 215.03it/s]
ROP:  28%|██▊       | 61227/221505 [04:45<12:26, 214.73it/s]
ROP:  28%|██▊       | 61256/221505 [04:45<12:26, 214.74it/s]
ROP:  28%|██▊       | 61285/221505 [04:45<12:26, 214.52it/s]
ROP:  28%|██▊       | 61314/221505 [04:46<12:27, 214.23it/s]
ROP:  28%|██▊       | 61346/221505 [04:46<12:27, 214.24it/s]
ROP:  28%|██▊       | 61378/221505 [04:46<12:27, 214.28it/s]
ROP:  28%|██▊       | 61410/221505 [04:46<12:27, 214.30it/s]
ROP:  28%|██▊       | 61442/221505 [04:46<12:26, 214.30it/s]
ROP:  28%|██▊       | 61474/221505 [04:46<12:26, 214.28it/s]
ROP:  28%|██▊       | 61506/221505 [04:47<12:26, 214.22it/s]
ROP:  28%|██▊       | 61551/221505 [04:47<12:26, 214.30it/s]
ROP:  28%|██▊       | 61596/221505 [04:47<12:27, 214.05it/s]
ROP:  28%|██▊       | 61611/221505 [04:47<12:27, 213.98it/s]
ROP:  28%|██▊       | 61626/221505 [04:48<12:27, 213.95it/s]
ROP:  28%|██▊       | 61675/221505 [04:48<12:26, 214.01it/s]
ROP:  28%|██▊       | 61778/221505 [04:48<12:25, 214.28it/s]
ROP:  28%|██▊       | 61881/221505 [04:49<12:25, 214.02it/s]
ROP:  28%|██▊       | 61902/221505 [04:49<12:25, 214.01it/s]
ROP:  28%|██▊       | 61954/221505 [04:49<12:25, 214.10it/s]
ROP:  28%|██▊       | 62006/221505 [04:49<12:24, 214.11it/s]
ROP:  28%|██▊       | 62067/221505 [04:49<12:24, 214.23it/s]
ROP:  28%|██▊       | 62128/221505 [04:49<12:23, 214.35it/s]
ROP:  28%|██▊       | 62189/221505 [04:50<12:22, 214.43it/s]
ROP:  28%|██▊       | 62326/221505 [04:50<12:20, 214.82it/s]
ROP:  28%|██▊       | 62463/221505 [04:50<12:19, 214.99it/s]
ROP:  28%|██▊       | 62600/221505 [04:51<12:18, 215.07it/s]
ROP:  28%|██▊       | 62694/221505 [04:51<12:17, 215.30it/s]
ROP:  28%|██▊       | 62788/221505 [04:51<12:16, 215.45it/s]
ROP:  28%|██▊       | 62882/221505 [04:51<12:16, 215.49it/s]
ROP:  28%|██▊       | 62976/221505 [04:52<12:15, 215.55it/s]
ROP:  28%|██▊       | 63070/221505 [04:52<12:14, 215.63it/s]
ROP:  29%|██▊       | 63164/221505 [04:52<12:13, 215.86it/s]
ROP:  29%|██▊       | 63258/221505 [04:52<12:12, 215.93it/s]
ROP:  29%|██▊       | 63352/221505 [04:53<12:13, 215.68it/s]
ROP:  29%|██▊       | 63467/221505 [04:53<12:11, 216.00it/s]
ROP:  29%|██▊       | 63582/221505 [04:54<12:11, 215.89it/s]
ROP:  29%|██▊       | 63641/221505 [04:54<12:10, 216.00it/s]
ROP:  29%|██▉       | 63700/221505 [04:55<12:11, 215.76it/s]
ROP:  29%|██▉       | 63720/221505 [04:55<12:11, 215.71it/s]
ROP:  29%|██▉       | 63854/221505 [04:55<12:09, 216.06it/s]
ROP:  29%|██▉       | 63988/221505 [04:56<12:09, 215.80it/s]
ROP:  29%|██▉       | 64002/221505 [04:56<12:10, 215.68it/s]
ROP:  29%|██▉       | 64035/221505 [04:56<12:10, 215.71it/s]
ROP:  29%|██▉       | 64068/221505 [04:57<12:10, 215.54it/s]
ROP:  29%|██▉       | 64101/221505 [04:57<12:10, 215.37it/s]
ROP:  29%|██▉       | 64134/221505 [04:58<12:11, 215.10it/s]
ROP:  29%|██▉       | 64169/221505 [04:58<12:11, 215.15it/s]
ROP:  29%|██▉       | 64216/221505 [04:58<12:10, 215.22it/s]
ROP:  29%|██▉       | 64263/221505 [04:58<12:10, 215.31it/s]
ROP:  29%|██▉       | 64310/221505 [04:58<12:10, 215.28it/s]
ROP:  29%|██▉       | 64357/221505 [04:58<12:09, 215.33it/s]
ROP:  29%|██▉       | 64404/221505 [04:59<12:09, 215.37it/s]
ROP:  29%|██▉       | 64451/221505 [04:59<12:10, 215.14it/s]
ROP:  29%|██▉       | 64461/221505 [04:59<12:10, 215.08it/s]
ROP:  29%|██▉       | 64471/221505 [04:59<12:10, 214.94it/s]
ROP:  29%|██▉       | 64549/221505 [05:00<12:09, 215.12it/s]
ROP:  29%|██▉       | 64627/221505 [05:00<12:09, 215.16it/s]
ROP:  29%|██▉       | 64705/221505 [05:00<12:08, 215.25it/s]
ROP:  29%|██▉       | 64783/221505 [05:00<12:07, 215.42it/s]
ROP:  29%|██▉       | 64861/221505 [05:00<12:06, 215.49it/s]
ROP:  29%|██▉       | 64939/221505 [05:01<12:06, 215.51it/s]
ROP:  29%|██▉       | 65017/221505 [05:01<12:06, 215.48it/s]
ROP:  29%|██▉       | 65095/221505 [05:02<12:05, 215.47it/s]
ROP:  29%|██▉       | 65173/221505 [05:02<12:05, 215.39it/s]
ROP:  29%|██▉       | 65251/221505 [05:02<12:05, 215.45it/s]
ROP:  29%|██▉       | 65329/221505 [05:03<12:04, 215.52it/s]
ROP:  30%|██▉       | 65407/221505 [05:04<12:05, 215.02it/s]
ROP:  30%|██▉       | 65415/221505 [05:04<12:06, 214.96it/s]
ROP:  30%|██▉       | 65454/221505 [05:04<12:05, 215.00it/s]
ROP:  30%|██▉       | 65493/221505 [05:04<12:05, 214.97it/s]
ROP:  30%|██▉       | 65532/221505 [05:05<12:06, 214.80it/s]
ROP:  30%|██▉       | 65571/221505 [05:05<12:05, 214.81it/s]
ROP:  30%|██▉       | 65610/221505 [05:05<12:05, 214.80it/s]
ROP:  30%|██▉       | 65649/221505 [05:06<12:06, 214.49it/s]
ROP:  30%|██▉       | 65668/221505 [05:06<12:06, 214.46it/s]
ROP:  30%|██▉       | 65704/221505 [05:06<12:06, 214.49it/s]
ROP:  30%|██▉       | 65740/221505 [05:06<12:06, 214.40it/s]
ROP:  30%|██▉       | 65783/221505 [05:06<12:06, 214.45it/s]
ROP:  30%|██▉       | 65826/221505 [05:07<12:06, 214.37it/s]
ROP:  30%|██▉       | 65869/221505 [05:07<12:05, 214.39it/s]
ROP:  30%|██▉       | 65912/221505 [05:07<12:05, 214.34it/s]
ROP:  30%|██▉       | 65955/221505 [05:07<12:05, 214.31it/s]
ROP:  30%|██▉       | 65998/221505 [05:08<12:06, 214.15it/s]
ROP:  30%|██▉       | 66067/221505 [05:08<12:05, 214.31it/s]
ROP:  30%|██▉       | 66136/221505 [05:08<12:04, 214.35it/s]
ROP:  30%|██▉       | 66205/221505 [05:08<12:03, 214.51it/s]
ROP:  30%|██▉       | 66274/221505 [05:08<12:03, 214.63it/s]
ROP:  30%|██▉       | 66343/221505 [05:09<12:02, 214.69it/s]
ROP:  30%|██▉       | 66412/221505 [05:09<12:02, 214.53it/s]
ROP:  30%|██▉       | 66425/221505 [05:09<12:02, 214.50it/s]
ROP:  30%|██▉       | 66441/221505 [05:09<12:02, 214.48it/s]
ROP:  30%|███       | 66457/221505 [05:09<12:03, 214.43it/s]
ROP:  30%|███       | 66473/221505 [05:10<12:03, 214.37it/s]
ROP:  30%|███       | 66515/221505 [05:10<12:02, 214.42it/s]
ROP:  30%|███       | 66557/221505 [05:10<12:02, 214.39it/s]
ROP:  30%|███       | 66604/221505 [05:10<12:02, 214.47it/s]
ROP:  30%|███       | 66651/221505 [05:10<12:01, 214.49it/s]
ROP:  30%|███       | 66698/221505 [05:11<12:02, 214.31it/s]
ROP:  30%|███       | 66745/221505 [05:11<12:02, 214.34it/s]
ROP:  30%|███       | 66815/221505 [05:11<12:01, 214.49it/s]
ROP:  30%|███       | 66885/221505 [05:11<12:00, 214.64it/s]
ROP:  30%|███       | 66955/221505 [05:11<12:00, 214.63it/s]
ROP:  30%|███       | 67037/221505 [05:12<11:59, 214.81it/s]
ROP:  30%|███       | 67119/221505 [05:12<11:58, 214.94it/s]
ROP:  30%|███       | 67201/221505 [05:12<11:57, 215.05it/s]
ROP:  30%|███       | 67283/221505 [05:12<11:56, 215.17it/s]
ROP:  30%|███       | 67365/221505 [05:12<11:55, 215.32it/s]
ROP:  30%|███       | 67491/221505 [05:12<11:54, 215.65it/s]
ROP:  31%|███       | 67763/221505 [05:13<11:50, 216.42it/s]
ROP:  31%|███       | 68035/221505 [05:14<11:50, 216.10it/s]
ROP:  31%|███       | 68051/221505 [05:14<11:50, 216.08it/s]
ROP:  31%|███       | 68067/221505 [05:15<11:50, 215.91it/s]
ROP:  31%|███       | 68083/221505 [05:15<11:50, 215.86it/s]
ROP:  31%|███       | 68099/221505 [05:15<11:51, 215.69it/s]
ROP:  31%|███       | 68121/221505 [05:15<11:51, 215.67it/s]
ROP:  31%|███       | 68143/221505 [05:16<11:51, 215.55it/s]
ROP:  31%|███       | 68206/221505 [05:16<11:50, 215.68it/s]
ROP:  31%|███       | 68269/221505 [05:16<11:50, 215.81it/s]
ROP:  31%|███       | 68332/221505 [05:16<11:49, 215.91it/s]
ROP:  31%|███       | 68395/221505 [05:16<11:49, 215.91it/s]
ROP:  31%|███       | 68458/221505 [05:17<11:49, 215.82it/s]
ROP:  31%|███       | 68521/221505 [05:18<11:50, 215.20it/s]
ROP:  31%|███       | 68539/221505 [05:18<11:51, 215.14it/s]
ROP:  31%|███       | 68567/221505 [05:18<11:50, 215.12it/s]
ROP:  31%|███       | 68595/221505 [05:19<11:51, 214.85it/s]
ROP:  31%|███       | 68601/221505 [05:19<11:52, 214.65it/s]
ROP:  31%|███       | 68610/221505 [05:19<11:52, 214.58it/s]
ROP:  31%|███       | 68619/221505 [05:19<11:52, 214.51it/s]
ROP:  31%|███       | 68628/221505 [05:20<11:53, 214.12it/s]
ROP:  31%|███       | 68637/221505 [05:20<11:54, 214.04it/s]
ROP:  31%|███       | 68646/221505 [05:20<11:54, 213.98it/s]
ROP:  31%|███       | 68655/221505 [05:21<11:55, 213.77it/s]
ROP:  31%|███       | 68664/221505 [05:21<11:55, 213.72it/s]
ROP:  31%|███       | 68676/221505 [05:21<11:55, 213.68it/s]
ROP:  31%|███       | 68688/221505 [05:21<11:55, 213.56it/s]
ROP:  31%|███       | 68700/221505 [05:21<11:56, 213.38it/s]
ROP:  31%|███       | 68712/221505 [05:22<11:56, 213.32it/s]
ROP:  31%|███       | 68724/221505 [05:22<11:56, 213.10it/s]
ROP:  31%|███       | 68736/221505 [05:22<11:57, 212.87it/s]
ROP:  31%|███       | 68748/221505 [05:23<11:58, 212.48it/s]
ROP:  31%|███       | 68755/221505 [05:23<11:59, 212.41it/s]
ROP:  31%|███       | 68762/221505 [05:24<11:59, 212.15it/s]
ROP:  31%|███       | 68769/221505 [05:24<12:00, 212.09it/s]
ROP:  31%|███       | 68776/221505 [05:24<12:00, 211.85it/s]
ROP:  31%|███       | 68783/221505 [05:24<12:01, 211.77it/s]
ROP:  31%|███       | 68790/221505 [05:25<12:02, 211.47it/s]
ROP:  31%|███       | 68891/221505 [05:25<12:00, 211.71it/s]
ROP:  31%|███       | 68992/221505 [05:25<12:00, 211.70it/s]
ROP:  31%|███       | 69093/221505 [05:26<11:59, 211.79it/s]
ROP:  31%|███       | 69194/221505 [05:26<11:59, 211.74it/s]
ROP:  31%|███       | 69213/221505 [05:27<11:59, 211.65it/s]
ROP:  31%|███▏      | 69232/221505 [05:27<11:59, 211.56it/s]
ROP:  31%|███▏      | 69337/221505 [05:27<11:58, 211.80it/s]
ROP:  31%|███▏      | 69442/221505 [05:27<11:58, 211.77it/s]
ROP:  31%|███▏      | 69474/221505 [05:28<11:57, 211.80it/s]
ROP:  31%|███▏      | 69576/221505 [05:28<11:56, 211.99it/s]
ROP:  31%|███▏      | 69678/221505 [05:28<11:56, 212.05it/s]
ROP:  32%|███▏      | 69780/221505 [05:29<11:56, 211.84it/s]
ROP:  32%|███▏      | 69806/221505 [05:29<11:56, 211.85it/s]
ROP:  32%|███▏      | 69832/221505 [05:29<11:56, 211.79it/s]
ROP:  32%|███▏      | 69858/221505 [05:29<11:56, 211.73it/s]
ROP:  32%|███▏      | 69956/221505 [05:30<11:55, 211.86it/s]
ROP:  32%|███▏      | 70054/221505 [05:30<11:54, 212.07it/s]
ROP:  32%|███▏      | 70192/221505 [05:30<11:52, 212.43it/s]
ROP:  32%|███▏      | 70330/221505 [05:30<11:50, 212.68it/s]
ROP:  32%|███▏      | 70507/221505 [05:30<11:48, 213.14it/s]
ROP:  32%|███▏      | 70684/221505 [05:30<11:46, 213.58it/s]
ROP:  32%|███▏      | 71013/221505 [05:31<11:41, 214.51it/s]
ROP:  32%|███▏      | 71342/221505 [05:31<11:37, 215.28it/s]
ROP:  32%|███▏      | 71671/221505 [05:33<11:36, 215.13it/s]
ROP:  32%|███▏      | 71724/221505 [05:33<11:36, 215.18it/s]
ROP:  32%|███▏      | 71777/221505 [05:33<11:36, 215.10it/s]
ROP:  32%|███▏      | 71830/221505 [05:34<11:36, 215.04it/s]
ROP:  32%|███▏      | 71883/221505 [05:34<11:36, 214.73it/s]
ROP:  32%|███▏      | 71891/221505 [05:35<11:37, 214.47it/s]
ROP:  32%|███▏      | 71899/221505 [05:35<11:38, 214.30it/s]
ROP:  32%|███▏      | 71907/221505 [05:35<11:38, 214.16it/s]
ROP:  32%|███▏      | 71915/221505 [05:36<11:39, 214.00it/s]
ROP:  32%|███▏      | 71923/221505 [05:36<11:39, 213.91it/s]
ROP:  32%|███▏      | 71931/221505 [05:36<11:39, 213.68it/s]
ROP:  32%|███▏      | 71951/221505 [05:36<11:39, 213.66it/s]
ROP:  32%|███▏      | 71971/221505 [05:36<11:39, 213.64it/s]
ROP:  33%|███▎      | 72050/221505 [05:37<11:39, 213.78it/s]
ROP:  33%|███▎      | 72129/221505 [05:37<11:38, 213.85it/s]
ROP:  33%|███▎      | 72378/221505 [05:37<11:35, 214.52it/s]
ROP:  33%|███▎      | 72627/221505 [05:37<11:31, 215.18it/s]
ROP:  33%|███▎      | 72876/221505 [05:37<11:28, 215.84it/s]
ROP:  33%|███▎      | 73213/221505 [05:37<11:24, 216.77it/s]
ROP:  33%|███▎      | 73213/221505 [05:40<11:28, 215.28it/s]
ROP:  33%|███▎      | 73399/221505 [05:40<11:26, 215.80it/s]
ROP:  33%|███▎      | 73407/221505 [05:40<11:26, 215.73it/s]
ROP:  33%|███▎      | 73415/221505 [05:40<11:27, 215.42it/s]
ROP:  33%|███▎      | 73425/221505 [05:40<11:27, 215.35it/s]
ROP:  33%|███▎      | 73435/221505 [05:41<11:28, 215.02it/s]
ROP:  33%|███▎      | 73440/221505 [05:41<11:28, 214.96it/s]
ROP:  33%|███▎      | 73445/221505 [05:42<11:29, 214.74it/s]
ROP:  33%|███▎      | 73455/221505 [05:42<11:29, 214.69it/s]
ROP:  33%|███▎      | 73465/221505 [05:42<11:29, 214.56it/s]
ROP:  33%|███▎      | 73475/221505 [05:42<11:30, 214.30it/s]
ROP:  33%|███▎      | 73485/221505 [05:43<11:31, 214.16it/s]
ROP:  33%|███▎      | 73497/221505 [05:43<11:31, 214.11it/s]
ROP:  33%|███▎      | 73509/221505 [05:43<11:31, 213.94it/s]
ROP:  33%|███▎      | 73521/221505 [05:44<11:32, 213.71it/s]
ROP:  33%|███▎      | 73533/221505 [05:44<11:33, 213.36it/s]
ROP:  33%|███▎      | 73538/221505 [05:44<11:33, 213.31it/s]
ROP:  33%|███▎      | 73543/221505 [05:45<11:34, 213.08it/s]
ROP:  33%|███▎      | 73552/221505 [05:45<11:34, 213.02it/s]
ROP:  33%|███▎      | 73561/221505 [05:45<11:34, 212.88it/s]
ROP:  33%|███▎      | 73570/221505 [05:45<11:35, 212.75it/s]
ROP:  33%|███▎      | 73579/221505 [05:45<11:35, 212.67it/s]
ROP:  33%|███▎      | 73588/221505 [05:46<11:36, 212.51it/s]
ROP:  33%|███▎      | 73597/221505 [05:46<11:36, 212.45it/s]
ROP:  33%|███▎      | 73606/221505 [05:46<11:36, 212.38it/s]
ROP:  33%|███▎      | 73615/221505 [05:46<11:36, 212.33it/s]
ROP:  33%|███▎      | 73624/221505 [05:47<11:37, 212.14it/s]
ROP:  33%|███▎      | 73633/221505 [05:47<11:37, 212.04it/s]
ROP:  33%|███▎      | 73642/221505 [05:47<11:37, 211.98it/s]
ROP:  33%|███▎      | 73651/221505 [05:47<11:38, 211.75it/s]
ROP:  33%|███▎      | 73660/221505 [05:48<11:38, 211.62it/s]
ROP:  33%|███▎      | 73669/221505 [05:48<11:38, 211.54it/s]
ROP:  33%|███▎      | 73678/221505 [05:48<11:39, 211.36it/s]
ROP:  33%|███▎      | 73688/221505 [05:48<11:39, 211.32it/s]
ROP:  33%|███▎      | 73698/221505 [05:48<11:39, 211.21it/s]
ROP:  33%|███▎      | 73708/221505 [05:49<11:40, 210.97it/s]
ROP:  33%|███▎      | 73718/221505 [05:49<11:41, 210.79it/s]
ROP:  33%|███▎      | 73728/221505 [05:49<11:41, 210.71it/s]
ROP:  33%|███▎      | 73738/221505 [05:50<11:41, 210.54it/s]
ROP:  33%|███▎      | 73748/221505 [05:50<11:42, 210.31it/s]
ROP:  33%|███▎      | 73758/221505 [05:50<11:42, 210.25it/s]
ROP:  33%|███▎      | 73768/221505 [05:51<11:43, 210.15it/s]
ROP:  33%|███▎      | 73949/221505 [05:51<11:40, 210.60it/s]
ROP:  34%|███▎      | 74230/221505 [05:51<11:36, 211.34it/s]
ROP:  34%|███▎      | 74511/221505 [05:51<11:33, 212.03it/s]
ROP:  34%|███▍      | 74792/221505 [05:51<11:29, 212.76it/s]
ROP:  34%|███▍      | 75073/221505 [05:51<11:26, 213.35it/s]
ROP:  34%|███▍      | 75354/221505 [05:55<11:28, 212.18it/s]
ROP:  34%|███▍      | 75364/221505 [05:55<11:28, 212.12it/s]
ROP:  34%|███▍      | 75374/221505 [05:55<11:29, 211.96it/s]
ROP:  34%|███▍      | 75384/221505 [05:55<11:29, 211.79it/s]
ROP:  34%|███▍      | 75394/221505 [05:56<11:30, 211.66it/s]
ROP:  34%|███▍      | 75404/221505 [05:56<11:30, 211.55it/s]
ROP:  34%|███▍      | 75414/221505 [05:56<11:30, 211.43it/s]
ROP:  34%|███▍      | 75424/221505 [05:56<11:31, 211.37it/s]
ROP:  34%|███▍      | 75438/221505 [05:56<11:31, 211.32it/s]
ROP:  34%|███▍      | 75452/221505 [05:57<11:31, 211.22it/s]
ROP:  34%|███▍      | 75466/221505 [05:57<11:31, 211.06it/s]
ROP:  34%|███▍      | 75480/221505 [05:57<11:32, 210.91it/s]
ROP:  34%|███▍      | 75494/221505 [05:58<11:32, 210.76it/s]
ROP:  34%|███▍      | 75508/221505 [05:58<11:32, 210.71it/s]
ROP:  34%|███▍      | 75522/221505 [05:58<11:33, 210.63it/s]
ROP:  34%|███▍      | 75536/221505 [05:58<11:33, 210.45it/s]
ROP:  34%|███▍      | 75550/221505 [05:59<11:33, 210.36it/s]
ROP:  34%|███▍      | 75564/221505 [05:59<11:34, 210.13it/s]
ROP:  34%|███▍      | 75578/221505 [05:59<11:34, 209.99it/s]
ROP:  34%|███▍      | 75592/221505 [06:00<11:35, 209.79it/s]
ROP:  34%|███▍      | 75606/221505 [06:00<11:35, 209.69it/s]
ROP:  34%|███▍      | 75620/221505 [06:01<11:36, 209.45it/s]
ROP:  34%|███▍      | 75634/221505 [06:01<11:37, 209.27it/s]
ROP:  34%|███▍      | 75648/221505 [06:01<11:37, 209.02it/s]
ROP:  34%|███▍      | 75655/221505 [06:02<11:38, 208.95it/s]
ROP:  34%|███▍      | 75662/221505 [06:02<11:38, 208.80it/s]
ROP:  34%|███▍      | 75670/221505 [06:02<11:38, 208.72it/s]
ROP:  34%|███▍      | 75678/221505 [06:02<11:39, 208.58it/s]
ROP:  34%|███▍      | 75686/221505 [06:03<11:39, 208.40it/s]
ROP:  34%|███▍      | 75694/221505 [06:03<11:39, 208.30it/s]
ROP:  34%|███▍      | 75702/221505 [06:03<11:40, 208.07it/s]
ROP:  34%|███▍      | 75711/221505 [06:03<11:40, 208.03it/s]
ROP:  34%|███▍      | 75720/221505 [06:04<11:41, 207.81it/s]
ROP:  34%|███▍      | 75729/221505 [06:04<11:41, 207.66it/s]
ROP:  34%|███▍      | 75738/221505 [06:04<11:42, 207.52it/s]
ROP:  34%|███▍      | 75747/221505 [06:05<11:43, 207.23it/s]
ROP:  34%|███▍      | 75754/221505 [06:05<11:43, 207.17it/s]
ROP:  34%|███▍      | 75761/221505 [06:06<11:44, 206.98it/s]
ROP:  34%|███▍      | 75825/221505 [06:06<11:43, 207.06it/s]
ROP:  34%|███▍      | 75889/221505 [06:06<11:42, 207.16it/s]
ROP:  34%|███▍      | 75953/221505 [06:06<11:42, 207.19it/s]
ROP:  34%|███▍      | 76017/221505 [06:06<11:41, 207.28it/s]
ROP:  34%|███▍      | 76081/221505 [06:06<11:41, 207.35it/s]
ROP:  34%|███▍      | 76293/221505 [06:07<11:38, 207.87it/s]
ROP:  35%|███▍      | 76505/221505 [06:08<11:39, 207.40it/s]
ROP:  35%|███▍      | 76856/221505 [06:08<11:34, 208.29it/s]
ROP:  35%|███▍      | 77207/221505 [06:09<11:30, 209.04it/s]
ROP:  35%|███▌      | 77558/221505 [06:09<11:25, 209.93it/s]
ROP:  35%|███▌      | 77558/221505 [06:10<11:26, 209.57it/s]
ROP:  35%|███▌      | 77739/221505 [06:10<11:24, 210.05it/s]
ROP:  35%|███▌      | 77767/221505 [06:10<11:25, 209.68it/s]
ROP:  35%|███▌      | 77771/221505 [06:11<11:25, 209.61it/s]
ROP:  35%|███▌      | 77779/221505 [06:11<11:25, 209.56it/s]
ROP:  35%|███▌      | 77787/221505 [06:11<11:26, 209.47it/s]
ROP:  35%|███▌      | 77795/221505 [06:11<11:26, 209.34it/s]
ROP:  35%|███▌      | 77804/221505 [06:11<11:26, 209.29it/s]
ROP:  35%|███▌      | 77813/221505 [06:11<11:26, 209.24it/s]
ROP:  35%|███▌      | 77822/221505 [06:12<11:27, 209.02it/s]
ROP:  35%|███▌      | 77831/221505 [06:12<11:27, 208.89it/s]
ROP:  35%|███▌      | 77840/221505 [06:12<11:28, 208.70it/s]
ROP:  35%|███▌      | 77849/221505 [06:13<11:28, 208.53it/s]
ROP:  35%|███▌      | 77858/221505 [06:13<11:29, 208.47it/s]
ROP:  35%|███▌      | 77867/221505 [06:13<11:29, 208.32it/s]
ROP:  35%|███▌      | 77876/221505 [06:13<11:29, 208.23it/s]
ROP:  35%|███▌      | 77885/221505 [06:14<11:29, 208.18it/s]
ROP:  35%|███▌      | 77894/221505 [06:14<11:30, 208.01it/s]
ROP:  35%|███▌      | 77903/221505 [06:14<11:30, 207.92it/s]
ROP:  35%|███▌      | 77912/221505 [06:15<11:31, 207.68it/s]
ROP:  35%|███▌      | 77921/221505 [06:15<11:32, 207.39it/s]
ROP:  35%|███▌      | 77929/221505 [06:15<11:32, 207.35it/s]
ROP:  35%|███▌      | 77937/221505 [06:16<11:33, 207.09it/s]
ROP:  35%|███▌      | 77944/221505 [06:16<11:33, 207.01it/s]
ROP:  35%|███▌      | 77951/221505 [06:16<11:33, 206.87it/s]
ROP:  35%|███▌      | 77958/221505 [06:16<11:34, 206.80it/s]
ROP:  35%|███▌      | 77965/221505 [06:17<11:34, 206.68it/s]
ROP:  35%|███▌      | 77975/221505 [06:17<11:34, 206.65it/s]
ROP:  35%|███▌      | 77985/221505 [06:17<11:35, 206.49it/s]
ROP:  35%|███▌      | 77995/221505 [06:17<11:35, 206.44it/s]
ROP:  35%|███▌      | 78005/221505 [06:17<11:35, 206.41it/s]
ROP:  35%|███▌      | 78015/221505 [06:18<11:35, 206.22it/s]
ROP:  35%|███▌      | 78025/221505 [06:18<11:35, 206.19it/s]
ROP:  35%|███▌      | 78035/221505 [06:18<11:35, 206.14it/s]
ROP:  35%|███▌      | 78045/221505 [06:18<11:36, 205.96it/s]
ROP:  35%|███▌      | 78055/221505 [06:19<11:36, 205.85it/s]
ROP:  35%|███▌      | 78065/221505 [06:19<11:37, 205.78it/s]
ROP:  35%|███▌      | 78075/221505 [06:19<11:37, 205.72it/s]
ROP:  35%|███▌      | 78085/221505 [06:19<11:37, 205.59it/s]
ROP:  35%|███▌      | 78095/221505 [06:20<11:37, 205.50it/s]
ROP:  35%|███▌      | 78105/221505 [06:20<11:37, 205.45it/s]
ROP:  35%|███▌      | 78115/221505 [06:20<11:38, 205.30it/s]
ROP:  35%|███▌      | 78125/221505 [06:20<11:38, 205.14it/s]
ROP:  35%|███▌      | 78135/221505 [06:21<11:39, 205.06it/s]
ROP:  35%|███▌      | 78145/221505 [06:21<11:39, 204.92it/s]
ROP:  35%|███▌      | 78155/221505 [06:21<11:40, 204.76it/s]
ROP:  35%|███▌      | 78494/221505 [06:21<11:35, 205.60it/s]
ROP:  36%|███▌      | 78833/221505 [06:22<11:31, 206.29it/s]
ROP:  36%|███▌      | 79172/221505 [06:22<11:27, 207.12it/s]
ROP:  36%|███▌      | 79511/221505 [06:22<11:22, 207.95it/s]
ROP:  36%|███▌      | 79850/221505 [06:25<11:23, 207.12it/s]
ROP:  36%|███▌      | 80003/221505 [06:25<11:22, 207.46it/s]
ROP:  36%|███▌      | 80156/221505 [06:25<11:20, 207.70it/s]
ROP:  36%|███▋      | 80309/221505 [06:26<11:18, 208.02it/s]
ROP:  36%|███▋      | 80630/221505 [06:26<11:14, 208.79it/s]
ROP:  37%|███▋      | 80951/221505 [06:28<11:13, 208.60it/s]
ROP:  37%|███▋      | 81017/221505 [06:28<11:13, 208.71it/s]
ROP:  37%|███▋      | 81083/221505 [06:29<11:14, 208.21it/s]
ROP:  37%|███▋      | 81089/221505 [06:29<11:14, 208.10it/s]
ROP:  37%|███▋      | 81095/221505 [06:29<11:15, 207.94it/s]
ROP:  37%|███▋      | 81103/221505 [06:30<11:15, 207.91it/s]
ROP:  37%|███▋      | 81111/221505 [06:30<11:15, 207.79it/s]
ROP:  37%|███▋      | 81208/221505 [06:30<11:14, 207.96it/s]
ROP:  37%|███▋      | 81305/221505 [06:32<11:16, 207.34it/s]
ROP:  37%|███▋      | 81311/221505 [06:32<11:16, 207.23it/s]
ROP:  37%|███▋      | 81321/221505 [06:32<11:16, 207.16it/s]
ROP:  37%|███▋      | 81331/221505 [06:32<11:16, 207.05it/s]
ROP:  37%|███▋      | 81599/221505 [06:32<11:13, 207.68it/s]
ROP:  37%|███▋      | 81867/221505 [06:37<11:17, 206.11it/s]
ROP:  37%|███▋      | 81888/221505 [06:37<11:17, 206.11it/s]
ROP:  37%|███▋      | 81909/221505 [06:37<11:17, 206.01it/s]
ROP:  37%|███▋      | 81930/221505 [06:37<11:17, 205.96it/s]
ROP:  37%|███▋      | 81951/221505 [06:38<11:17, 205.85it/s]
ROP:  37%|███▋      | 81972/221505 [06:38<11:18, 205.71it/s]
ROP:  37%|███▋      | 81993/221505 [06:38<11:18, 205.67it/s]
ROP:  37%|███▋      | 82014/221505 [06:38<11:18, 205.57it/s]
ROP:  37%|███▋      | 82035/221505 [06:39<11:18, 205.56it/s]
ROP:  37%|███▋      | 82056/221505 [06:39<11:18, 205.45it/s]
ROP:  37%|███▋      | 82056/221505 [06:40<11:19, 205.10it/s]
ROP:  37%|███▋      | 82073/221505 [06:40<11:19, 205.13it/s]
ROP:  37%|███▋      | 82081/221505 [06:40<11:19, 205.09it/s]
ROP:  37%|███▋      | 82089/221505 [06:40<11:20, 204.88it/s]
ROP:  37%|███▋      | 82100/221505 [06:40<11:20, 204.83it/s]
ROP:  37%|███▋      | 82111/221505 [06:41<11:20, 204.73it/s]
ROP:  37%|███▋      | 82122/221505 [06:41<11:21, 204.65it/s]
ROP:  37%|███▋      | 82133/221505 [06:41<11:21, 204.48it/s]
ROP:  37%|███▋      | 82144/221505 [06:41<11:21, 204.39it/s]
ROP:  37%|███▋      | 82155/221505 [06:42<11:22, 204.18it/s]
ROP:  37%|███▋      | 82166/221505 [06:42<11:23, 203.96it/s]
ROP:  37%|███▋      | 82177/221505 [06:43<11:23, 203.85it/s]
ROP:  37%|███▋      | 82188/221505 [06:43<11:23, 203.73it/s]
ROP:  37%|███▋      | 82199/221505 [06:43<11:24, 203.65it/s]
ROP:  37%|███▋      | 82210/221505 [06:43<11:24, 203.54it/s]
ROP:  37%|███▋      | 82221/221505 [06:44<11:24, 203.43it/s]
ROP:  37%|███▋      | 82232/221505 [06:44<11:24, 203.36it/s]
ROP:  37%|███▋      | 82243/221505 [06:44<11:25, 203.29it/s]
ROP:  37%|███▋      | 82254/221505 [06:44<11:25, 203.13it/s]
ROP:  37%|███▋      | 82265/221505 [06:45<11:25, 202.98it/s]
ROP:  37%|███▋      | 82276/221505 [06:45<11:26, 202.85it/s]
ROP:  37%|███▋      | 82287/221505 [06:45<11:26, 202.81it/s]
ROP:  37%|███▋      | 82298/221505 [06:45<11:26, 202.77it/s]
ROP:  37%|███▋      | 82309/221505 [06:46<11:26, 202.67it/s]
ROP:  37%|███▋      | 82320/221505 [06:46<11:26, 202.60it/s]
ROP:  37%|███▋      | 82331/221505 [06:46<11:27, 202.54it/s]
ROP:  37%|███▋      | 82345/221505 [06:46<11:27, 202.52it/s]
ROP:  37%|███▋      | 82359/221505 [06:47<11:27, 202.35it/s]
ROP:  37%|███▋      | 82373/221505 [06:47<11:28, 202.20it/s]
ROP:  37%|███▋      | 82387/221505 [06:47<11:28, 202.10it/s]
ROP:  37%|███▋      | 82401/221505 [06:48<11:28, 201.96it/s]
ROP:  37%|███▋      | 82415/221505 [06:48<11:29, 201.80it/s]
ROP:  37%|███▋      | 82429/221505 [06:48<11:29, 201.68it/s]
ROP:  37%|███▋      | 82443/221505 [06:49<11:29, 201.57it/s]
ROP:  37%|███▋      | 82457/221505 [06:49<11:30, 201.50it/s]
ROP:  37%|███▋      | 82471/221505 [06:49<11:30, 201.43it/s]
ROP:  37%|███▋      | 82485/221505 [06:49<11:30, 201.32it/s]
ROP:  37%|███▋      | 82499/221505 [06:49<11:30, 201.25it/s]
ROP:  37%|███▋      | 82513/221505 [06:50<11:30, 201.20it/s]
ROP:  37%|███▋      | 82527/221505 [06:50<11:30, 201.14it/s]
ROP:  37%|███▋      | 82541/221505 [06:50<11:31, 201.07it/s]
ROP:  37%|███▋      | 82555/221505 [06:50<11:31, 200.92it/s]
ROP:  37%|███▋      | 82569/221505 [06:51<11:32, 200.76it/s]
ROP:  37%|███▋      | 82583/221505 [06:51<11:32, 200.63it/s]
ROP:  37%|███▋      | 82597/221505 [06:51<11:32, 200.55it/s]
ROP:  37%|███▋      | 82611/221505 [06:52<11:32, 200.49it/s]
ROP:  37%|███▋      | 82625/221505 [06:52<11:33, 200.26it/s]
ROP:  37%|███▋      | 82630/221505 [06:52<11:33, 200.19it/s]
ROP:  37%|███▋      | 82635/221505 [06:52<11:33, 200.12it/s]
ROP:  37%|███▋      | 82643/221505 [06:53<11:33, 200.09it/s]
ROP:  37%|███▋      | 82671/221505 [06:53<11:33, 200.10it/s]
ROP:  37%|███▋      | 82699/221505 [06:53<11:33, 200.09it/s]
ROP:  37%|███▋      | 82727/221505 [06:54<11:34, 199.73it/s]
ROP:  37%|███▋      | 82731/221505 [06:54<11:35, 199.67it/s]
ROP:  37%|███▋      | 82740/221505 [06:54<11:35, 199.64it/s]
ROP:  37%|███▋      | 82749/221505 [06:54<11:35, 199.59it/s]
ROP:  37%|███▋      | 82825/221505 [06:54<11:34, 199.72it/s]
ROP:  37%|███▋      | 82901/221505 [06:55<11:34, 199.69it/s]
ROP:  37%|███▋      | 83063/221505 [06:55<11:32, 200.02it/s]
ROP:  38%|███▊      | 83225/221505 [06:56<11:31, 199.88it/s]
ROP:  38%|███▊      | 83244/221505 [06:56<11:31, 199.88it/s]
ROP:  38%|███▊      | 83263/221505 [06:57<11:32, 199.57it/s]
ROP:  38%|███▊      | 83274/221505 [06:57<11:32, 199.54it/s]
ROP:  38%|███▊      | 83285/221505 [06:57<11:32, 199.49it/s]
ROP:  38%|███▊      | 83296/221505 [06:57<11:33, 199.41it/s]
ROP:  38%|███▊      | 83380/221505 [06:57<11:32, 199.56it/s]
ROP:  38%|███▊      | 83464/221505 [06:58<11:32, 199.32it/s]
ROP:  38%|███▊      | 83474/221505 [06:58<11:32, 199.26it/s]
ROP:  38%|███▊      | 83484/221505 [06:59<11:33, 199.16it/s]
ROP:  38%|███▊      | 83494/221505 [06:59<11:33, 199.02it/s]
ROP:  38%|███▊      | 83705/221505 [06:59<11:30, 199.48it/s]
ROP:  38%|███▊      | 83916/221505 [07:02<11:32, 198.66it/s]
ROP:  38%|███▊      | 83924/221505 [07:02<11:33, 198.53it/s]
ROP:  38%|███▊      | 83932/221505 [07:02<11:33, 198.50it/s]
ROP:  38%|███▊      | 83940/221505 [07:02<11:33, 198.45it/s]
ROP:  38%|███▊      | 83948/221505 [07:03<11:33, 198.36it/s]
ROP:  38%|███▊      | 83975/221505 [07:03<11:33, 198.35it/s]
ROP:  38%|███▊      | 84002/221505 [07:03<11:33, 198.23it/s]
ROP:  38%|███▊      | 84029/221505 [07:04<11:33, 198.17it/s]
ROP:  38%|███▊      | 84056/221505 [07:04<11:33, 198.13it/s]
ROP:  38%|███▊      | 84083/221505 [07:04<11:33, 198.11it/s]
ROP:  38%|███▊      | 84110/221505 [07:04<11:33, 198.04it/s]
ROP:  38%|███▊      | 84137/221505 [07:05<11:34, 197.91it/s]
ROP:  38%|███▊      | 84164/221505 [07:05<11:34, 197.79it/s]
ROP:  38%|███▊      | 84191/221505 [07:05<11:34, 197.72it/s]
ROP:  38%|███▊      | 84218/221505 [07:06<11:34, 197.62it/s]
ROP:  38%|███▊      | 84245/221505 [07:07<11:36, 197.16it/s]
ROP:  38%|███▊      | 84254/221505 [07:07<11:36, 197.12it/s]
ROP:  38%|███▊      | 84263/221505 [07:07<11:36, 196.99it/s]
ROP:  38%|███▊      | 84272/221505 [07:08<11:37, 196.74it/s]
ROP:  38%|███▊      | 84282/221505 [07:08<11:37, 196.70it/s]
ROP:  38%|███▊      | 84294/221505 [07:08<11:37, 196.66it/s]
ROP:  38%|███▊      | 84306/221505 [07:09<11:38, 196.50it/s]
ROP:  38%|███▊      | 84318/221505 [07:09<11:38, 196.35it/s]
ROP:  38%|███▊      | 84330/221505 [07:09<11:39, 196.17it/s]
ROP:  38%|███▊      | 84342/221505 [07:10<11:39, 195.99it/s]
ROP:  38%|███▊      | 84354/221505 [07:10<11:40, 195.84it/s]
ROP:  38%|███▊      | 84366/221505 [07:11<11:40, 195.71it/s]
ROP:  38%|███▊      | 84378/221505 [07:11<11:41, 195.61it/s]
ROP:  38%|███▊      | 84390/221505 [07:11<11:41, 195.44it/s]
ROP:  38%|███▊      | 84402/221505 [07:12<11:42, 195.29it/s]
ROP:  38%|███▊      | 84414/221505 [07:12<11:42, 195.12it/s]
ROP:  38%|███▊      | 84426/221505 [07:12<11:42, 194.99it/s]
ROP:  38%|███▊      | 84438/221505 [07:13<11:43, 194.90it/s]
ROP:  38%|███▊      | 84450/221505 [07:13<11:43, 194.83it/s]
ROP:  38%|███▊      | 84462/221505 [07:13<11:43, 194.75it/s]
ROP:  38%|███▊      | 84474/221505 [07:14<11:44, 194.61it/s]
ROP:  38%|███▊      | 84486/221505 [07:14<11:44, 194.51it/s]
ROP:  38%|███▊      | 84498/221505 [07:14<11:44, 194.41it/s]
ROP:  38%|███▊      | 84510/221505 [07:14<11:44, 194.37it/s]
ROP:  38%|███▊      | 84522/221505 [07:15<11:45, 194.23it/s]
ROP:  38%|███▊      | 84534/221505 [07:15<11:45, 194.08it/s]
ROP:  38%|███▊      | 84546/221505 [07:15<11:45, 194.04it/s]
ROP:  38%|███▊      | 84558/221505 [07:16<11:46, 193.90it/s]
ROP:  38%|███▊      | 84570/221505 [07:16<11:46, 193.76it/s]
ROP:  38%|███▊      | 84582/221505 [07:16<11:47, 193.58it/s]
ROP:  38%|███▊      | 84594/221505 [07:17<11:47, 193.46it/s]
ROP:  38%|███▊      | 84606/221505 [07:17<11:48, 193.35it/s]
ROP:  38%|███▊      | 84618/221505 [07:17<11:48, 193.22it/s]
ROP:  38%|███▊      | 84630/221505 [07:18<11:48, 193.13it/s]
ROP:  38%|███▊      | 84642/221505 [07:18<11:49, 192.97it/s]
ROP:  38%|███▊      | 84654/221505 [07:18<11:49, 192.88it/s]
ROP:  38%|███▊      | 84666/221505 [07:19<11:49, 192.75it/s]
ROP:  38%|███▊      | 84955/221505 [07:19<11:46, 193.36it/s]
ROP:  38%|███▊      | 84955/221505 [07:20<11:47, 192.97it/s]
ROP:  38%|███▊      | 85244/221505 [07:20<11:43, 193.63it/s]
ROP:  39%|███▊      | 85534/221505 [07:20<11:40, 194.24it/s]
ROP:  39%|███▉      | 85872/221505 [07:20<11:35, 194.96it/s]
ROP:  39%|███▉      | 86224/221505 [07:20<11:31, 195.72it/s]
ROP:  39%|███▉      | 86576/221505 [07:21<11:28, 196.06it/s]
ROP:  39%|███▉      | 86645/221505 [07:21<11:27, 196.15it/s]
ROP:  39%|███▉      | 86714/221505 [07:21<11:26, 196.26it/s]
ROP:  39%|███▉      | 86816/221505 [07:21<11:25, 196.45it/s]
ROP:  39%|███▉      | 86918/221505 [07:25<11:29, 195.06it/s]
ROP:  39%|███▉      | 86926/221505 [07:25<11:30, 195.03it/s]
ROP:  39%|███▉      | 86940/221505 [07:25<11:30, 194.99it/s]
ROP:  39%|███▉      | 86954/221505 [07:26<11:30, 194.85it/s]
ROP:  39%|███▉      | 86968/221505 [07:26<11:30, 194.73it/s]
ROP:  39%|███▉      | 86982/221505 [07:26<11:31, 194.61it/s]
ROP:  39%|███▉      | 86996/221505 [07:27<11:32, 194.37it/s]
ROP:  39%|███▉      | 86999/221505 [07:27<11:32, 194.25it/s]
ROP:  39%|███▉      | 87009/221505 [07:28<11:32, 194.17it/s]
ROP:  39%|███▉      | 87019/221505 [07:28<11:33, 194.04it/s]
ROP:  39%|███▉      | 87029/221505 [07:28<11:33, 193.93it/s]
ROP:  39%|███▉      | 87039/221505 [07:28<11:33, 193.88it/s]
ROP:  39%|███▉      | 87049/221505 [07:29<11:33, 193.86it/s]
ROP:  39%|███▉      | 87059/221505 [07:29<11:33, 193.73it/s]
ROP:  39%|███▉      | 87069/221505 [07:29<11:34, 193.64it/s]
ROP:  39%|███▉      | 87081/221505 [07:29<11:34, 193.60it/s]
ROP:  39%|███▉      | 87094/221505 [07:29<11:34, 193.57it/s]
ROP:  39%|███▉      | 87107/221505 [07:30<11:34, 193.46it/s]
ROP:  39%|███▉      | 87120/221505 [07:30<11:35, 193.28it/s]
ROP:  39%|███▉      | 87133/221505 [07:31<11:35, 193.10it/s]
ROP:  39%|███▉      | 87146/221505 [07:31<11:36, 192.91it/s]
ROP:  39%|███▉      | 87150/221505 [07:31<11:36, 192.86it/s]
ROP:  39%|███▉      | 87154/221505 [07:32<11:36, 192.79it/s]
ROP:  39%|███▉      | 87165/221505 [07:32<11:37, 192.74it/s]
ROP:  39%|███▉      | 87176/221505 [07:32<11:37, 192.69it/s]
ROP:  39%|███▉      | 87187/221505 [07:32<11:37, 192.57it/s]
ROP:  39%|███▉      | 87198/221505 [07:32<11:37, 192.51it/s]
ROP:  39%|███▉      | 87209/221505 [07:33<11:38, 192.36it/s]
ROP:  39%|███▉      | 87220/221505 [07:33<11:38, 192.26it/s]
ROP:  39%|███▉      | 87231/221505 [07:33<11:38, 192.20it/s]
ROP:  39%|███▉      | 87242/221505 [07:34<11:38, 192.08it/s]
ROP:  39%|███▉      | 87253/221505 [07:34<11:39, 191.96it/s]
ROP:  39%|███▉      | 87264/221505 [07:34<11:39, 191.91it/s]
ROP:  39%|███▉      | 87419/221505 [07:34<11:37, 192.20it/s]
ROP:  40%|███▉      | 87761/221505 [07:34<11:33, 192.91it/s]
ROP:  40%|███▉      | 88103/221505 [07:35<11:28, 193.62it/s]
ROP:  40%|███▉      | 88445/221505 [07:35<11:24, 194.33it/s]
ROP:  40%|████      | 88787/221505 [07:35<11:20, 194.93it/s]
ROP:  40%|████      | 89129/221505 [07:39<11:21, 194.12it/s]
ROP:  40%|████      | 89143/221505 [07:39<11:21, 194.09it/s]
ROP:  40%|████      | 89157/221505 [07:39<11:22, 194.02it/s]
ROP:  40%|████      | 89171/221505 [07:39<11:22, 193.93it/s]
ROP:  40%|████      | 89185/221505 [07:40<11:22, 193.85it/s]
ROP:  40%|████      | 89199/221505 [07:40<11:22, 193.77it/s]
ROP:  40%|████      | 89213/221505 [07:40<11:23, 193.56it/s]
ROP:  40%|████      | 89216/221505 [07:41<11:23, 193.46it/s]
ROP:  40%|████      | 89225/221505 [07:41<11:23, 193.44it/s]
ROP:  40%|████      | 89234/221505 [07:41<11:24, 193.34it/s]
ROP:  40%|████      | 89263/221505 [07:41<11:24, 193.32it/s]
ROP:  40%|████      | 89292/221505 [07:42<11:24, 193.12it/s]
ROP:  40%|████      | 89303/221505 [07:42<11:24, 193.09it/s]
ROP:  40%|████      | 89314/221505 [07:42<11:24, 193.01it/s]
ROP:  40%|████      | 89325/221505 [07:43<11:25, 192.87it/s]
ROP:  40%|████      | 89336/221505 [07:43<11:25, 192.77it/s]
ROP:  40%|████      | 89347/221505 [07:43<11:26, 192.65it/s]
ROP:  40%|████      | 89607/221505 [07:43<11:22, 193.14it/s]
ROP:  40%|████      | 89607/221505 [07:50<11:32, 190.55it/s]
ROP:  41%|████      | 89859/221505 [07:50<11:28, 191.09it/s]
ROP:  41%|████      | 89863/221505 [07:50<11:29, 190.98it/s]
ROP:  41%|████      | 89875/221505 [07:50<11:29, 190.93it/s]
ROP:  41%|████      | 89901/221505 [07:50<11:29, 190.93it/s]
ROP:  41%|████      | 89927/221505 [07:51<11:29, 190.72it/s]
ROP:  41%|████      | 89931/221505 [07:51<11:30, 190.61it/s]
ROP:  41%|████      | 89943/221505 [07:51<11:30, 190.58it/s]
ROP:  41%|████      | 89955/221505 [07:52<11:30, 190.49it/s]
ROP:  41%|████      | 89967/221505 [07:52<11:30, 190.41it/s]
ROP:  41%|████      | 89979/221505 [07:52<11:31, 190.30it/s]
ROP:  41%|████      | 89991/221505 [07:53<11:31, 190.21it/s]
ROP:  41%|████      | 90003/221505 [07:53<11:31, 190.19it/s]
ROP:  41%|████      | 90015/221505 [07:53<11:31, 190.13it/s]
ROP:  41%|████      | 90027/221505 [07:53<11:31, 190.07it/s]
ROP:  41%|████      | 90039/221505 [07:53<11:31, 190.01it/s]
ROP:  41%|████      | 90051/221505 [07:54<11:32, 189.95it/s]
ROP:  41%|████      | 90063/221505 [07:54<11:32, 189.89it/s]
ROP:  41%|████      | 90084/221505 [07:54<11:32, 189.88it/s]
ROP:  41%|████      | 90105/221505 [07:54<11:32, 189.85it/s]
ROP:  41%|████      | 90139/221505 [07:54<11:31, 189.87it/s]
ROP:  41%|████      | 90173/221505 [07:55<11:32, 189.68it/s]
ROP:  41%|████      | 90220/221505 [07:55<11:31, 189.73it/s]
ROP:  41%|████      | 90267/221505 [07:55<11:31, 189.70it/s]
ROP:  41%|████      | 90314/221505 [07:56<11:32, 189.46it/s]
ROP:  41%|████      | 90400/221505 [07:56<11:31, 189.60it/s]
ROP:  41%|████      | 90486/221505 [07:58<11:32, 189.25it/s]
ROP:  41%|████      | 90493/221505 [07:58<11:32, 189.20it/s]
ROP:  41%|████      | 90500/221505 [07:58<11:32, 189.15it/s]
ROP:  41%|████      | 90520/221505 [07:58<11:32, 189.13it/s]
ROP:  41%|████      | 90540/221505 [07:58<11:32, 189.13it/s]
ROP:  41%|████      | 90629/221505 [07:58<11:31, 189.27it/s]
ROP:  41%|████      | 90718/221505 [07:59<11:31, 189.23it/s]
ROP:  41%|████      | 90734/221505 [07:59<11:31, 189.19it/s]
ROP:  41%|████      | 90750/221505 [08:00<11:31, 189.02it/s]
ROP:  41%|████      | 90754/221505 [08:00<11:31, 188.96it/s]
ROP:  41%|████      | 90765/221505 [08:00<11:32, 188.92it/s]
ROP:  41%|████      | 90776/221505 [08:00<11:32, 188.83it/s]
ROP:  41%|████      | 90787/221505 [08:01<11:32, 188.74it/s]
ROP:  41%|████      | 90804/221505 [08:01<11:32, 188.73it/s]
ROP:  41%|████      | 90824/221505 [08:01<11:32, 188.71it/s]
ROP:  41%|████      | 90844/221505 [08:01<11:32, 188.69it/s]
ROP:  41%|████      | 90864/221505 [08:01<11:32, 188.64it/s]
ROP:  41%|████      | 90884/221505 [08:01<11:32, 188.63it/s]
ROP:  41%|████      | 91003/221505 [08:01<11:31, 188.80it/s]
ROP:  41%|████      | 91122/221505 [08:03<11:32, 188.38it/s]
ROP:  41%|████      | 91129/221505 [08:03<11:32, 188.35it/s]
ROP:  41%|████      | 91136/221505 [08:04<11:32, 188.30it/s]
ROP:  41%|████      | 91143/221505 [08:04<11:32, 188.27it/s]
ROP:  41%|████      | 91150/221505 [08:04<11:32, 188.21it/s]
ROP:  41%|████      | 91157/221505 [08:04<11:32, 188.18it/s]
ROP:  41%|████      | 91171/221505 [08:04<11:32, 188.16it/s]
ROP:  41%|████      | 91187/221505 [08:04<11:32, 188.14it/s]
ROP:  41%|████      | 91203/221505 [08:04<11:32, 188.10it/s]
ROP:  41%|████      | 91219/221505 [08:05<11:32, 188.08it/s]
ROP:  41%|████      | 91235/221505 [08:05<11:32, 188.05it/s]
ROP:  41%|████      | 91266/221505 [08:05<11:32, 188.07it/s]
ROP:  41%|████      | 91297/221505 [08:05<11:33, 187.87it/s]
ROP:  41%|████      | 91308/221505 [08:06<11:33, 187.84it/s]
ROP:  41%|████      | 91325/221505 [08:06<11:33, 187.82it/s]
ROP:  41%|████      | 91342/221505 [08:06<11:33, 187.76it/s]
ROP:  41%|████      | 91359/221505 [08:06<11:33, 187.66it/s]
ROP:  41%|████▏     | 91376/221505 [08:07<11:33, 187.58it/s]
ROP:  41%|████▏     | 91393/221505 [08:07<11:33, 187.52it/s]
ROP:  41%|████▏     | 91417/221505 [08:07<11:33, 187.52it/s]
ROP:  41%|████▏     | 91441/221505 [08:07<11:33, 187.52it/s]
ROP:  41%|████▏     | 91494/221505 [08:07<11:33, 187.58it/s]
ROP:  41%|████▏     | 91562/221505 [08:07<11:32, 187.68it/s]
ROP:  41%|████▏     | 91630/221505 [08:09<11:33, 187.29it/s]
ROP:  41%|████▏     | 91636/221505 [08:09<11:33, 187.26it/s]
ROP:  41%|████▏     | 91642/221505 [08:09<11:33, 187.22it/s]
ROP:  41%|████▏     | 91684/221505 [08:09<11:33, 187.27it/s]
ROP:  41%|████▏     | 91726/221505 [08:09<11:33, 187.20it/s]
ROP:  41%|████▏     | 91785/221505 [08:10<11:32, 187.28it/s]
ROP:  41%|████▏     | 91844/221505 [08:10<11:32, 187.31it/s]
ROP:  42%|████▏     | 92005/221505 [08:10<11:30, 187.57it/s]
ROP:  42%|████▏     | 92166/221505 [08:11<11:29, 187.48it/s]
ROP:  42%|████▏     | 92205/221505 [08:11<11:29, 187.52it/s]
ROP:  42%|████▏     | 92244/221505 [08:12<11:29, 187.39it/s]
ROP:  42%|████▏     | 92252/221505 [08:12<11:30, 187.28it/s]
ROP:  42%|████▏     | 92260/221505 [08:12<11:30, 187.24it/s]
ROP:  42%|████▏     | 92268/221505 [08:13<11:30, 187.07it/s]
ROP:  42%|████▏     | 92295/221505 [08:13<11:30, 187.07it/s]
ROP:  42%|████▏     | 92322/221505 [08:13<11:30, 187.08it/s]
ROP:  42%|████▏     | 92349/221505 [08:13<11:30, 187.02it/s]
ROP:  42%|████▏     | 92376/221505 [08:14<11:30, 187.00it/s]
ROP:  42%|████▏     | 92414/221505 [08:14<11:30, 187.02it/s]
ROP:  42%|████▏     | 92452/221505 [08:14<11:30, 186.99it/s]
ROP:  42%|████▏     | 92501/221505 [08:14<11:29, 187.04it/s]
ROP:  42%|████▏     | 92550/221505 [08:14<11:29, 187.04it/s]
ROP:  42%|████▏     | 92599/221505 [08:15<11:29, 187.06it/s]
ROP:  42%|████▏     | 92696/221505 [08:15<11:28, 187.20it/s]
ROP:  42%|████▏     | 92793/221505 [08:16<11:28, 186.92it/s]
ROP:  42%|████▏     | 92824/221505 [08:16<11:28, 186.93it/s]
ROP:  42%|████▏     | 92931/221505 [08:16<11:27, 187.09it/s]
ROP:  42%|████▏     | 93038/221505 [08:17<11:27, 186.83it/s]
ROP:  42%|████▏     | 93061/221505 [08:18<11:27, 186.83it/s]
ROP:  42%|████▏     | 93088/221505 [08:18<11:27, 186.84it/s]
ROP:  42%|████▏     | 93115/221505 [08:18<11:27, 186.85it/s]
ROP:  42%|████▏     | 93142/221505 [08:18<11:27, 186.83it/s]
ROP:  42%|████▏     | 93169/221505 [08:18<11:26, 186.84it/s]
ROP:  42%|████▏     | 93196/221505 [08:18<11:26, 186.81it/s]
ROP:  42%|████▏     | 93223/221505 [08:19<11:27, 186.66it/s]
ROP:  42%|████▏     | 93255/221505 [08:19<11:26, 186.68it/s]
ROP:  42%|████▏     | 93287/221505 [08:19<11:27, 186.62it/s]
ROP:  42%|████▏     | 93346/221505 [08:19<11:26, 186.69it/s]
ROP:  42%|████▏     | 93472/221505 [08:20<11:25, 186.89it/s]
ROP:  42%|████▏     | 93598/221505 [08:21<11:25, 186.70it/s]
ROP:  42%|████▏     | 93617/221505 [08:21<11:25, 186.70it/s]
ROP:  42%|████▏     | 93647/221505 [08:21<11:24, 186.70it/s]
ROP:  42%|████▏     | 93677/221505 [08:21<11:24, 186.63it/s]
ROP:  42%|████▏     | 93734/221505 [08:22<11:24, 186.69it/s]
ROP:  42%|████▏     | 93791/221505 [08:22<11:24, 186.58it/s]
ROP:  42%|████▏     | 93801/221505 [08:22<11:24, 186.55it/s]
ROP:  42%|████▏     | 93824/221505 [08:22<11:24, 186.54it/s]
ROP:  42%|████▏     | 93873/221505 [08:23<11:24, 186.58it/s]
ROP:  42%|████▏     | 93922/221505 [08:23<11:24, 186.49it/s]
ROP:  42%|████▏     | 93996/221505 [08:23<11:23, 186.58it/s]
ROP:  42%|████▏     | 94070/221505 [08:24<11:23, 186.50it/s]
ROP:  42%|████▏     | 94119/221505 [08:24<11:22, 186.56it/s]
ROP:  43%|████▎     | 94168/221505 [08:24<11:22, 186.60it/s]
ROP:  43%|████▎     | 94223/221505 [08:24<11:21, 186.67it/s]
ROP:  43%|████▎     | 94278/221505 [08:24<11:21, 186.74it/s]
ROP:  43%|████▎     | 94407/221505 [08:24<11:19, 186.96it/s]
ROP:  43%|████▎     | 94536/221505 [08:25<11:18, 187.14it/s]
ROP:  43%|████▎     | 94665/221505 [08:25<11:17, 187.23it/s]
ROP:  43%|████▎     | 94794/221505 [08:25<11:16, 187.42it/s]
ROP:  43%|████▎     | 94923/221505 [08:26<11:14, 187.57it/s]
ROP:  43%|████▎     | 95052/221505 [08:26<11:13, 187.65it/s]
ROP:  43%|████▎     | 95210/221505 [08:26<11:12, 187.92it/s]
ROP:  43%|████▎     | 95428/221505 [08:26<11:09, 188.31it/s]
ROP:  43%|████▎     | 95646/221505 [08:27<11:07, 188.53it/s]
ROP:  43%|████▎     | 95716/221505 [08:27<11:06, 188.63it/s]
ROP:  43%|████▎     | 95786/221505 [08:27<11:06, 188.70it/s]
ROP:  43%|████▎     | 95918/221505 [08:27<11:04, 188.93it/s]
ROP:  43%|████▎     | 96050/221505 [08:28<11:03, 189.01it/s]
ROP:  43%|████▎     | 96182/221505 [08:28<11:02, 189.20it/s]
ROP:  43%|████▎     | 96314/221505 [08:28<11:00, 189.40it/s]
ROP:  44%|████▎     | 96624/221505 [08:28<10:57, 189.98it/s]
ROP:  44%|████▍     | 96934/221505 [08:28<10:53, 190.48it/s]
ROP:  44%|████▍     | 97244/221505 [08:29<10:50, 190.95it/s]
ROP:  44%|████▍     | 97554/221505 [08:29<10:47, 191.49it/s]
ROP:  44%|████▍     | 97864/221505 [08:29<10:43, 192.03it/s]
ROP:  44%|████▍     | 98174/221505 [08:30<10:40, 192.49it/s]
ROP:  44%|████▍     | 98484/221505 [08:30<10:37, 192.92it/s]
ROP:  45%|████▍     | 98794/221505 [08:32<10:36, 192.80it/s]
ROP:  45%|████▍     | 98958/221505 [08:32<10:34, 193.06it/s]
ROP:  45%|████▍     | 99122/221505 [08:33<10:33, 193.10it/s]
ROP:  45%|████▍     | 99164/221505 [08:33<10:33, 193.14it/s]
ROP:  45%|████▍     | 99280/221505 [08:33<10:32, 193.33it/s]
ROP:  45%|████▍     | 99445/221505 [08:33<10:30, 193.61it/s]
ROP:  45%|████▍     | 99667/221505 [08:33<10:28, 194.01it/s]
ROP:  45%|████▌     | 99889/221505 [08:34<10:26, 194.07it/s]
ROP:  45%|████▌     | 99967/221505 [08:34<10:25, 194.18it/s]
ROP:  45%|████▌     | 100045/221505 [08:35<10:25, 194.25it/s]
ROP:  45%|████▌     | 100123/221505 [08:35<10:24, 194.29it/s]
ROP:  45%|████▌     | 100201/221505 [08:35<10:24, 194.37it/s]
ROP:  45%|████▌     | 100386/221505 [08:35<10:22, 194.67it/s]
ROP:  45%|████▌     | 100571/221505 [08:36<10:21, 194.69it/s]
ROP:  45%|████▌     | 100728/221505 [08:36<10:19, 194.96it/s]
ROP:  46%|████▌     | 101038/221505 [08:36<10:16, 195.51it/s]
ROP:  46%|████▌     | 101348/221505 [08:37<10:13, 195.97it/s]
ROP:  46%|████▌     | 101658/221505 [08:37<10:09, 196.52it/s]
ROP:  46%|████▌     | 101968/221505 [08:37<10:06, 197.07it/s]
ROP:  46%|████▌     | 102278/221505 [08:37<10:03, 197.61it/s]
ROP:  46%|████▋     | 102659/221505 [08:37<09:59, 198.31it/s]
ROP:  47%|████▋     | 103040/221505 [08:37<09:55, 198.92it/s]
ROP:  47%|████▋     | 103421/221505 [08:38<09:51, 199.58it/s]
ROP:  47%|████▋     | 103802/221505 [08:38<09:48, 200.14it/s]
ROP:  47%|████▋     | 104183/221505 [08:39<09:45, 200.50it/s]
ROP:  47%|████▋     | 104223/221505 [08:40<09:45, 200.35it/s]
ROP:  47%|████▋     | 104237/221505 [08:40<09:45, 200.33it/s]
ROP:  47%|████▋     | 104251/221505 [08:40<09:45, 200.31it/s]
ROP:  47%|████▋     | 104265/221505 [08:40<09:45, 200.25it/s]
ROP:  47%|████▋     | 104289/221505 [08:40<09:45, 200.23it/s]
ROP:  47%|████▋     | 104313/221505 [08:41<09:45, 200.10it/s]
ROP:  47%|████▋     | 104337/221505 [08:42<09:46, 199.86it/s]
ROP:  47%|████▋     | 104344/221505 [08:42<09:46, 199.83it/s]
ROP:  47%|████▋     | 104351/221505 [08:42<09:46, 199.76it/s]
ROP:  47%|████▋     | 104358/221505 [08:42<09:46, 199.72it/s]
ROP:  47%|████▋     | 104365/221505 [08:42<09:46, 199.69it/s]
ROP:  47%|████▋     | 104372/221505 [08:42<09:46, 199.63it/s]
ROP:  47%|████▋     | 104379/221505 [08:42<09:46, 199.60it/s]
ROP:  47%|████▋     | 104389/221505 [08:43<09:46, 199.55it/s]
ROP:  47%|████▋     | 104406/221505 [08:43<09:46, 199.52it/s]
ROP:  47%|████▋     | 104423/221505 [08:43<09:46, 199.50it/s]
ROP:  47%|████▋     | 104440/221505 [08:43<09:46, 199.47it/s]
ROP:  47%|████▋     | 104457/221505 [08:44<09:47, 199.31it/s]
ROP:  47%|████▋     | 104474/221505 [08:44<09:47, 199.29it/s]
ROP:  47%|████▋     | 104491/221505 [08:44<09:47, 199.19it/s]
ROP:  47%|████▋     | 104508/221505 [08:44<09:47, 199.11it/s]
ROP:  47%|████▋     | 104525/221505 [08:45<09:47, 199.08it/s]
ROP:  47%|████▋     | 104542/221505 [08:45<09:47, 198.97it/s]
ROP:  47%|████▋     | 104559/221505 [08:45<09:48, 198.87it/s]
ROP:  47%|████▋     | 104576/221505 [08:46<09:48, 198.69it/s]
ROP:  47%|████▋     | 104579/221505 [08:46<09:48, 198.64it/s]
ROP:  47%|████▋     | 104589/221505 [08:46<09:48, 198.60it/s]
ROP:  47%|████▋     | 104599/221505 [08:46<09:48, 198.54it/s]
ROP:  47%|████▋     | 104609/221505 [08:47<09:49, 198.42it/s]
ROP:  47%|████▋     | 104633/221505 [08:47<09:49, 198.41it/s]
ROP:  47%|████▋     | 104657/221505 [08:47<09:49, 198.27it/s]
ROP:  47%|████▋     | 104681/221505 [08:48<09:49, 198.23it/s]
ROP:  47%|████▋     | 104705/221505 [08:48<09:49, 198.13it/s]
ROP:  47%|████▋     | 104729/221505 [08:48<09:49, 198.11it/s]
ROP:  47%|████▋     | 104799/221505 [08:48<09:48, 198.21it/s]
ROP:  47%|████▋     | 104869/221505 [08:48<09:48, 198.30it/s]
ROP:  47%|████▋     | 104947/221505 [08:48<09:47, 198.40it/s]
ROP:  47%|████▋     | 105025/221505 [08:49<09:47, 198.43it/s]
ROP:  47%|████▋     | 105138/221505 [08:49<09:45, 198.60it/s]
ROP:  48%|████▊     | 105251/221505 [08:49<09:45, 198.68it/s]
ROP:  48%|████▊     | 105364/221505 [08:50<09:44, 198.71it/s]
ROP:  48%|████▊     | 105477/221505 [08:50<09:43, 198.80it/s]
ROP:  48%|████▊     | 105590/221505 [08:50<09:42, 198.96it/s]
ROP:  48%|████▊     | 105703/221505 [08:50<09:41, 199.07it/s]
ROP:  48%|████▊     | 105816/221505 [08:51<09:40, 199.17it/s]
ROP:  48%|████▊     | 105929/221505 [08:51<09:40, 199.12it/s]
ROP:  48%|████▊     | 105946/221505 [08:52<09:40, 199.05it/s]
ROP:  48%|████▊     | 105979/221505 [08:52<09:40, 199.06it/s]
ROP:  48%|████▊     | 106044/221505 [08:52<09:39, 199.13it/s]
ROP:  48%|████▊     | 106109/221505 [08:52<09:39, 199.22it/s]
ROP:  48%|████▊     | 106208/221505 [08:52<09:38, 199.35it/s]
ROP:  48%|████▊     | 106307/221505 [08:53<09:38, 199.22it/s]
ROP:  48%|████▊     | 106376/221505 [08:53<09:37, 199.31it/s]
ROP:  48%|████▊     | 106445/221505 [08:54<09:37, 199.16it/s]
ROP:  48%|████▊     | 106505/221505 [08:54<09:37, 199.22it/s]
ROP:  48%|████▊     | 106565/221505 [08:55<09:37, 199.17it/s]
ROP:  48%|████▊     | 106629/221505 [08:55<09:36, 199.25it/s]
ROP:  48%|████▊     | 106693/221505 [08:55<09:36, 199.31it/s]
ROP:  48%|████▊     | 106757/221505 [08:55<09:35, 199.32it/s]
ROP:  48%|████▊     | 106821/221505 [08:55<09:35, 199.37it/s]
ROP:  48%|████▊     | 106907/221505 [08:55<09:34, 199.49it/s]
ROP:  48%|████▊     | 106993/221505 [08:56<09:33, 199.56it/s]
ROP:  48%|████▊     | 107079/221505 [08:56<09:33, 199.53it/s]
ROP:  48%|████▊     | 107241/221505 [08:56<09:31, 199.79it/s]
ROP:  49%|████▊     | 107516/221505 [08:56<09:29, 200.24it/s]
ROP:  49%|████▊     | 107791/221505 [08:58<09:28, 200.17it/s]
ROP:  49%|████▊     | 107809/221505 [08:58<09:28, 200.15it/s]
ROP:  49%|████▊     | 107827/221505 [08:58<09:27, 200.14it/s]
ROP:  49%|████▊     | 107852/221505 [08:58<09:27, 200.14it/s]
ROP:  49%|████▊     | 107879/221505 [08:59<09:27, 200.15it/s]
ROP:  49%|████▊     | 107906/221505 [08:59<09:27, 200.14it/s]
ROP:  49%|████▊     | 107933/221505 [08:59<09:27, 200.13it/s]
ROP:  49%|████▊     | 107960/221505 [08:59<09:27, 200.14it/s]
ROP:  49%|████▉     | 107987/221505 [08:59<09:27, 200.13it/s]
ROP:  49%|████▉     | 108084/221505 [08:59<09:26, 200.28it/s]
ROP:  49%|████▉     | 108181/221505 [09:00<09:25, 200.33it/s]
ROP:  49%|████▉     | 108278/221505 [09:00<09:24, 200.41it/s]
ROP:  49%|████▉     | 108375/221505 [09:00<09:24, 200.49it/s]
ROP:  49%|████▉     | 108472/221505 [09:00<09:23, 200.61it/s]
ROP:  49%|████▉     | 108569/221505 [09:00<09:22, 200.75it/s]
ROP:  49%|████▉     | 108666/221505 [09:00<09:21, 200.87it/s]
ROP:  49%|████▉     | 108763/221505 [09:01<09:21, 200.95it/s]
ROP:  49%|████▉     | 108860/221505 [09:01<09:20, 201.06it/s]
ROP:  49%|████▉     | 108967/221505 [09:01<09:19, 201.22it/s]
ROP:  49%|████▉     | 109110/221505 [09:01<09:17, 201.45it/s]
ROP:  49%|████▉     | 109334/221505 [09:01<09:15, 201.82it/s]
ROP:  49%|████▉     | 109558/221505 [09:01<09:13, 202.15it/s]
ROP:  50%|████▉     | 109782/221505 [09:02<09:12, 202.35it/s]
ROP:  50%|████▉     | 109853/221505 [09:02<09:11, 202.43it/s]
ROP:  50%|████▉     | 109924/221505 [09:02<09:10, 202.52it/s]
ROP:  50%|████▉     | 110078/221505 [09:02<09:09, 202.77it/s]
ROP:  50%|████▉     | 110232/221505 [09:03<09:08, 203.00it/s]
ROP:  50%|████▉     | 110386/221505 [09:03<09:06, 203.18it/s]
ROP:  50%|████▉     | 110593/221505 [09:03<09:04, 203.52it/s]
ROP:  50%|█████     | 110800/221505 [09:03<09:03, 203.74it/s]
ROP:  50%|█████     | 111007/221505 [09:04<09:01, 203.99it/s]
ROP:  50%|█████     | 111214/221505 [09:05<09:01, 203.82it/s]
ROP:  50%|█████     | 111310/221505 [09:05<09:00, 203.94it/s]
ROP:  50%|█████     | 111406/221505 [09:06<09:00, 203.86it/s]
ROP:  50%|█████     | 111450/221505 [09:06<08:59, 203.90it/s]
ROP:  50%|█████     | 111494/221505 [09:06<08:59, 203.88it/s]
ROP:  50%|█████     | 111587/221505 [09:06<08:58, 204.00it/s]
ROP:  50%|█████     | 111680/221505 [09:07<08:58, 204.08it/s]
ROP:  50%|█████     | 111773/221505 [09:07<08:57, 204.09it/s]
ROP:  51%|█████     | 111866/221505 [09:08<08:57, 203.99it/s]
ROP:  51%|█████     | 111879/221505 [09:08<08:57, 203.96it/s]
ROP:  51%|█████     | 111962/221505 [09:08<08:56, 204.06it/s]
ROP:  51%|█████     | 112045/221505 [09:09<08:57, 203.81it/s]
ROP:  51%|█████     | 112053/221505 [09:10<08:57, 203.73it/s]
ROP:  51%|█████     | 112061/221505 [09:10<08:57, 203.69it/s]
ROP:  51%|█████     | 112074/221505 [09:10<08:57, 203.66it/s]
ROP:  51%|█████     | 112087/221505 [09:10<08:57, 203.64it/s]
ROP:  51%|█████     | 112100/221505 [09:10<08:57, 203.60it/s]
ROP:  51%|█████     | 112150/221505 [09:10<08:57, 203.63it/s]
ROP:  51%|█████     | 112255/221505 [09:10<08:56, 203.78it/s]
ROP:  51%|█████     | 112360/221505 [09:11<08:55, 203.78it/s]
ROP:  51%|█████     | 112423/221505 [09:11<08:55, 203.83it/s]
ROP:  51%|█████     | 112486/221505 [09:11<08:54, 203.81it/s]
ROP:  51%|█████     | 112549/221505 [09:12<08:54, 203.67it/s]
ROP:  51%|█████     | 112560/221505 [09:12<08:54, 203.65it/s]
ROP:  51%|█████     | 112599/221505 [09:12<08:54, 203.68it/s]
ROP:  51%|█████     | 112638/221505 [09:13<08:54, 203.61it/s]
ROP:  51%|█████     | 112692/221505 [09:13<08:54, 203.67it/s]
ROP:  51%|█████     | 112746/221505 [09:13<08:53, 203.67it/s]
ROP:  51%|█████     | 112800/221505 [09:13<08:53, 203.63it/s]
ROP:  51%|█████     | 112854/221505 [09:14<08:53, 203.61it/s]
ROP:  51%|█████     | 112908/221505 [09:14<08:53, 203.64it/s]
ROP:  51%|█████     | 112962/221505 [09:14<08:52, 203.65it/s]
ROP:  51%|█████     | 113016/221505 [09:15<08:52, 203.63it/s]
ROP:  51%|█████     | 113110/221505 [09:15<08:51, 203.76it/s]
ROP:  51%|█████     | 113204/221505 [09:15<08:51, 203.83it/s]
ROP:  51%|█████     | 113376/221505 [09:15<08:49, 204.08it/s]
ROP:  51%|█████▏    | 113548/221505 [09:17<08:49, 203.74it/s]
ROP:  51%|█████▏    | 113675/221505 [09:17<08:48, 203.92it/s]
ROP:  51%|█████▏    | 113865/221505 [09:17<08:47, 204.21it/s]
ROP:  51%|█████▏    | 114055/221505 [09:18<08:45, 204.36it/s]
ROP:  52%|█████▏    | 114092/221505 [09:18<08:45, 204.38it/s]
ROP:  52%|█████▏    | 114129/221505 [09:18<08:45, 204.18it/s]
ROP:  52%|█████▏    | 114171/221505 [09:19<08:45, 204.21it/s]
ROP:  52%|█████▏    | 114221/221505 [09:19<08:45, 204.26it/s]
ROP:  52%|█████▏    | 114295/221505 [09:19<08:44, 204.35it/s]
ROP:  52%|█████▏    | 114369/221505 [09:19<08:44, 204.31it/s]
ROP:  52%|█████▏    | 114443/221505 [09:19<08:43, 204.37it/s]
ROP:  52%|█████▏    | 114517/221505 [09:20<08:43, 204.37it/s]
ROP:  52%|█████▏    | 114591/221505 [09:20<08:43, 204.39it/s]
ROP:  52%|█████▏    | 114665/221505 [09:20<08:42, 204.44it/s]
ROP:  52%|█████▏    | 114739/221505 [09:21<08:42, 204.48it/s]
ROP:  52%|█████▏    | 114813/221505 [09:21<08:41, 204.52it/s]
ROP:  52%|█████▏    | 114911/221505 [09:21<08:40, 204.61it/s]
ROP:  52%|█████▏    | 115009/221505 [09:21<08:40, 204.67it/s]
ROP:  52%|█████▏    | 115107/221505 [09:22<08:39, 204.71it/s]
ROP:  52%|█████▏    | 115205/221505 [09:22<08:39, 204.78it/s]
ROP:  52%|█████▏    | 115303/221505 [09:23<08:38, 204.78it/s]
ROP:  52%|█████▏    | 115401/221505 [09:23<08:37, 204.87it/s]
ROP:  52%|█████▏    | 115499/221505 [09:23<08:37, 204.88it/s]
ROP:  52%|█████▏    | 115597/221505 [09:25<08:37, 204.49it/s]
ROP:  52%|█████▏    | 115604/221505 [09:25<08:37, 204.46it/s]
ROP:  52%|█████▏    | 115630/221505 [09:25<08:37, 204.45it/s]
ROP:  52%|█████▏    | 115656/221505 [09:26<08:38, 204.31it/s]
ROP:  52%|█████▏    | 115662/221505 [09:26<08:38, 204.20it/s]
ROP:  52%|█████▏    | 115690/221505 [09:26<08:38, 204.21it/s]
ROP:  52%|█████▏    | 115721/221505 [09:26<08:37, 204.23it/s]
ROP:  52%|█████▏    | 115752/221505 [09:27<08:38, 203.99it/s]
ROP:  52%|█████▏    | 115761/221505 [09:27<08:38, 203.96it/s]
ROP:  52%|█████▏    | 115775/221505 [09:27<08:38, 203.94it/s]
ROP:  52%|█████▏    | 115789/221505 [09:27<08:38, 203.91it/s]
ROP:  52%|█████▏    | 115803/221505 [09:27<08:38, 203.89it/s]
ROP:  52%|█████▏    | 115817/221505 [09:28<08:38, 203.86it/s]
ROP:  52%|█████▏    | 115948/221505 [09:28<08:37, 203.99it/s]
ROP:  52%|█████▏    | 116079/221505 [09:29<08:37, 203.90it/s]
ROP:  52%|█████▏    | 116171/221505 [09:29<08:36, 204.00it/s]
ROP:  52%|█████▏    | 116263/221505 [09:30<08:35, 203.97it/s]
ROP:  52%|█████▏    | 116280/221505 [09:30<08:35, 203.95it/s]
ROP:  53%|█████▎    | 116297/221505 [09:30<08:35, 203.93it/s]
ROP:  53%|█████▎    | 116360/221505 [09:30<08:35, 204.01it/s]
ROP:  53%|█████▎    | 116430/221505 [09:30<08:34, 204.09it/s]
ROP:  53%|█████▎    | 116532/221505 [09:30<08:33, 204.23it/s]
ROP:  53%|█████▎    | 116634/221505 [09:30<08:33, 204.34it/s]
ROP:  53%|█████▎    | 116736/221505 [09:30<08:32, 204.48it/s]
ROP:  53%|█████▎    | 116908/221505 [09:31<08:30, 204.74it/s]
ROP:  53%|█████▎    | 117083/221505 [09:31<08:29, 205.01it/s]
ROP:  53%|█████▎    | 117384/221505 [09:31<08:26, 205.50it/s]
ROP:  53%|█████▎    | 117820/221505 [09:31<08:22, 206.22it/s]
ROP:  53%|█████▎    | 118256/221505 [09:33<08:20, 206.25it/s]
ROP:  53%|█████▎    | 118278/221505 [09:33<08:20, 206.23it/s]
ROP:  53%|█████▎    | 118300/221505 [09:33<08:20, 206.22it/s]
ROP:  53%|█████▎    | 118322/221505 [09:33<08:20, 206.18it/s]
ROP:  53%|█████▎    | 118437/221505 [09:33<08:19, 206.34it/s]
ROP:  54%|█████▎    | 118567/221505 [09:34<08:18, 206.53it/s]
ROP:  54%|█████▎    | 118697/221505 [09:34<08:17, 206.62it/s]
ROP:  54%|█████▎    | 118827/221505 [09:34<08:16, 206.72it/s]
ROP:  54%|█████▎    | 118957/221505 [09:35<08:15, 206.84it/s]
ROP:  54%|█████▍    | 119087/221505 [09:36<08:15, 206.59it/s]
ROP:  54%|█████▍    | 119110/221505 [09:36<08:15, 206.58it/s]
ROP:  54%|█████▍    | 119133/221505 [09:36<08:15, 206.52it/s]
ROP:  54%|█████▍    | 119194/221505 [09:36<08:15, 206.59it/s]
ROP:  54%|█████▍    | 119255/221505 [09:37<08:15, 206.35it/s]
ROP:  54%|█████▍    | 119262/221505 [09:38<08:15, 206.32it/s]
ROP:  54%|█████▍    | 119317/221505 [09:38<08:15, 206.37it/s]
ROP:  54%|█████▍    | 119372/221505 [09:38<08:14, 206.40it/s]
ROP:  54%|█████▍    | 119434/221505 [09:38<08:14, 206.45it/s]
ROP:  54%|█████▍    | 119496/221505 [09:38<08:13, 206.51it/s]
ROP:  54%|█████▍    | 119558/221505 [09:38<08:13, 206.55it/s]
ROP:  54%|█████▍    | 119620/221505 [09:38<08:13, 206.61it/s]
ROP:  54%|█████▍    | 119682/221505 [09:39<08:12, 206.65it/s]
ROP:  54%|█████▍    | 119779/221505 [09:39<08:11, 206.77it/s]
ROP:  54%|█████▍    | 119879/221505 [09:39<08:11, 206.91it/s]
ROP:  54%|█████▍    | 119979/221505 [09:39<08:10, 207.01it/s]
ROP:  54%|█████▍    | 119979/221505 [09:40<08:11, 206.77it/s]
ROP:  54%|█████▍    | 120070/221505 [09:40<08:10, 206.92it/s]
ROP:  54%|█████▍    | 120084/221505 [09:40<08:10, 206.80it/s]
ROP:  54%|█████▍    | 120136/221505 [09:40<08:10, 206.83it/s]
ROP:  54%|█████▍    | 120188/221505 [09:41<08:10, 206.68it/s]
ROP:  54%|█████▍    | 120211/221505 [09:41<08:10, 206.68it/s]
ROP:  54%|█████▍    | 120234/221505 [09:41<08:10, 206.64it/s]
ROP:  54%|█████▍    | 120286/221505 [09:41<08:09, 206.69it/s]
ROP:  54%|█████▍    | 120338/221505 [09:42<08:09, 206.66it/s]
ROP:  54%|█████▍    | 120390/221505 [09:42<08:09, 206.64it/s]
ROP:  54%|█████▍    | 120460/221505 [09:42<08:08, 206.70it/s]
ROP:  54%|█████▍    | 120533/221505 [09:42<08:08, 206.79it/s]
ROP:  54%|█████▍    | 120606/221505 [09:43<08:08, 206.70it/s]
ROP:  55%|█████▍    | 120725/221505 [09:43<08:07, 206.87it/s]
ROP:  55%|█████▍    | 120844/221505 [09:43<08:06, 206.94it/s]
ROP:  55%|█████▍    | 120963/221505 [09:44<08:05, 207.03it/s]
ROP:  55%|█████▍    | 121082/221505 [09:44<08:04, 207.11it/s]
ROP:  55%|█████▍    | 121201/221505 [09:44<08:04, 207.20it/s]
ROP:  55%|█████▍    | 121320/221505 [09:45<08:03, 207.12it/s]
ROP:  55%|█████▍    | 121370/221505 [09:45<08:03, 207.17it/s]
ROP:  55%|█████▍    | 121420/221505 [09:45<08:03, 207.21it/s]
ROP:  55%|█████▍    | 121552/221505 [09:46<08:01, 207.39it/s]
ROP:  55%|█████▍    | 121684/221505 [09:46<08:00, 207.53it/s]
ROP:  55%|█████▍    | 121816/221505 [09:46<08:00, 207.60it/s]
ROP:  55%|█████▌    | 121948/221505 [09:47<07:59, 207.63it/s]
ROP:  55%|█████▌    | 122024/221505 [09:47<07:58, 207.72it/s]
ROP:  55%|█████▌    | 122100/221505 [09:47<07:58, 207.68it/s]
ROP:  55%|█████▌    | 122235/221505 [09:48<07:57, 207.87it/s]
ROP:  55%|█████▌    | 122370/221505 [09:48<07:56, 208.02it/s]
ROP:  55%|█████▌    | 122505/221505 [09:48<07:55, 208.06it/s]
ROP:  55%|█████▌    | 122538/221505 [09:48<07:55, 208.07it/s]
ROP:  55%|█████▌    | 122571/221505 [09:49<07:55, 208.06it/s]
ROP:  55%|█████▌    | 122604/221505 [09:49<07:55, 208.07it/s]
ROP:  55%|█████▌    | 122658/221505 [09:49<07:54, 208.13it/s]
ROP:  55%|█████▌    | 122712/221505 [09:49<07:54, 208.17it/s]
ROP:  55%|█████▌    | 122766/221505 [09:49<07:54, 208.21it/s]
ROP:  55%|█████▌    | 122820/221505 [09:50<07:54, 208.09it/s]
ROP:  55%|█████▌    | 122829/221505 [09:50<07:54, 208.05it/s]
ROP:  55%|█████▌    | 122838/221505 [09:50<07:54, 207.96it/s]
ROP:  55%|█████▌    | 122847/221505 [09:50<07:54, 207.92it/s]
ROP:  55%|█████▌    | 122874/221505 [09:50<07:54, 207.93it/s]
ROP:  55%|█████▌    | 122901/221505 [09:51<07:54, 207.91it/s]
ROP:  56%|█████▌    | 122976/221505 [09:51<07:53, 207.99it/s]
ROP:  56%|█████▌    | 123051/221505 [09:51<07:53, 208.08it/s]
ROP:  56%|█████▌    | 123126/221505 [09:51<07:52, 208.13it/s]
ROP:  56%|█████▌    | 123201/221505 [09:51<07:52, 208.22it/s]
ROP:  56%|█████▌    | 123301/221505 [09:51<07:51, 208.32it/s]
ROP:  56%|█████▌    | 123401/221505 [09:52<07:50, 208.41it/s]
ROP:  56%|█████▌    | 123501/221505 [09:52<07:50, 208.40it/s]
ROP:  56%|█████▌    | 123601/221505 [09:52<07:49, 208.49it/s]
ROP:  56%|█████▌    | 123701/221505 [09:53<07:49, 208.43it/s]
ROP:  56%|█████▌    | 123743/221505 [09:53<07:48, 208.46it/s]
ROP:  56%|█████▌    | 123807/221505 [09:53<07:48, 208.53it/s]
ROP:  56%|█████▌    | 123871/221505 [09:53<07:48, 208.54it/s]
ROP:  56%|█████▌    | 123935/221505 [09:54<07:47, 208.60it/s]
ROP:  56%|█████▌    | 123999/221505 [09:54<07:47, 208.64it/s]
ROP:  56%|█████▌    | 124073/221505 [09:54<07:46, 208.73it/s]
ROP:  56%|█████▌    | 124147/221505 [09:54<07:46, 208.77it/s]
ROP:  56%|█████▌    | 124221/221505 [09:54<07:45, 208.84it/s]
ROP:  56%|█████▌    | 124295/221505 [09:54<07:45, 208.93it/s]
ROP:  56%|█████▌    | 124369/221505 [09:55<07:44, 208.96it/s]
ROP:  56%|█████▌    | 124500/221505 [09:55<07:43, 209.15it/s]
ROP:  56%|█████▋    | 124631/221505 [09:55<07:42, 209.28it/s]
ROP:  56%|█████▋    | 124762/221505 [09:55<07:41, 209.41it/s]
ROP:  56%|█████▋    | 124893/221505 [09:56<07:41, 209.46it/s]
ROP:  56%|█████▋    | 125024/221505 [09:56<07:40, 209.60it/s]
ROP:  57%|█████▋    | 125155/221505 [09:56<07:39, 209.73it/s]
ROP:  57%|█████▋    | 125286/221505 [09:57<07:38, 209.84it/s]
ROP:  57%|█████▋    | 125417/221505 [09:58<07:38, 209.65it/s]
ROP:  57%|█████▋    | 125454/221505 [09:58<07:38, 209.66it/s]
ROP:  57%|█████▋    | 125491/221505 [09:58<07:38, 209.51it/s]
ROP:  57%|█████▋    | 125535/221505 [09:59<07:37, 209.54it/s]
ROP:  57%|█████▋    | 125579/221505 [09:59<07:37, 209.55it/s]
ROP:  57%|█████▋    | 125623/221505 [09:59<07:37, 209.58it/s]
ROP:  57%|█████▋    | 125667/221505 [09:59<07:37, 209.61it/s]
ROP:  57%|█████▋    | 125711/221505 [09:59<07:36, 209.62it/s]
ROP:  57%|█████▋    | 125801/221505 [09:59<07:36, 209.72it/s]
ROP:  57%|█████▋    | 125891/221505 [10:00<07:36, 209.60it/s]
ROP:  57%|█████▋    | 126156/221505 [10:00<07:34, 210.01it/s]
ROP:  57%|█████▋    | 126521/221505 [10:00<07:31, 210.55it/s]
ROP:  57%|█████▋    | 126886/221505 [10:01<07:28, 210.84it/s]
ROP:  57%|█████▋    | 126932/221505 [10:01<07:28, 210.86it/s]
ROP:  57%|█████▋    | 126978/221505 [10:02<07:28, 210.88it/s]
ROP:  57%|█████▋    | 127200/221505 [10:02<07:26, 211.19it/s]
ROP:  58%|█████▊    | 127422/221505 [10:04<07:26, 210.93it/s]
ROP:  58%|█████▊    | 127451/221505 [10:04<07:25, 210.94it/s]
ROP:  58%|█████▊    | 127480/221505 [10:04<07:25, 210.94it/s]
ROP:  58%|█████▊    | 127535/221505 [10:04<07:25, 210.98it/s]
ROP:  58%|█████▊    | 127590/221505 [10:05<07:25, 210.86it/s]
ROP:  58%|█████▊    | 127606/221505 [10:05<07:25, 210.84it/s]
ROP:  58%|█████▊    | 127622/221505 [10:05<07:25, 210.76it/s]
ROP:  58%|█████▊    | 127691/221505 [10:05<07:24, 210.83it/s]
ROP:  58%|█████▊    | 127760/221505 [10:05<07:24, 210.90it/s]
ROP:  58%|█████▊    | 127886/221505 [10:05<07:23, 211.07it/s]
ROP:  58%|█████▊    | 128012/221505 [10:06<07:22, 211.14it/s]
ROP:  58%|█████▊    | 128138/221505 [10:07<07:22, 211.06it/s]
ROP:  58%|█████▊    | 128180/221505 [10:07<07:22, 211.09it/s]
ROP:  58%|█████▊    | 128222/221505 [10:07<07:21, 211.06it/s]
ROP:  58%|█████▊    | 128373/221505 [10:07<07:20, 211.27it/s]
ROP:  58%|█████▊    | 128560/221505 [10:07<07:19, 211.53it/s]
ROP:  58%|█████▊    | 128747/221505 [10:08<07:18, 211.41it/s]
ROP:  58%|█████▊    | 128783/221505 [10:09<07:18, 211.43it/s]
ROP:  58%|█████▊    | 128819/221505 [10:09<07:18, 211.42it/s]
ROP:  58%|█████▊    | 128937/221505 [10:09<07:17, 211.58it/s]
ROP:  58%|█████▊    | 129055/221505 [10:09<07:16, 211.61it/s]
ROP:  58%|█████▊    | 129173/221505 [10:09<07:16, 211.76it/s]
ROP:  58%|█████▊    | 129291/221505 [10:10<07:15, 211.82it/s]
ROP:  58%|█████▊    | 129409/221505 [10:10<07:14, 211.95it/s]
ROP:  58%|█████▊    | 129527/221505 [10:10<07:13, 212.09it/s]
ROP:  59%|█████▊    | 129645/221505 [10:11<07:12, 212.16it/s]
ROP:  59%|█████▊    | 129763/221505 [10:11<07:12, 212.29it/s]
ROP:  59%|█████▊    | 129881/221505 [10:11<07:11, 212.45it/s]
ROP:  59%|█████▊    | 130061/221505 [10:11<07:09, 212.70it/s]
ROP:  59%|█████▉    | 130241/221505 [10:11<07:08, 212.86it/s]
ROP:  59%|█████▉    | 130421/221505 [10:13<07:08, 212.56it/s]
ROP:  59%|█████▉    | 130455/221505 [10:13<07:08, 212.57it/s]
ROP:  59%|█████▉    | 130489/221505 [10:14<07:08, 212.50it/s]
ROP:  59%|█████▉    | 130597/221505 [10:14<07:07, 212.64it/s]
ROP:  59%|█████▉    | 130705/221505 [10:14<07:07, 212.59it/s]
ROP:  59%|█████▉    | 130722/221505 [10:15<07:07, 212.52it/s]
ROP:  59%|█████▉    | 130778/221505 [10:15<07:06, 212.55it/s]
ROP:  59%|█████▉    | 130834/221505 [10:15<07:06, 212.60it/s]
ROP:  59%|█████▉    | 130890/221505 [10:15<07:06, 212.52it/s]
ROP:  59%|█████▉    | 130946/221505 [10:16<07:06, 212.56it/s]
ROP:  59%|█████▉    | 131002/221505 [10:16<07:05, 212.61it/s]
ROP:  59%|█████▉    | 131058/221505 [10:16<07:05, 212.48it/s]
ROP:  59%|█████▉    | 131067/221505 [10:17<07:05, 212.40it/s]
ROP:  59%|█████▉    | 131077/221505 [10:17<07:05, 212.37it/s]
ROP:  59%|█████▉    | 131228/221505 [10:17<07:04, 212.56it/s]
ROP:  59%|█████▉    | 131379/221505 [10:17<07:03, 212.65it/s]
ROP:  59%|█████▉    | 131721/221505 [10:17<07:01, 213.17it/s]
ROP:  60%|█████▉    | 132089/221505 [10:18<06:58, 213.70it/s]
ROP:  60%|█████▉    | 132457/221505 [10:18<06:55, 214.21it/s]
ROP:  60%|█████▉    | 132825/221505 [10:19<06:53, 214.46it/s]
ROP:  60%|█████▉    | 132863/221505 [10:19<06:53, 214.36it/s]
ROP:  60%|█████▉    | 132901/221505 [10:19<06:53, 214.36it/s]
ROP:  60%|██████    | 132939/221505 [10:20<06:53, 214.38it/s]
ROP:  60%|██████    | 132982/221505 [10:20<06:52, 214.39it/s]
ROP:  60%|██████    | 133025/221505 [10:20<06:52, 214.32it/s]
ROP:  60%|██████    | 133076/221505 [10:20<06:52, 214.37it/s]
ROP:  60%|██████    | 133127/221505 [10:21<06:52, 214.30it/s]
ROP:  60%|██████    | 133178/221505 [10:21<06:52, 214.16it/s]
ROP:  60%|██████    | 133243/221505 [10:21<06:51, 214.23it/s]
ROP:  60%|██████    | 133308/221505 [10:22<06:51, 214.23it/s]
ROP:  60%|██████    | 133380/221505 [10:22<06:51, 214.31it/s]
ROP:  60%|██████    | 133452/221505 [10:22<06:50, 214.36it/s]
ROP:  60%|██████    | 133633/221505 [10:22<06:49, 214.59it/s]
ROP:  60%|██████    | 133814/221505 [10:23<06:48, 214.69it/s]
ROP:  60%|██████    | 133847/221505 [10:23<06:48, 214.66it/s]
ROP:  60%|██████    | 133880/221505 [10:23<06:48, 214.66it/s]
ROP:  60%|██████    | 133913/221505 [10:23<06:48, 214.68it/s]
ROP:  60%|██████    | 133946/221505 [10:23<06:47, 214.69it/s]
ROP:  61%|██████    | 134040/221505 [10:24<06:47, 214.81it/s]
ROP:  61%|██████    | 134134/221505 [10:24<06:46, 214.92it/s]
ROP:  61%|██████    | 134228/221505 [10:24<06:46, 214.93it/s]
ROP:  61%|██████    | 134322/221505 [10:24<06:45, 214.99it/s]
ROP:  61%|██████    | 134469/221505 [10:24<06:44, 215.19it/s]
ROP:  61%|██████    | 134616/221505 [10:25<06:43, 215.22it/s]
ROP:  61%|██████    | 134642/221505 [10:25<06:43, 215.17it/s]
ROP:  61%|██████    | 134821/221505 [10:25<06:42, 215.41it/s]
ROP:  61%|██████    | 135000/221505 [10:26<06:41, 215.52it/s]
ROP:  61%|██████    | 135142/221505 [10:26<06:40, 215.70it/s]
ROP:  61%|██████    | 135284/221505 [10:27<06:39, 215.64it/s]
ROP:  61%|██████    | 135531/221505 [10:27<06:38, 215.99it/s]
ROP:  61%|██████▏   | 135778/221505 [10:28<06:36, 216.07it/s]
ROP:  61%|██████▏   | 135806/221505 [10:28<06:36, 216.08it/s]
ROP:  61%|██████▏   | 135834/221505 [10:28<06:36, 216.09it/s]
ROP:  61%|██████▏   | 135862/221505 [10:28<06:36, 216.07it/s]
ROP:  61%|██████▏   | 135897/221505 [10:28<06:36, 216.07it/s]
ROP:  61%|██████▏   | 135961/221505 [10:29<06:35, 216.13it/s]
ROP:  61%|██████▏   | 136025/221505 [10:29<06:35, 216.16it/s]
ROP:  61%|██████▏   | 136105/221505 [10:29<06:34, 216.25it/s]
ROP:  61%|██████▏   | 136185/221505 [10:29<06:34, 216.33it/s]
ROP:  62%|██████▏   | 136265/221505 [10:30<06:34, 216.23it/s]
ROP:  62%|██████▏   | 136278/221505 [10:30<06:34, 216.21it/s]
ROP:  62%|██████▏   | 136315/221505 [10:30<06:34, 216.22it/s]
ROP:  62%|██████▏   | 136352/221505 [10:30<06:33, 216.22it/s]
ROP:  62%|██████▏   | 136537/221505 [10:30<06:32, 216.48it/s]
ROP:  62%|██████▏   | 136819/221505 [10:30<06:30, 216.88it/s]
ROP:  62%|██████▏   | 137101/221505 [10:31<06:28, 217.04it/s]
ROP:  62%|██████▏   | 137135/221505 [10:32<06:28, 216.95it/s]
ROP:  62%|██████▏   | 137221/221505 [10:32<06:28, 217.04it/s]
ROP:  62%|██████▏   | 137307/221505 [10:33<06:28, 216.91it/s]
ROP:  62%|██████▏   | 137334/221505 [10:33<06:28, 216.90it/s]
ROP:  62%|██████▏   | 137540/221505 [10:33<06:26, 217.15it/s]
ROP:  62%|██████▏   | 137746/221505 [10:35<06:26, 216.69it/s]
ROP:  62%|██████▏   | 137906/221505 [10:35<06:25, 216.91it/s]
ROP:  62%|██████▏   | 138308/221505 [10:35<06:22, 217.50it/s]
ROP:  63%|██████▎   | 138710/221505 [10:36<06:19, 218.02it/s]
ROP:  63%|██████▎   | 139112/221505 [10:38<06:18, 217.71it/s]
ROP:  63%|██████▎   | 139127/221505 [10:39<06:18, 217.69it/s]
ROP:  63%|██████▎   | 139220/221505 [10:39<06:17, 217.80it/s]
ROP:  63%|██████▎   | 139313/221505 [10:40<06:17, 217.62it/s]
ROP:  63%|██████▎   | 139323/221505 [10:40<06:17, 217.54it/s]
ROP:  63%|██████▎   | 139333/221505 [10:40<06:17, 217.51it/s]
ROP:  63%|██████▎   | 139357/221505 [10:40<06:17, 217.51it/s]
ROP:  63%|██████▎   | 139381/221505 [10:40<06:17, 217.51it/s]
ROP:  63%|██████▎   | 139409/221505 [10:40<06:17, 217.50it/s]
ROP:  63%|██████▎   | 139446/221505 [10:41<06:17, 217.51it/s]
ROP:  63%|██████▎   | 139483/221505 [10:41<06:17, 217.43it/s]
ROP:  63%|██████▎   | 139525/221505 [10:41<06:17, 217.43it/s]
ROP:  63%|██████▎   | 139567/221505 [10:42<06:17, 217.34it/s]
ROP:  63%|██████▎   | 139609/221505 [10:42<06:16, 217.37it/s]
ROP:  63%|██████▎   | 139651/221505 [10:42<06:16, 217.37it/s]
ROP:  63%|██████▎   | 139693/221505 [10:42<06:16, 217.36it/s]
ROP:  63%|██████▎   | 139735/221505 [10:42<06:16, 217.39it/s]
ROP:  63%|██████▎   | 139805/221505 [10:42<06:15, 217.45it/s]
ROP:  63%|██████▎   | 139875/221505 [10:43<06:15, 217.37it/s]
ROP:  63%|██████▎   | 139890/221505 [10:43<06:15, 217.36it/s]
ROP:  63%|██████▎   | 139905/221505 [10:43<06:15, 217.34it/s]
ROP:  63%|██████▎   | 139959/221505 [10:43<06:15, 217.36it/s]
ROP:  63%|██████▎   | 140013/221505 [10:44<06:15, 217.28it/s]
ROP:  63%|██████▎   | 140067/221505 [10:44<06:14, 217.25it/s]
ROP:  63%|██████▎   | 140121/221505 [10:45<06:14, 217.15it/s]
ROP:  63%|██████▎   | 140192/221505 [10:45<06:14, 217.21it/s]
ROP:  63%|██████▎   | 140263/221505 [10:45<06:13, 217.24it/s]
ROP:  63%|██████▎   | 140355/221505 [10:45<06:13, 217.34it/s]
ROP:  63%|██████▎   | 140504/221505 [10:45<06:12, 217.52it/s]
ROP:  63%|██████▎   | 140653/221505 [10:46<06:11, 217.70it/s]
ROP:  64%|██████▎   | 140802/221505 [10:46<06:10, 217.82it/s]
ROP:  64%|██████▎   | 140951/221505 [10:47<06:09, 217.79it/s]
ROP:  64%|██████▎   | 140971/221505 [10:47<06:09, 217.78it/s]
ROP:  64%|██████▎   | 141097/221505 [10:47<06:08, 217.93it/s]
ROP:  64%|██████▍   | 141223/221505 [10:47<06:08, 218.08it/s]
ROP:  64%|██████▍   | 141349/221505 [10:48<06:07, 218.08it/s]
ROP:  64%|██████▍   | 141383/221505 [10:48<06:07, 218.09it/s]
ROP:  64%|██████▍   | 141417/221505 [10:48<06:07, 218.04it/s]
ROP:  64%|██████▍   | 141451/221505 [10:48<06:07, 218.04it/s]
ROP:  64%|██████▍   | 141547/221505 [10:48<06:06, 218.15it/s]
ROP:  64%|██████▍   | 141643/221505 [10:49<06:05, 218.22it/s]
ROP:  64%|██████▍   | 141739/221505 [10:49<06:05, 218.13it/s]
ROP:  64%|██████▍   | 141770/221505 [10:49<06:05, 218.13it/s]
ROP:  64%|██████▍   | 141801/221505 [10:50<06:05, 218.10it/s]
ROP:  64%|██████▍   | 141832/221505 [10:50<06:05, 218.05it/s]
ROP:  64%|██████▍   | 141863/221505 [10:50<06:05, 218.02it/s]
ROP:  64%|██████▍   | 141959/221505 [10:50<06:04, 218.12it/s]
ROP:  64%|██████▍   | 142055/221505 [10:51<06:04, 218.10it/s]
ROP:  64%|██████▍   | 142151/221505 [10:51<06:03, 218.19it/s]
ROP:  64%|██████▍   | 142247/221505 [10:51<06:03, 218.24it/s]
ROP:  64%|██████▍   | 142343/221505 [10:52<06:02, 218.15it/s]
ROP:  64%|██████▍   | 142374/221505 [10:52<06:02, 218.15it/s]
ROP:  64%|██████▍   | 142405/221505 [10:52<06:02, 218.08it/s]
ROP:  64%|██████▍   | 142650/221505 [10:53<06:01, 218.42it/s]
ROP:  65%|██████▍   | 142895/221505 [10:54<05:59, 218.44it/s]
ROP:  65%|██████▍   | 142919/221505 [10:54<05:59, 218.44it/s]
ROP:  65%|██████▍   | 142985/221505 [10:54<05:59, 218.49it/s]
ROP:  65%|██████▍   | 143051/221505 [10:55<05:59, 218.24it/s]
ROP:  65%|██████▍   | 143069/221505 [10:55<05:59, 218.23it/s]
ROP:  65%|██████▍   | 143087/221505 [10:55<05:59, 218.17it/s]
ROP:  65%|██████▍   | 143111/221505 [10:55<05:59, 218.17it/s]
ROP:  65%|██████▍   | 143139/221505 [10:56<05:59, 218.17it/s]
ROP:  65%|██████▍   | 143167/221505 [10:56<05:59, 218.13it/s]
ROP:  65%|██████▍   | 143209/221505 [10:56<05:58, 218.13it/s]
ROP:  65%|██████▍   | 143251/221505 [10:56<05:58, 218.16it/s]
ROP:  65%|██████▍   | 143293/221505 [10:56<05:58, 218.13it/s]
ROP:  65%|██████▍   | 143335/221505 [10:57<05:58, 218.16it/s]
ROP:  65%|██████▍   | 143435/221505 [10:57<05:57, 218.23it/s]
ROP:  65%|██████▍   | 143535/221505 [10:58<05:57, 217.89it/s]
ROP:  65%|██████▍   | 143568/221505 [10:58<05:57, 217.89it/s]
ROP:  65%|██████▍   | 143601/221505 [10:59<05:57, 217.81it/s]
ROP:  65%|██████▍   | 143634/221505 [10:59<05:57, 217.77it/s]
ROP:  65%|██████▍   | 143834/221505 [10:59<05:56, 218.03it/s]
ROP:  65%|██████▍   | 143834/221505 [11:00<05:56, 217.85it/s]
ROP:  65%|██████▍   | 143962/221505 [11:00<05:55, 218.03it/s]
ROP:  65%|██████▌   | 144004/221505 [11:00<05:55, 218.06it/s]
ROP:  65%|██████▌   | 144056/221505 [11:00<05:55, 218.09it/s]
ROP:  65%|██████▌   | 144108/221505 [11:00<05:54, 218.07it/s]
ROP:  65%|██████▌   | 144160/221505 [11:00<05:54, 218.11it/s]
ROP:  65%|██████▌   | 144212/221505 [11:01<05:54, 218.11it/s]
ROP:  65%|██████▌   | 144402/221505 [11:01<05:53, 218.37it/s]
ROP:  65%|██████▌   | 144592/221505 [11:02<05:52, 218.26it/s]
ROP:  65%|██████▌   | 144609/221505 [11:02<05:52, 218.24it/s]
ROP:  65%|██████▌   | 144627/221505 [11:02<05:52, 218.22it/s]
ROP:  65%|██████▌   | 144645/221505 [11:02<05:52, 218.19it/s]
ROP:  65%|██████▌   | 144738/221505 [11:03<05:51, 218.29it/s]
ROP:  65%|██████▌   | 144831/221505 [11:03<05:51, 218.37it/s]
ROP:  65%|██████▌   | 144924/221505 [11:03<05:50, 218.36it/s]
ROP:  65%|██████▌   | 145017/221505 [11:04<05:50, 218.37it/s]
ROP:  66%|██████▌   | 145110/221505 [11:04<05:50, 218.25it/s]
ROP:  66%|██████▌   | 145304/221505 [11:04<05:48, 218.51it/s]
ROP:  66%|██████▌   | 145498/221505 [11:05<05:47, 218.59it/s]
ROP:  66%|██████▌   | 145545/221505 [11:05<05:47, 218.61it/s]
ROP:  66%|██████▌   | 145592/221505 [11:05<05:47, 218.65it/s]
ROP:  66%|██████▌   | 145639/221505 [11:06<05:47, 218.62it/s]
ROP:  66%|██████▌   | 145686/221505 [11:06<05:46, 218.59it/s]
ROP:  66%|██████▌   | 145733/221505 [11:06<05:46, 218.62it/s]
ROP:  66%|██████▌   | 145780/221505 [11:07<05:46, 218.55it/s]
ROP:  66%|██████▌   | 145827/221505 [11:07<05:46, 218.52it/s]
ROP:  66%|██████▌   | 145986/221505 [11:07<05:45, 218.72it/s]
ROP:  66%|██████▌   | 146145/221505 [11:08<05:44, 218.52it/s]
ROP:  66%|██████▌   | 146167/221505 [11:08<05:44, 218.51it/s]
ROP:  66%|██████▌   | 146189/221505 [11:09<05:44, 218.49it/s]
ROP:  66%|██████▌   | 146211/221505 [11:09<05:44, 218.45it/s]
ROP:  66%|██████▌   | 146428/221505 [11:09<05:43, 218.73it/s]
ROP:  66%|██████▌   | 146428/221505 [11:10<05:43, 218.47it/s]
ROP:  66%|██████▌   | 146499/221505 [11:10<05:43, 218.56it/s]
ROP:  66%|██████▌   | 146530/221505 [11:10<05:43, 218.57it/s]
ROP:  66%|██████▌   | 146574/221505 [11:10<05:42, 218.60it/s]
ROP:  66%|██████▌   | 146618/221505 [11:10<05:42, 218.55it/s]
ROP:  66%|██████▌   | 146662/221505 [11:11<05:42, 218.57it/s]
ROP:  66%|██████▌   | 146706/221505 [11:11<05:42, 218.54it/s]
ROP:  66%|██████▋   | 146750/221505 [11:11<05:42, 218.38it/s]
ROP:  66%|██████▋   | 146757/221505 [11:12<05:42, 218.32it/s]
ROP:  66%|██████▋   | 146766/221505 [11:12<05:42, 218.30it/s]
ROP:  66%|██████▋   | 146809/221505 [11:12<05:42, 218.33it/s]
ROP:  66%|██████▋   | 146852/221505 [11:12<05:41, 218.32it/s]
ROP:  66%|██████▋   | 146908/221505 [11:12<05:41, 218.36it/s]
ROP:  66%|██████▋   | 147023/221505 [11:12<05:40, 218.50it/s]
ROP:  66%|██████▋   | 147138/221505 [11:13<05:40, 218.56it/s]
ROP:  66%|██████▋   | 147253/221505 [11:13<05:39, 218.66it/s]
ROP:  67%|██████▋   | 147368/221505 [11:14<05:39, 218.49it/s]
ROP:  67%|██████▋   | 147379/221505 [11:14<05:39, 218.45it/s]
ROP:  67%|██████▋   | 147390/221505 [11:14<05:39, 218.39it/s]
ROP:  67%|██████▋   | 147465/221505 [11:15<05:38, 218.46it/s]
ROP:  67%|██████▋   | 147540/221505 [11:15<05:38, 218.50it/s]
ROP:  67%|██████▋   | 147652/221505 [11:15<05:37, 218.62it/s]
ROP:  67%|██████▋   | 147764/221505 [11:15<05:37, 218.66it/s]
ROP:  67%|██████▋   | 147876/221505 [11:16<05:36, 218.66it/s]
ROP:  67%|██████▋   | 147944/221505 [11:16<05:36, 218.71it/s]
ROP:  67%|██████▋   | 148012/221505 [11:16<05:36, 218.70it/s]
ROP:  67%|██████▋   | 148098/221505 [11:16<05:35, 218.79it/s]
ROP:  67%|██████▋   | 148184/221505 [11:17<05:35, 218.76it/s]
ROP:  67%|██████▋   | 148270/221505 [11:17<05:34, 218.76it/s]
ROP:  67%|██████▋   | 148362/221505 [11:17<05:34, 218.86it/s]
ROP:  67%|██████▋   | 148454/221505 [11:18<05:33, 218.83it/s]
ROP:  67%|██████▋   | 148666/221505 [11:18<05:32, 219.11it/s]
ROP:  67%|██████▋   | 149045/221505 [11:18<05:29, 219.60it/s]
ROP:  67%|██████▋   | 149424/221505 [11:19<05:28, 219.74it/s]
ROP:  67%|██████▋   | 149454/221505 [11:20<05:27, 219.68it/s]
ROP:  67%|██████▋   | 149484/221505 [11:20<05:27, 219.68it/s]
ROP:  68%|██████▊   | 149596/221505 [11:20<05:27, 219.81it/s]
ROP:  68%|██████▊   | 149759/221505 [11:20<05:26, 220.02it/s]
ROP:  68%|██████▊   | 149922/221505 [11:21<05:25, 220.14it/s]
ROP:  68%|██████▊   | 150085/221505 [11:21<05:24, 220.18it/s]
ROP:  68%|██████▊   | 150112/221505 [11:21<05:24, 220.16it/s]
ROP:  68%|██████▊   | 150139/221505 [11:22<05:24, 220.01it/s]
ROP:  68%|██████▊   | 150152/221505 [11:22<05:24, 219.98it/s]
ROP:  68%|██████▊   | 150185/221505 [11:22<05:24, 220.00it/s]
ROP:  68%|██████▊   | 150218/221505 [11:22<05:24, 220.00it/s]
ROP:  68%|██████▊   | 150259/221505 [11:22<05:23, 220.01it/s]
ROP:  68%|██████▊   | 150300/221505 [11:23<05:23, 220.01it/s]
ROP:  68%|██████▊   | 150357/221505 [11:23<05:23, 220.04it/s]
ROP:  68%|██████▊   | 150418/221505 [11:23<05:22, 220.09it/s]
ROP:  68%|██████▊   | 150479/221505 [11:23<05:22, 220.03it/s]
ROP:  68%|██████▊   | 150561/221505 [11:24<05:22, 220.12it/s]
ROP:  68%|██████▊   | 150643/221505 [11:24<05:21, 220.11it/s]
ROP:  68%|██████▊   | 150725/221505 [11:24<05:21, 220.13it/s]
ROP:  68%|██████▊   | 150807/221505 [11:25<05:21, 220.12it/s]
ROP:  68%|██████▊   | 150889/221505 [11:26<05:21, 219.88it/s]
ROP:  68%|██████▊   | 150945/221505 [11:26<05:20, 219.91it/s]
ROP:  68%|██████▊   | 151001/221505 [11:27<05:20, 219.79it/s]
ROP:  68%|██████▊   | 151053/221505 [11:27<05:20, 219.83it/s]
ROP:  68%|██████▊   | 151105/221505 [11:27<05:20, 219.87it/s]
ROP:  68%|██████▊   | 151166/221505 [11:27<05:19, 219.86it/s]
ROP:  68%|██████▊   | 151227/221505 [11:27<05:19, 219.83it/s]
ROP:  68%|██████▊   | 151288/221505 [11:28<05:19, 219.76it/s]
ROP:  68%|██████▊   | 151349/221505 [11:28<05:19, 219.74it/s]
ROP:  68%|██████▊   | 151410/221505 [11:29<05:19, 219.67it/s]
ROP:  68%|██████▊   | 151437/221505 [11:29<05:18, 219.66it/s]
ROP:  68%|██████▊   | 151465/221505 [11:29<05:18, 219.67it/s]
ROP:  68%|██████▊   | 151493/221505 [11:29<05:18, 219.68it/s]
ROP:  68%|██████▊   | 151549/221505 [11:29<05:18, 219.73it/s]
ROP:  68%|██████▊   | 151549/221505 [11:30<05:18, 219.55it/s]
ROP:  68%|██████▊   | 151577/221505 [11:30<05:18, 219.59it/s]
ROP:  68%|██████▊   | 151592/221505 [11:30<05:18, 219.57it/s]
ROP:  68%|██████▊   | 151634/221505 [11:30<05:18, 219.60it/s]
ROP:  68%|██████▊   | 151678/221505 [11:30<05:17, 219.63it/s]
ROP:  68%|██████▊   | 151722/221505 [11:30<05:17, 219.60it/s]
ROP:  69%|██████▊   | 151766/221505 [11:31<05:17, 219.61it/s]
ROP:  69%|██████▊   | 151813/221505 [11:31<05:17, 219.63it/s]
ROP:  69%|██████▊   | 151860/221505 [11:31<05:17, 219.58it/s]
ROP:  69%|██████▊   | 151907/221505 [11:31<05:16, 219.58it/s]
ROP:  69%|██████▊   | 151954/221505 [11:32<05:16, 219.49it/s]
ROP:  69%|██████▊   | 152001/221505 [11:32<05:16, 219.37it/s]
ROP:  69%|██████▊   | 152027/221505 [11:33<05:16, 219.37it/s]
ROP:  69%|██████▊   | 152072/221505 [11:33<05:16, 219.40it/s]
ROP:  69%|██████▊   | 152117/221505 [11:33<05:16, 219.37it/s]
ROP:  69%|██████▊   | 152162/221505 [11:33<05:16, 219.33it/s]
ROP:  69%|██████▊   | 152207/221505 [11:34<05:16, 219.29it/s]
ROP:  69%|██████▊   | 152252/221505 [11:34<05:15, 219.29it/s]
ROP:  69%|██████▉   | 152297/221505 [11:34<05:15, 219.25it/s]
ROP:  69%|██████▉   | 152342/221505 [11:34<05:15, 219.25it/s]
ROP:  69%|██████▉   | 152419/221505 [11:34<05:15, 219.31it/s]
ROP:  69%|██████▉   | 152496/221505 [11:35<05:14, 219.36it/s]
ROP:  69%|██████▉   | 152642/221505 [11:35<05:13, 219.53it/s]
ROP:  69%|██████▉   | 152788/221505 [11:35<05:12, 219.69it/s]
ROP:  69%|██████▉   | 152934/221505 [11:35<05:11, 219.86it/s]
ROP:  69%|██████▉   | 153102/221505 [11:35<05:10, 219.98it/s]
ROP:  69%|██████▉   | 153270/221505 [11:37<05:10, 219.89it/s]
ROP:  69%|██████▉   | 153561/221505 [11:37<05:08, 220.27it/s]
ROP:  69%|██████▉   | 153852/221505 [11:38<05:06, 220.39it/s]
ROP:  69%|██████▉   | 153884/221505 [11:38<05:06, 220.39it/s]
ROP:  69%|██████▉   | 153916/221505 [11:38<05:06, 220.38it/s]
ROP:  70%|██████▉   | 153987/221505 [11:38<05:06, 220.42it/s]
ROP:  70%|██████▉   | 154058/221505 [11:38<05:05, 220.48it/s]
ROP:  70%|██████▉   | 154129/221505 [11:39<05:05, 220.44it/s]
ROP:  70%|██████▉   | 154200/221505 [11:39<05:05, 220.38it/s]
ROP:  70%|██████▉   | 154278/221505 [11:39<05:04, 220.46it/s]
ROP:  70%|██████▉   | 154356/221505 [11:40<05:04, 220.26it/s]
ROP:  70%|██████▉   | 154378/221505 [11:40<05:04, 220.25it/s]
ROP:  70%|██████▉   | 154400/221505 [11:41<05:04, 220.22it/s]
ROP:  70%|██████▉   | 154461/221505 [11:41<05:04, 220.25it/s]
ROP:  70%|██████▉   | 154522/221505 [11:42<05:04, 220.08it/s]
ROP:  70%|██████▉   | 154531/221505 [11:42<05:04, 220.06it/s]
ROP:  70%|██████▉   | 154540/221505 [11:42<05:04, 219.94it/s]
ROP:  70%|██████▉   | 154694/221505 [11:42<05:03, 220.13it/s]
ROP:  70%|██████▉   | 154848/221505 [11:43<05:02, 220.23it/s]
ROP:  70%|██████▉   | 155002/221505 [11:43<05:01, 220.33it/s]
ROP:  70%|███████   | 155156/221505 [11:44<05:01, 220.33it/s]
ROP:  70%|███████   | 155204/221505 [11:44<05:00, 220.35it/s]
ROP:  70%|███████   | 155252/221505 [11:44<05:00, 220.33it/s]
ROP:  70%|███████   | 155300/221505 [11:44<05:00, 220.36it/s]
ROP:  70%|███████   | 155441/221505 [11:44<04:59, 220.52it/s]
ROP:  70%|███████   | 155582/221505 [11:45<04:58, 220.53it/s]
ROP:  70%|███████   | 155708/221505 [11:45<04:58, 220.67it/s]
ROP:  70%|███████   | 155834/221505 [11:46<04:57, 220.64it/s]
ROP:  70%|███████   | 155853/221505 [11:46<04:57, 220.61it/s]
ROP:  70%|███████   | 155894/221505 [11:46<04:57, 220.63it/s]
ROP:  70%|███████   | 155935/221505 [11:46<04:57, 220.57it/s]
ROP:  70%|███████   | 156070/221505 [11:47<04:56, 220.73it/s]
ROP:  71%|███████   | 156205/221505 [11:47<04:55, 220.71it/s]
ROP:  71%|███████   | 156226/221505 [11:47<04:55, 220.71it/s]
ROP:  71%|███████   | 156247/221505 [11:48<04:55, 220.69it/s]
ROP:  71%|███████   | 156340/221505 [11:48<04:55, 220.78it/s]
ROP:  71%|███████   | 156433/221505 [11:49<04:55, 220.52it/s]
ROP:  71%|███████   | 156441/221505 [11:49<04:55, 220.37it/s]
ROP:  71%|███████   | 156472/221505 [11:50<04:55, 220.38it/s]
ROP:  71%|███████   | 156537/221505 [11:50<04:54, 220.44it/s]
ROP:  71%|███████   | 156631/221505 [11:50<04:54, 220.54it/s]
ROP:  71%|███████   | 156725/221505 [11:50<04:53, 220.58it/s]
ROP:  71%|███████   | 156819/221505 [11:50<04:53, 220.61it/s]
ROP:  71%|███████   | 156913/221505 [11:51<04:52, 220.52it/s]
ROP:  71%|███████   | 156970/221505 [11:51<04:52, 220.56it/s]
ROP:  71%|███████   | 157027/221505 [11:51<04:52, 220.61it/s]
ROP:  71%|███████   | 157109/221505 [11:51<04:51, 220.69it/s]
ROP:  71%|███████   | 157191/221505 [11:52<04:51, 220.72it/s]
ROP:  71%|███████   | 157273/221505 [11:52<04:50, 220.77it/s]
ROP:  71%|███████   | 157355/221505 [11:52<04:50, 220.74it/s]
ROP:  71%|███████   | 157437/221505 [11:53<04:50, 220.75it/s]
ROP:  71%|███████   | 157528/221505 [11:53<04:49, 220.84it/s]
ROP:  71%|███████   | 157619/221505 [11:53<04:49, 220.92it/s]
ROP:  71%|███████   | 157710/221505 [11:53<04:48, 220.98it/s]
ROP:  71%|███████   | 157801/221505 [11:53<04:48, 221.07it/s]
ROP:  71%|███████▏  | 157892/221505 [11:53<04:47, 221.16it/s]
ROP:  71%|███████▏  | 157983/221505 [11:54<04:47, 221.23it/s]
ROP:  71%|███████▏  | 158074/221505 [11:54<04:46, 221.23it/s]
ROP:  71%|███████▏  | 158165/221505 [11:54<04:46, 221.26it/s]
ROP:  71%|███████▏  | 158256/221505 [11:56<04:46, 220.98it/s]
ROP:  71%|███████▏  | 158305/221505 [11:56<04:45, 221.01it/s]
ROP:  71%|███████▏  | 158354/221505 [11:57<04:45, 220.81it/s]
ROP:  72%|███████▏  | 158384/221505 [11:57<04:45, 220.81it/s]
ROP:  72%|███████▏  | 158440/221505 [11:57<04:45, 220.84it/s]
ROP:  72%|███████▏  | 158534/221505 [11:57<04:45, 220.92it/s]
ROP:  72%|███████▏  | 158628/221505 [11:58<04:44, 220.92it/s]
ROP:  72%|███████▏  | 158722/221505 [11:58<04:44, 221.01it/s]
ROP:  72%|███████▏  | 158816/221505 [11:58<04:43, 221.08it/s]
ROP:  72%|███████▏  | 158924/221505 [11:58<04:42, 221.20it/s]
ROP:  72%|███████▏  | 159098/221505 [11:58<04:41, 221.41it/s]
ROP:  72%|███████▏  | 159322/221505 [11:58<04:40, 221.68it/s]
ROP:  72%|███████▏  | 159546/221505 [11:58<04:39, 221.94it/s]
ROP:  72%|███████▏  | 159770/221505 [11:59<04:37, 222.20it/s]
ROP:  72%|███████▏  | 159994/221505 [11:59<04:36, 222.45it/s]
ROP:  72%|███████▏  | 160218/221505 [11:59<04:35, 222.63it/s]
ROP:  72%|███████▏  | 160218/221505 [12:00<04:35, 222.45it/s]
ROP:  72%|███████▏  | 160392/221505 [12:00<04:34, 222.67it/s]
ROP:  72%|███████▏  | 160490/221505 [12:00<04:33, 222.76it/s]
ROP:  72%|███████▏  | 160588/221505 [12:00<04:33, 222.82it/s]
ROP:  73%|███████▎  | 160686/221505 [12:01<04:32, 222.80it/s]
ROP:  73%|███████▎  | 160784/221505 [12:01<04:32, 222.87it/s]
ROP:  73%|███████▎  | 160883/221505 [12:01<04:31, 222.96it/s]
ROP:  73%|███████▎  | 160982/221505 [12:02<04:31, 222.91it/s]
ROP:  73%|███████▎  | 161000/221505 [12:02<04:31, 222.91it/s]
ROP:  73%|███████▎  | 161037/221505 [12:02<04:31, 222.92it/s]
ROP:  73%|███████▎  | 161074/221505 [12:02<04:31, 222.94it/s]
ROP:  73%|███████▎  | 161168/221505 [12:02<04:30, 223.03it/s]
ROP:  73%|███████▎  | 161262/221505 [12:02<04:30, 223.07it/s]
ROP:  73%|███████▎  | 161356/221505 [12:03<04:29, 223.06it/s]
ROP:  73%|███████▎  | 161450/221505 [12:03<04:29, 223.07it/s]
ROP:  73%|███████▎  | 161544/221505 [12:04<04:28, 223.05it/s]
ROP:  73%|███████▎  | 161638/221505 [12:04<04:28, 223.09it/s]
ROP:  73%|███████▎  | 161732/221505 [12:04<04:27, 223.17it/s]
ROP:  73%|███████▎  | 161885/221505 [12:04<04:26, 223.35it/s]
ROP:  73%|███████▎  | 162038/221505 [12:05<04:26, 223.36it/s]
ROP:  73%|███████▎  | 162122/221505 [12:05<04:25, 223.43it/s]
ROP:  73%|███████▎  | 162206/221505 [12:06<04:25, 223.42it/s]
ROP:  73%|███████▎  | 162290/221505 [12:06<04:25, 223.35it/s]
ROP:  73%|███████▎  | 162412/221505 [12:06<04:24, 223.48it/s]
ROP:  73%|███████▎  | 162534/221505 [12:07<04:23, 223.46it/s]
ROP:  73%|███████▎  | 162555/221505 [12:07<04:23, 223.44it/s]
ROP:  73%|███████▎  | 162576/221505 [12:07<04:23, 223.37it/s]
ROP:  73%|███████▎  | 162664/221505 [12:07<04:23, 223.45it/s]
ROP:  73%|███████▎  | 162752/221505 [12:08<04:22, 223.43it/s]
ROP:  74%|███████▎  | 162840/221505 [12:08<04:22, 223.39it/s]
ROP:  74%|███████▎  | 162985/221505 [12:09<04:21, 223.53it/s]
ROP:  74%|███████▎  | 162985/221505 [12:10<04:22, 223.19it/s]
ROP:  74%|███████▎  | 163090/221505 [12:10<04:21, 223.33it/s]
ROP:  74%|███████▎  | 163100/221505 [12:10<04:21, 223.31it/s]
ROP:  74%|███████▎  | 163116/221505 [12:10<04:21, 223.30it/s]
ROP:  74%|███████▎  | 163139/221505 [12:10<04:21, 223.29it/s]
ROP:  74%|███████▎  | 163162/221505 [12:10<04:21, 223.27it/s]
ROP:  74%|███████▎  | 163185/221505 [12:11<04:21, 223.19it/s]
ROP:  74%|███████▎  | 163208/221505 [12:11<04:21, 223.19it/s]
ROP:  74%|███████▎  | 163231/221505 [12:11<04:21, 223.08it/s]
ROP:  74%|███████▎  | 163254/221505 [12:11<04:21, 223.04it/s]
ROP:  74%|███████▎  | 163277/221505 [12:12<04:21, 223.03it/s]
ROP:  74%|███████▎  | 163300/221505 [12:12<04:21, 222.96it/s]
ROP:  74%|███████▎  | 163348/221505 [12:12<04:20, 222.99it/s]
ROP:  74%|███████▍  | 163396/221505 [12:13<04:20, 222.83it/s]
ROP:  74%|███████▍  | 163403/221505 [12:13<04:20, 222.80it/s]
ROP:  74%|███████▍  | 163427/221505 [12:13<04:20, 222.77it/s]
ROP:  74%|███████▍  | 163451/221505 [12:13<04:20, 222.77it/s]
ROP:  74%|███████▍  | 163475/221505 [12:14<04:20, 222.67it/s]
ROP:  74%|███████▍  | 163499/221505 [12:14<04:20, 222.63it/s]
ROP:  74%|███████▍  | 163523/221505 [12:14<04:20, 222.57it/s]
ROP:  74%|███████▍  | 163570/221505 [12:14<04:20, 222.59it/s]
ROP:  74%|███████▍  | 163617/221505 [12:15<04:20, 222.58it/s]
ROP:  74%|███████▍  | 163682/221505 [12:15<04:19, 222.63it/s]
ROP:  74%|███████▍  | 163747/221505 [12:15<04:19, 222.68it/s]
ROP:  74%|███████▍  | 163812/221505 [12:16<04:19, 222.57it/s]
ROP:  74%|███████▍  | 163857/221505 [12:16<04:18, 222.60it/s]
ROP:  74%|███████▍  | 163915/221505 [12:16<04:18, 222.64it/s]
ROP:  74%|███████▍  | 163973/221505 [12:16<04:18, 222.62it/s]
ROP:  74%|███████▍  | 164031/221505 [12:16<04:18, 222.64it/s]
ROP:  74%|███████▍  | 164089/221505 [12:16<04:17, 222.68it/s]
ROP:  74%|███████▍  | 164147/221505 [12:17<04:17, 222.66it/s]
ROP:  74%|███████▍  | 164205/221505 [12:17<04:17, 222.66it/s]
ROP:  74%|███████▍  | 164263/221505 [12:17<04:17, 222.71it/s]
ROP:  74%|███████▍  | 164321/221505 [12:18<04:16, 222.54it/s]
ROP:  74%|███████▍  | 164328/221505 [12:18<04:16, 222.50it/s]
ROP:  74%|███████▍  | 164335/221505 [12:18<04:17, 222.45it/s]
ROP:  74%|███████▍  | 164397/221505 [12:18<04:16, 222.47it/s]
ROP:  74%|███████▍  | 164459/221505 [12:19<04:16, 222.51it/s]
ROP:  74%|███████▍  | 164521/221505 [12:19<04:16, 222.44it/s]
ROP:  74%|███████▍  | 164548/221505 [12:19<04:16, 222.45it/s]
ROP:  74%|███████▍  | 164609/221505 [12:19<04:15, 222.47it/s]
ROP:  74%|███████▍  | 164670/221505 [12:20<04:15, 222.50it/s]
ROP:  74%|███████▍  | 164731/221505 [12:20<04:15, 222.34it/s]
ROP:  74%|███████▍  | 164804/221505 [12:20<04:14, 222.41it/s]
ROP:  74%|███████▍  | 164877/221505 [12:21<04:14, 222.38it/s]
ROP:  74%|███████▍  | 164996/221505 [12:21<04:13, 222.51it/s]
ROP:  75%|███████▍  | 165115/221505 [12:21<04:13, 222.60it/s]
ROP:  75%|███████▍  | 165234/221505 [12:22<04:12, 222.56it/s]
ROP:  75%|███████▍  | 165252/221505 [12:22<04:12, 222.53it/s]
ROP:  75%|███████▍  | 165429/221505 [12:22<04:11, 222.74it/s]
ROP:  75%|███████▍  | 165606/221505 [12:23<04:10, 222.74it/s]
ROP:  75%|███████▍  | 165650/221505 [12:23<04:10, 222.75it/s]
ROP:  75%|███████▍  | 165694/221505 [12:23<04:10, 222.77it/s]
ROP:  75%|███████▍  | 165738/221505 [12:24<04:10, 222.76it/s]
ROP:  75%|███████▍  | 165813/221505 [12:24<04:09, 222.83it/s]
ROP:  75%|███████▍  | 165922/221505 [12:24<04:09, 222.94it/s]
ROP:  75%|███████▍  | 166031/221505 [12:24<04:08, 222.89it/s]
ROP:  75%|███████▍  | 166050/221505 [12:25<04:08, 222.86it/s]
ROP:  75%|███████▍  | 166084/221505 [12:25<04:08, 222.87it/s]
ROP:  75%|███████▍  | 166127/221505 [12:25<04:08, 222.89it/s]
ROP:  75%|███████▌  | 166230/221505 [12:25<04:07, 222.99it/s]
ROP:  75%|███████▌  | 166333/221505 [12:26<04:07, 222.89it/s]
ROP:  75%|███████▌  | 166346/221505 [12:26<04:07, 222.82it/s]
ROP:  75%|███████▌  | 166359/221505 [12:26<04:07, 222.76it/s]
ROP:  75%|███████▌  | 166374/221505 [12:26<04:07, 222.73it/s]
ROP:  75%|███████▌  | 166403/221505 [12:27<04:07, 222.73it/s]
ROP:  75%|███████▌  | 166432/221505 [12:27<04:07, 222.73it/s]
ROP:  75%|███████▌  | 166472/221505 [12:27<04:07, 222.75it/s]
ROP:  75%|███████▌  | 166512/221505 [12:27<04:06, 222.71it/s]
ROP:  75%|███████▌  | 166564/221505 [12:27<04:06, 222.73it/s]
ROP:  75%|███████▌  | 166616/221505 [12:28<04:06, 222.72it/s]
ROP:  75%|███████▌  | 166668/221505 [12:28<04:06, 222.75it/s]
ROP:  75%|███████▌  | 166720/221505 [12:28<04:06, 222.68it/s]
ROP:  75%|███████▌  | 166772/221505 [12:28<04:05, 222.72it/s]
ROP:  75%|███████▌  | 166824/221505 [12:29<04:05, 222.65it/s]
ROP:  75%|███████▌  | 166876/221505 [12:29<04:05, 222.58it/s]
ROP:  75%|███████▌  | 166928/221505 [12:29<04:05, 222.60it/s]
ROP:  75%|███████▌  | 166980/221505 [12:30<04:04, 222.62it/s]
ROP:  75%|███████▌  | 167102/221505 [12:30<04:04, 222.75it/s]
ROP:  75%|███████▌  | 167224/221505 [12:30<04:03, 222.77it/s]
ROP:  76%|███████▌  | 167346/221505 [12:30<04:02, 222.90it/s]
ROP:  76%|███████▌  | 167468/221505 [12:31<04:02, 222.92it/s]
ROP:  76%|███████▌  | 167590/221505 [12:31<04:01, 223.02it/s]
ROP:  76%|███████▌  | 167712/221505 [12:31<04:01, 223.10it/s]
ROP:  76%|███████▌  | 167834/221505 [12:31<04:00, 223.19it/s]
ROP:  76%|███████▌  | 167956/221505 [12:32<03:59, 223.32it/s]
ROP:  76%|███████▌  | 168078/221505 [12:32<03:59, 223.42it/s]
ROP:  76%|███████▌  | 168218/221505 [12:32<03:58, 223.58it/s]
ROP:  76%|███████▌  | 168358/221505 [12:33<03:57, 223.39it/s]
ROP:  76%|███████▌  | 168370/221505 [12:33<03:57, 223.35it/s]
ROP:  76%|███████▌  | 168453/221505 [12:33<03:57, 223.43it/s]
ROP:  76%|███████▌  | 168536/221505 [12:34<03:57, 223.40it/s]
ROP:  76%|███████▌  | 168619/221505 [12:34<03:56, 223.47it/s]
ROP:  76%|███████▌  | 168702/221505 [12:34<03:56, 223.52it/s]
ROP:  76%|███████▌  | 168816/221505 [12:34<03:55, 223.62it/s]
ROP:  76%|███████▋  | 168930/221505 [12:35<03:55, 223.59it/s]
ROP:  76%|███████▋  | 168976/221505 [12:35<03:54, 223.62it/s]
ROP:  76%|███████▋  | 169024/221505 [12:35<03:54, 223.63it/s]
ROP:  76%|███████▋  | 169072/221505 [12:35<03:54, 223.64it/s]
ROP:  76%|███████▋  | 169120/221505 [12:36<03:54, 223.67it/s]
ROP:  76%|███████▋  | 169168/221505 [12:36<03:53, 223.69it/s]
ROP:  76%|███████▋  | 169269/221505 [12:36<03:53, 223.80it/s]
ROP:  76%|███████▋  | 169370/221505 [12:36<03:52, 223.80it/s]
ROP:  77%|███████▋  | 169471/221505 [12:37<03:52, 223.74it/s]
ROP:  77%|███████▋  | 169501/221505 [12:37<03:52, 223.75it/s]
ROP:  77%|███████▋  | 169581/221505 [12:37<03:52, 223.72it/s]
ROP:  77%|███████▋  | 169661/221505 [12:38<03:51, 223.69it/s]
ROP:  77%|███████▋  | 169741/221505 [12:38<03:51, 223.73it/s]
ROP:  77%|███████▋  | 169821/221505 [12:38<03:50, 223.77it/s]
ROP:  77%|███████▋  | 169901/221505 [12:39<03:50, 223.81it/s]
ROP:  77%|███████▋  | 169981/221505 [12:39<03:50, 223.85it/s]
ROP:  77%|███████▋  | 170064/221505 [12:39<03:49, 223.93it/s]
ROP:  77%|███████▋  | 170147/221505 [12:39<03:49, 224.00it/s]
ROP:  77%|███████▋  | 170230/221505 [12:40<03:48, 223.93it/s]
ROP:  77%|███████▋  | 170245/221505 [12:40<03:48, 223.89it/s]
ROP:  77%|███████▋  | 170260/221505 [12:40<03:48, 223.82it/s]
ROP:  77%|███████▋  | 170304/221505 [12:40<03:48, 223.83it/s]
ROP:  77%|███████▋  | 170348/221505 [12:41<03:48, 223.61it/s]
ROP:  77%|███████▋  | 170353/221505 [12:42<03:48, 223.54it/s]
ROP:  77%|███████▋  | 170416/221505 [12:42<03:48, 223.58it/s]
ROP:  77%|███████▋  | 170485/221505 [12:42<03:48, 223.64it/s]
ROP:  77%|███████▋  | 170554/221505 [12:42<03:47, 223.66it/s]
ROP:  77%|███████▋  | 170623/221505 [12:42<03:47, 223.65it/s]
ROP:  77%|███████▋  | 170692/221505 [12:43<03:47, 223.63it/s]
ROP:  77%|███████▋  | 170761/221505 [12:43<03:46, 223.67it/s]
ROP:  77%|███████▋  | 170830/221505 [12:44<03:46, 223.51it/s]
ROP:  77%|███████▋  | 170839/221505 [12:44<03:46, 223.48it/s]
ROP:  77%|███████▋  | 170863/221505 [12:44<03:46, 223.48it/s]
ROP:  77%|███████▋  | 170919/221505 [12:44<03:46, 223.50it/s]
ROP:  77%|███████▋  | 171059/221505 [12:44<03:45, 223.64it/s]
ROP:  77%|███████▋  | 171199/221505 [12:45<03:44, 223.75it/s]
ROP:  77%|███████▋  | 171537/221505 [12:45<03:42, 224.17it/s]
ROP:  78%|███████▊  | 171875/221505 [12:46<03:41, 224.24it/s]
ROP:  78%|███████▊  | 171923/221505 [12:46<03:41, 224.27it/s]
ROP:  78%|███████▊  | 171971/221505 [12:47<03:41, 224.12it/s]
ROP:  78%|███████▊  | 171978/221505 [12:47<03:41, 224.08it/s]
ROP:  78%|███████▊  | 171992/221505 [12:47<03:40, 224.06it/s]
ROP:  78%|███████▊  | 172006/221505 [12:47<03:40, 223.99it/s]
ROP:  78%|███████▊  | 172048/221505 [12:48<03:40, 224.00it/s]
ROP:  78%|███████▊  | 172090/221505 [12:48<03:40, 224.00it/s]
ROP:  78%|███████▊  | 172141/221505 [12:48<03:40, 224.03it/s]
ROP:  78%|███████▊  | 172192/221505 [12:48<03:40, 224.05it/s]
ROP:  78%|███████▊  | 172265/221505 [12:48<03:39, 224.12it/s]
ROP:  78%|███████▊  | 172369/221505 [12:48<03:39, 224.22it/s]
ROP:  78%|███████▊  | 172473/221505 [12:49<03:38, 224.06it/s]
ROP:  78%|███████▊  | 172537/221505 [12:49<03:38, 224.11it/s]
ROP:  78%|███████▊  | 172601/221505 [12:50<03:38, 224.08it/s]
ROP:  78%|███████▊  | 172665/221505 [12:50<03:38, 224.03it/s]
ROP:  78%|███████▊  | 172747/221505 [12:50<03:37, 224.11it/s]
ROP:  78%|███████▊  | 172829/221505 [12:51<03:37, 224.08it/s]
ROP:  78%|███████▊  | 172911/221505 [12:51<03:36, 224.14it/s]
ROP:  78%|███████▊  | 173037/221505 [12:51<03:36, 224.27it/s]
ROP:  78%|███████▊  | 173163/221505 [12:52<03:35, 224.19it/s]
ROP:  78%|███████▊  | 173204/221505 [12:52<03:35, 224.21it/s]
ROP:  78%|███████▊  | 173457/221505 [12:52<03:34, 224.51it/s]
ROP:  78%|███████▊  | 173710/221505 [12:52<03:32, 224.81it/s]
ROP:  79%|███████▊  | 173963/221505 [12:53<03:31, 224.88it/s]
ROP:  79%|███████▊  | 174043/221505 [12:53<03:31, 224.93it/s]
ROP:  79%|███████▊  | 174123/221505 [12:53<03:30, 224.97it/s]
ROP:  79%|███████▊  | 174203/221505 [12:54<03:30, 225.02it/s]
ROP:  79%|███████▊  | 174434/221505 [12:54<03:28, 225.29it/s]
ROP:  79%|███████▉  | 174665/221505 [12:54<03:27, 225.48it/s]
ROP:  79%|███████▉  | 174896/221505 [12:55<03:26, 225.61it/s]
ROP:  79%|███████▉  | 175123/221505 [12:55<03:25, 225.86it/s]
ROP:  79%|███████▉  | 175350/221505 [12:56<03:24, 225.91it/s]
ROP:  79%|███████▉  | 175382/221505 [12:56<03:24, 225.92it/s]
ROP:  79%|███████▉  | 175414/221505 [12:56<03:24, 225.92it/s]
ROP:  79%|███████▉  | 175446/221505 [12:56<03:23, 225.87it/s]
ROP:  79%|███████▉  | 175478/221505 [12:56<03:23, 225.88it/s]
ROP:  79%|███████▉  | 175510/221505 [12:57<03:23, 225.87it/s]
ROP:  79%|███████▉  | 175565/221505 [12:57<03:23, 225.91it/s]
ROP:  79%|███████▉  | 175620/221505 [12:57<03:23, 225.94it/s]
ROP:  79%|███████▉  | 175971/221505 [12:57<03:21, 226.36it/s]
ROP:  80%|███████▉  | 176322/221505 [12:58<03:19, 226.46it/s]
ROP:  80%|███████▉  | 176361/221505 [12:58<03:19, 226.48it/s]
ROP:  80%|███████▉  | 176400/221505 [12:59<03:19, 226.32it/s]
ROP:  80%|███████▉  | 176457/221505 [12:59<03:19, 226.35it/s]
ROP:  80%|███████▉  | 176528/221505 [12:59<03:18, 226.41it/s]
ROP:  80%|███████▉  | 176599/221505 [13:00<03:18, 226.40it/s]
ROP:  80%|███████▉  | 176670/221505 [13:00<03:18, 226.40it/s]
ROP:  80%|███████▉  | 176741/221505 [13:00<03:17, 226.36it/s]
ROP:  80%|███████▉  | 176812/221505 [13:01<03:17, 226.34it/s]
ROP:  80%|███████▉  | 176883/221505 [13:01<03:17, 226.39it/s]
ROP:  80%|███████▉  | 176954/221505 [13:01<03:16, 226.42it/s]
ROP:  80%|███████▉  | 177096/221505 [13:01<03:16, 226.57it/s]
ROP:  80%|████████  | 177238/221505 [13:02<03:15, 226.55it/s]
ROP:  80%|████████  | 177259/221505 [13:02<03:15, 226.51it/s]
ROP:  80%|████████  | 177280/221505 [13:02<03:15, 226.48it/s]
ROP:  80%|████████  | 177301/221505 [13:03<03:15, 226.40it/s]
ROP:  80%|████████  | 177322/221505 [13:03<03:15, 226.31it/s]
ROP:  80%|████████  | 177343/221505 [13:03<03:15, 226.25it/s]
ROP:  80%|████████  | 177383/221505 [13:03<03:14, 226.27it/s]
ROP:  80%|████████  | 177425/221505 [13:04<03:14, 226.29it/s]
ROP:  80%|████████  | 177583/221505 [13:04<03:13, 226.46it/s]
ROP:  80%|████████  | 177741/221505 [13:04<03:13, 226.52it/s]
ROP:  80%|████████  | 177899/221505 [13:05<03:12, 226.38it/s]
ROP:  80%|████████  | 177937/221505 [13:05<03:12, 226.40it/s]
ROP:  80%|████████  | 178006/221505 [13:06<03:12, 226.45it/s]
ROP:  80%|████████  | 178075/221505 [13:06<03:11, 226.37it/s]
ROP:  80%|████████  | 178101/221505 [13:06<03:11, 226.36it/s]
ROP:  80%|████████  | 178127/221505 [13:07<03:11, 226.18it/s]
ROP:  80%|████████  | 178131/221505 [13:07<03:11, 226.15it/s]
ROP:  80%|████████  | 178191/221505 [13:07<03:11, 226.18it/s]
ROP:  80%|████████  | 178251/221505 [13:07<03:11, 226.22it/s]
ROP:  80%|████████  | 178311/221505 [13:08<03:11, 226.14it/s]
ROP:  81%|████████  | 178341/221505 [13:08<03:10, 226.15it/s]
ROP:  81%|████████  | 178376/221505 [13:08<03:10, 226.16it/s]
ROP:  81%|████████  | 178411/221505 [13:08<03:10, 226.15it/s]
ROP:  81%|████████  | 178448/221505 [13:08<03:10, 226.17it/s]
ROP:  81%|████████  | 178485/221505 [13:09<03:10, 226.09it/s]
ROP:  81%|████████  | 178522/221505 [13:09<03:10, 226.10it/s]
ROP:  81%|████████  | 178574/221505 [13:09<03:09, 226.14it/s]
ROP:  81%|████████  | 178637/221505 [13:09<03:09, 226.19it/s]
ROP:  81%|████████  | 178700/221505 [13:10<03:09, 226.19it/s]
ROP:  81%|████████  | 178763/221505 [13:10<03:08, 226.23it/s]
ROP:  81%|████████  | 178826/221505 [13:10<03:08, 226.14it/s]
ROP:  81%|████████  | 178852/221505 [13:10<03:08, 226.14it/s]
ROP:  81%|████████  | 178888/221505 [13:11<03:08, 226.15it/s]
ROP:  81%|████████  | 178924/221505 [13:11<03:08, 226.13it/s]
ROP:  81%|████████  | 178960/221505 [13:11<03:08, 226.14it/s]
ROP:  81%|████████  | 179020/221505 [13:11<03:07, 226.18it/s]
ROP:  81%|████████  | 179080/221505 [13:11<03:07, 226.20it/s]
ROP:  81%|████████  | 179229/221505 [13:11<03:06, 226.36it/s]
ROP:  81%|████████  | 179378/221505 [13:12<03:06, 226.46it/s]
ROP:  81%|████████  | 179527/221505 [13:12<03:05, 226.54it/s]
ROP:  81%|████████  | 179676/221505 [13:12<03:04, 226.60it/s]
ROP:  81%|████████  | 179825/221505 [13:13<03:03, 226.74it/s]
ROP:  81%|████████▏ | 179974/221505 [13:14<03:03, 226.60it/s]
ROP:  81%|████████▏ | 179988/221505 [13:14<03:03, 226.57it/s]
ROP:  81%|████████▏ | 180012/221505 [13:14<03:03, 226.57it/s]
ROP:  81%|████████▏ | 180039/221505 [13:14<03:03, 226.57it/s]
ROP:  81%|████████▏ | 180082/221505 [13:14<03:02, 226.54it/s]
ROP:  81%|████████▏ | 180125/221505 [13:15<03:02, 226.51it/s]
ROP:  81%|████████▏ | 180168/221505 [13:15<03:02, 226.50it/s]
ROP:  81%|████████▏ | 180211/221505 [13:15<03:02, 226.52it/s]
ROP:  81%|████████▏ | 180306/221505 [13:15<03:01, 226.61it/s]
ROP:  81%|████████▏ | 180401/221505 [13:16<03:01, 226.55it/s]
ROP:  81%|████████▏ | 180416/221505 [13:16<03:01, 226.52it/s]
ROP:  81%|████████▏ | 180517/221505 [13:16<03:00, 226.59it/s]
ROP:  82%|████████▏ | 180618/221505 [13:17<03:00, 226.61it/s]
ROP:  82%|████████▏ | 180719/221505 [13:17<02:59, 226.70it/s]
ROP:  82%|████████▏ | 180820/221505 [13:17<02:59, 226.79it/s]
ROP:  82%|████████▏ | 180921/221505 [13:17<02:58, 226.87it/s]
ROP:  82%|████████▏ | 181022/221505 [13:17<02:58, 226.92it/s]
ROP:  82%|████████▏ | 181123/221505 [13:17<02:57, 227.00it/s]
ROP:  82%|████████▏ | 181224/221505 [13:18<02:57, 227.00it/s]
ROP:  82%|████████▏ | 181325/221505 [13:18<02:56, 227.09it/s]
ROP:  82%|████████▏ | 181426/221505 [13:18<02:56, 227.07it/s]
ROP:  82%|████████▏ | 181520/221505 [13:19<02:56, 227.16it/s]
ROP:  82%|████████▏ | 181614/221505 [13:19<02:55, 227.19it/s]
ROP:  82%|████████▏ | 181708/221505 [13:19<02:55, 227.25it/s]
ROP:  82%|████████▏ | 181802/221505 [13:19<02:54, 227.28it/s]
ROP:  82%|████████▏ | 181896/221505 [13:20<02:54, 227.31it/s]
ROP:  82%|████████▏ | 181990/221505 [13:20<02:53, 227.22it/s]
ROP:  82%|████████▏ | 182007/221505 [13:21<02:53, 227.21it/s]
ROP:  82%|████████▏ | 182024/221505 [13:21<02:53, 227.20it/s]
ROP:  82%|████████▏ | 182052/221505 [13:21<02:53, 227.20it/s]
ROP:  82%|████████▏ | 182080/221505 [13:21<02:53, 227.19it/s]
ROP:  82%|████████▏ | 182108/221505 [13:21<02:53, 227.19it/s]
ROP:  82%|████████▏ | 182162/221505 [13:21<02:53, 227.23it/s]
ROP:  82%|████████▏ | 182216/221505 [13:21<02:52, 227.23it/s]
ROP:  82%|████████▏ | 182270/221505 [13:22<02:52, 227.20it/s]
ROP:  82%|████████▏ | 182324/221505 [13:22<02:52, 227.23it/s]
ROP:  82%|████████▏ | 182378/221505 [13:22<02:52, 227.25it/s]
ROP:  82%|████████▏ | 182432/221505 [13:23<02:52, 227.16it/s]
ROP:  82%|████████▏ | 182442/221505 [13:23<02:51, 227.14it/s]
ROP:  82%|████████▏ | 182468/221505 [13:23<02:51, 227.13it/s]
ROP:  82%|████████▏ | 182494/221505 [13:23<02:51, 227.09it/s]
ROP:  82%|████████▏ | 182541/221505 [13:23<02:51, 227.11it/s]
ROP:  82%|████████▏ | 182588/221505 [13:24<02:51, 227.05it/s]
ROP:  82%|████████▏ | 182681/221505 [13:24<02:50, 227.11it/s]
ROP:  83%|████████▎ | 182774/221505 [13:24<02:50, 227.08it/s]
ROP:  83%|████████▎ | 182861/221505 [13:25<02:50, 227.15it/s]
ROP:  83%|████████▎ | 182948/221505 [13:25<02:49, 227.13it/s]
ROP:  83%|████████▎ | 183035/221505 [13:25<02:49, 227.14it/s]
ROP:  83%|████████▎ | 183122/221505 [13:25<02:48, 227.21it/s]
ROP:  83%|████████▎ | 183209/221505 [13:26<02:48, 227.29it/s]
ROP:  83%|████████▎ | 183296/221505 [13:26<02:48, 227.26it/s]
ROP:  83%|████████▎ | 183383/221505 [13:26<02:47, 227.34it/s]
ROP:  83%|████████▎ | 183470/221505 [13:26<02:47, 227.36it/s]
ROP:  83%|████████▎ | 183557/221505 [13:27<02:46, 227.44it/s]
ROP:  83%|████████▎ | 183745/221505 [13:27<02:45, 227.64it/s]
ROP:  83%|████████▎ | 183933/221505 [13:27<02:44, 227.71it/s]
ROP:  83%|████████▎ | 183986/221505 [13:27<02:44, 227.75it/s]
ROP:  83%|████████▎ | 184039/221505 [13:28<02:44, 227.72it/s]
ROP:  83%|████████▎ | 184092/221505 [13:28<02:44, 227.75it/s]
ROP:  83%|████████▎ | 184145/221505 [13:28<02:44, 227.68it/s]
ROP:  83%|████████▎ | 184198/221505 [13:28<02:43, 227.72it/s]
ROP:  83%|████████▎ | 184251/221505 [13:29<02:43, 227.73it/s]
ROP:  83%|████████▎ | 184304/221505 [13:29<02:43, 227.66it/s]
ROP:  83%|████████▎ | 184357/221505 [13:29<02:43, 227.65it/s]
ROP:  83%|████████▎ | 184419/221505 [13:29<02:42, 227.70it/s]
ROP:  83%|████████▎ | 184487/221505 [13:30<02:42, 227.75it/s]
ROP:  83%|████████▎ | 184594/221505 [13:30<02:42, 227.84it/s]
ROP:  83%|████████▎ | 184701/221505 [13:31<02:41, 227.74it/s]
ROP:  83%|████████▎ | 184715/221505 [13:31<02:41, 227.71it/s]
ROP:  83%|████████▎ | 184729/221505 [13:31<02:41, 227.68it/s]
ROP:  83%|████████▎ | 184743/221505 [13:31<02:41, 227.63it/s]
ROP:  83%|████████▎ | 184757/221505 [13:31<02:41, 227.58it/s]
ROP:  83%|████████▎ | 184771/221505 [13:32<02:41, 227.54it/s]
ROP:  83%|████████▎ | 184840/221505 [13:32<02:41, 227.59it/s]
ROP:  83%|████████▎ | 184909/221505 [13:32<02:40, 227.56it/s]
ROP:  84%|████████▎ | 184978/221505 [13:32<02:40, 227.59it/s]
ROP:  84%|████████▎ | 185047/221505 [13:33<02:40, 227.52it/s]
ROP:  84%|████████▎ | 185079/221505 [13:33<02:40, 227.52it/s]
ROP:  84%|████████▎ | 185114/221505 [13:33<02:39, 227.53it/s]
ROP:  84%|████████▎ | 185149/221505 [13:33<02:39, 227.53it/s]
ROP:  84%|████████▎ | 185184/221505 [13:34<02:39, 227.44it/s]
ROP:  84%|████████▎ | 185280/221505 [13:34<02:39, 227.53it/s]
ROP:  84%|████████▎ | 185376/221505 [13:34<02:38, 227.48it/s]
ROP:  84%|████████▎ | 185395/221505 [13:35<02:38, 227.48it/s]
ROP:  84%|████████▍ | 185628/221505 [13:35<02:37, 227.73it/s]
ROP:  84%|████████▍ | 185861/221505 [13:35<02:36, 227.88it/s]
ROP:  84%|████████▍ | 186094/221505 [13:36<02:35, 227.99it/s]
ROP:  84%|████████▍ | 186130/221505 [13:36<02:35, 227.96it/s]
ROP:  84%|████████▍ | 186166/221505 [13:36<02:35, 227.93it/s]
ROP:  84%|████████▍ | 186310/221505 [13:36<02:34, 228.07it/s]
ROP:  84%|████████▍ | 186454/221505 [13:37<02:33, 228.22it/s]
ROP:  84%|████████▍ | 186598/221505 [13:37<02:32, 228.36it/s]
ROP:  84%|████████▍ | 186742/221505 [13:37<02:32, 228.31it/s]
ROP:  84%|████████▍ | 186761/221505 [13:38<02:32, 228.30it/s]
ROP:  84%|████████▍ | 186820/221505 [13:38<02:31, 228.34it/s]
ROP:  84%|████████▍ | 186885/221505 [13:38<02:31, 228.38it/s]
ROP:  84%|████████▍ | 186950/221505 [13:38<02:31, 228.39it/s]
ROP:  84%|████████▍ | 187015/221505 [13:39<02:31, 228.32it/s]
ROP:  84%|████████▍ | 187040/221505 [13:39<02:30, 228.32it/s]
ROP:  84%|████████▍ | 187135/221505 [13:39<02:30, 228.40it/s]
ROP:  85%|████████▍ | 187230/221505 [13:39<02:30, 228.38it/s]
ROP:  85%|████████▍ | 187325/221505 [13:39<02:29, 228.46it/s]
ROP:  85%|████████▍ | 187420/221505 [13:40<02:29, 228.49it/s]
ROP:  85%|████████▍ | 187515/221505 [13:40<02:28, 228.52it/s]
ROP:  85%|████████▍ | 187610/221505 [13:41<02:28, 228.50it/s]
ROP:  85%|████████▍ | 187718/221505 [13:41<02:27, 228.60it/s]
ROP:  85%|████████▍ | 187826/221505 [13:41<02:27, 228.68it/s]
ROP:  85%|████████▍ | 187989/221505 [13:41<02:26, 228.84it/s]
ROP:  85%|████████▍ | 188152/221505 [13:42<02:25, 228.88it/s]
ROP:  85%|████████▍ | 188198/221505 [13:42<02:25, 228.90it/s]
ROP:  85%|████████▍ | 188244/221505 [13:42<02:25, 228.89it/s]
ROP:  85%|████████▌ | 188290/221505 [13:42<02:25, 228.89it/s]
ROP:  85%|████████▌ | 188336/221505 [13:42<02:24, 228.89it/s]
ROP:  85%|████████▌ | 188382/221505 [13:43<02:24, 228.86it/s]
ROP:  85%|████████▌ | 188428/221505 [13:43<02:24, 228.83it/s]
ROP:  85%|████████▌ | 188474/221505 [13:43<02:24, 228.83it/s]
ROP:  85%|████████▌ | 188520/221505 [13:43<02:24, 228.84it/s]
ROP:  85%|████████▌ | 188599/221505 [13:44<02:23, 228.86it/s]
ROP:  85%|████████▌ | 188678/221505 [13:44<02:23, 228.87it/s]
ROP:  85%|████████▌ | 188757/221505 [13:44<02:23, 228.84it/s]
ROP:  85%|████████▌ | 188836/221505 [13:45<02:22, 228.85it/s]
ROP:  85%|████████▌ | 188915/221505 [13:45<02:22, 228.79it/s]
ROP:  85%|████████▌ | 188945/221505 [13:45<02:22, 228.78it/s]
ROP:  85%|████████▌ | 188975/221505 [13:46<02:22, 228.76it/s]
ROP:  85%|████████▌ | 189096/221505 [13:46<02:21, 228.88it/s]
ROP:  85%|████████▌ | 189217/221505 [13:46<02:21, 228.88it/s]
ROP:  85%|████████▌ | 189249/221505 [13:46<02:20, 228.89it/s]
ROP:  85%|████████▌ | 189281/221505 [13:47<02:20, 228.85it/s]
ROP:  85%|████████▌ | 189317/221505 [13:47<02:20, 228.86it/s]
ROP:  85%|████████▌ | 189367/221505 [13:47<02:20, 228.88it/s]
ROP:  86%|████████▌ | 189417/221505 [13:47<02:20, 228.88it/s]
ROP:  86%|████████▌ | 189505/221505 [13:47<02:19, 228.96it/s]
ROP:  86%|████████▌ | 189652/221505 [13:47<02:19, 229.10it/s]
ROP:  86%|████████▌ | 189799/221505 [13:48<02:18, 229.14it/s]
ROP:  86%|████████▌ | 189946/221505 [13:48<02:17, 229.27it/s]
ROP:  86%|████████▌ | 190093/221505 [13:48<02:16, 229.35it/s]
ROP:  86%|████████▌ | 190240/221505 [13:49<02:16, 229.46it/s]
ROP:  86%|████████▌ | 190240/221505 [13:50<02:16, 229.13it/s]
ROP:  86%|████████▌ | 190314/221505 [13:50<02:16, 229.22it/s]
ROP:  86%|████████▌ | 190322/221505 [13:50<02:16, 229.18it/s]
ROP:  86%|████████▌ | 190330/221505 [13:50<02:16, 229.11it/s]
ROP:  86%|████████▌ | 190338/221505 [13:50<02:16, 229.08it/s]
ROP:  86%|████████▌ | 190346/221505 [13:51<02:16, 229.04it/s]
ROP:  86%|████████▌ | 190354/221505 [13:51<02:16, 228.93it/s]
ROP:  86%|████████▌ | 190362/221505 [13:51<02:16, 228.89it/s]
ROP:  86%|████████▌ | 190407/221505 [13:51<02:15, 228.91it/s]
ROP:  86%|████████▌ | 190452/221505 [13:52<02:15, 228.76it/s]
ROP:  86%|████████▌ | 190545/221505 [13:52<02:15, 228.83it/s]
ROP:  86%|████████▌ | 190638/221505 [13:53<02:14, 228.76it/s]
ROP:  86%|████████▌ | 190665/221505 [13:53<02:14, 228.75it/s]
ROP:  86%|████████▌ | 190692/221505 [13:54<02:14, 228.58it/s]
ROP:  86%|████████▌ | 190697/221505 [13:54<02:14, 228.55it/s]
ROP:  86%|████████▌ | 190710/221505 [13:54<02:14, 228.52it/s]
ROP:  86%|████████▌ | 190723/221505 [13:54<02:14, 228.49it/s]
ROP:  86%|████████▌ | 190736/221505 [13:54<02:14, 228.47it/s]
ROP:  86%|████████▌ | 190749/221505 [13:54<02:14, 228.44it/s]
ROP:  86%|████████▌ | 190795/221505 [13:55<02:14, 228.47it/s]
ROP:  86%|████████▌ | 190841/221505 [13:55<02:14, 228.43it/s]
ROP:  86%|████████▌ | 190887/221505 [13:55<02:14, 228.43it/s]
ROP:  86%|████████▌ | 190933/221505 [13:55<02:13, 228.45it/s]
ROP:  86%|████████▌ | 190979/221505 [13:55<02:13, 228.47it/s]
ROP:  86%|████████▋ | 191168/221505 [13:56<02:12, 228.67it/s]
ROP:  86%|████████▋ | 191357/221505 [13:56<02:11, 228.70it/s]
ROP:  86%|████████▋ | 191384/221505 [13:56<02:11, 228.66it/s]
ROP:  86%|████████▋ | 191411/221505 [13:57<02:11, 228.61it/s]
ROP:  86%|████████▋ | 191438/221505 [13:57<02:11, 228.50it/s]
ROP:  86%|████████▋ | 191472/221505 [13:57<02:11, 228.49it/s]
ROP:  86%|████████▋ | 191548/221505 [13:58<02:11, 228.56it/s]
ROP:  87%|████████▋ | 191684/221505 [13:58<02:10, 228.68it/s]
ROP:  87%|████████▋ | 191820/221505 [13:59<02:09, 228.53it/s]
ROP:  87%|████████▋ | 191908/221505 [13:59<02:09, 228.60it/s]
ROP:  87%|████████▋ | 191996/221505 [13:59<02:09, 228.62it/s]
ROP:  87%|████████▋ | 192084/221505 [14:00<02:08, 228.66it/s]
ROP:  87%|████████▋ | 192187/221505 [14:00<02:08, 228.75it/s]
ROP:  87%|████████▋ | 192290/221505 [14:00<02:07, 228.80it/s]
ROP:  87%|████████▋ | 192393/221505 [14:00<02:07, 228.86it/s]
ROP:  87%|████████▋ | 192496/221505 [14:00<02:06, 228.90it/s]
ROP:  87%|████████▋ | 192599/221505 [14:01<02:06, 228.93it/s]
ROP:  87%|████████▋ | 192702/221505 [14:01<02:05, 228.99it/s]
ROP:  87%|████████▋ | 192805/221505 [14:01<02:05, 229.01it/s]
ROP:  87%|████████▋ | 193179/221505 [14:02<02:03, 229.43it/s]
ROP:  87%|████████▋ | 193589/221505 [14:02<02:01, 229.89it/s]
ROP:  88%|████████▊ | 193999/221505 [14:02<01:59, 230.29it/s]
ROP:  88%|████████▊ | 194409/221505 [14:02<01:57, 230.74it/s]
ROP:  88%|████████▊ | 194819/221505 [14:03<01:55, 231.04it/s]
ROP:  88%|████████▊ | 194956/221505 [14:03<01:54, 231.16it/s]
ROP:  88%|████████▊ | 195292/221505 [14:03<01:53, 231.52it/s]
ROP:  88%|████████▊ | 195628/221505 [14:05<01:51, 231.36it/s]
ROP:  88%|████████▊ | 195743/221505 [14:05<01:51, 231.45it/s]
ROP:  88%|████████▊ | 195858/221505 [14:06<01:50, 231.39it/s]
ROP:  89%|████████▊ | 196077/221505 [14:06<01:49, 231.61it/s]
ROP:  89%|████████▊ | 196296/221505 [14:06<01:48, 231.78it/s]
ROP:  89%|████████▊ | 196515/221505 [14:08<01:47, 231.69it/s]
ROP:  89%|████████▊ | 196544/221505 [14:08<01:47, 231.70it/s]
ROP:  89%|████████▊ | 196573/221505 [14:08<01:47, 231.65it/s]
ROP:  89%|████████▉ | 196805/221505 [14:08<01:46, 231.88it/s]
ROP:  89%|████████▉ | 197054/221505 [14:08<01:45, 232.13it/s]
ROP:  89%|████████▉ | 197303/221505 [14:09<01:44, 232.33it/s]
ROP:  89%|████████▉ | 197552/221505 [14:09<01:42, 232.57it/s]
ROP:  89%|████████▉ | 197552/221505 [14:10<01:43, 232.34it/s]
ROP:  89%|████████▉ | 197710/221505 [14:10<01:42, 232.51it/s]
ROP:  89%|████████▉ | 197728/221505 [14:10<01:42, 232.46it/s]
ROP:  89%|████████▉ | 197746/221505 [14:10<01:42, 232.41it/s]
ROP:  89%|████████▉ | 197767/221505 [14:11<01:42, 232.38it/s]
ROP:  89%|████████▉ | 198060/221505 [14:11<01:40, 232.67it/s]
ROP:  90%|████████▉ | 198353/221505 [14:13<01:39, 232.49it/s]
ROP:  90%|████████▉ | 198520/221505 [14:13<01:38, 232.66it/s]
ROP:  90%|████████▉ | 198687/221505 [14:13<01:38, 232.78it/s]
ROP:  90%|████████▉ | 198854/221505 [14:13<01:37, 232.89it/s]
ROP:  90%|████████▉ | 199021/221505 [14:14<01:36, 232.97it/s]
ROP:  90%|████████▉ | 199188/221505 [14:14<01:35, 233.12it/s]
ROP:  90%|█████████ | 199355/221505 [14:16<01:35, 232.75it/s]
ROP:  90%|█████████ | 199411/221505 [14:16<01:34, 232.79it/s]
ROP:  90%|█████████ | 199630/221505 [14:16<01:33, 233.00it/s]
ROP:  90%|█████████ | 199849/221505 [14:17<01:32, 233.19it/s]
ROP:  90%|█████████ | 200068/221505 [14:17<01:31, 233.36it/s]
ROP:  90%|█████████ | 200287/221505 [14:17<01:30, 233.56it/s]
ROP:  91%|█████████ | 200506/221505 [14:17<01:29, 233.73it/s]
ROP:  91%|█████████ | 200725/221505 [14:18<01:28, 233.93it/s]
ROP:  91%|█████████ | 201062/221505 [14:18<01:27, 234.30it/s]
ROP:  91%|█████████ | 201399/221505 [14:18<01:25, 234.65it/s]
ROP:  91%|█████████ | 201736/221505 [14:18<01:24, 234.92it/s]
ROP:  91%|█████████ | 202073/221505 [14:19<01:22, 235.20it/s]
ROP:  91%|█████████▏| 202410/221505 [14:19<01:21, 235.40it/s]
ROP:  92%|█████████▏| 202682/221505 [14:19<01:19, 235.69it/s]
ROP:  92%|█████████▏| 202954/221505 [14:20<01:18, 235.93it/s]
ROP:  92%|█████████▏| 203226/221505 [14:20<01:17, 236.20it/s]
ROP:  92%|█████████▏| 203508/221505 [14:20<01:16, 236.50it/s]
ROP:  92%|█████████▏| 203790/221505 [14:20<01:14, 236.71it/s]
ROP:  92%|█████████▏| 204124/221505 [14:21<01:13, 237.07it/s]
ROP:  92%|█████████▏| 204458/221505 [14:21<01:11, 237.42it/s]
ROP:  92%|█████████▏| 204792/221505 [14:21<01:10, 237.77it/s]
ROP:  93%|█████████▎| 205126/221505 [14:22<01:08, 237.90it/s]
ROP:  93%|█████████▎| 205163/221505 [14:22<01:08, 237.84it/s]
ROP:  93%|█████████▎| 205200/221505 [14:23<01:08, 237.72it/s]
ROP:  93%|█████████▎| 205228/221505 [14:23<01:08, 237.72it/s]
ROP:  93%|█████████▎| 205302/221505 [14:23<01:08, 237.77it/s]
ROP:  93%|█████████▎| 205469/221505 [14:23<01:07, 237.93it/s]
ROP:  93%|█████████▎| 205754/221505 [14:23<01:06, 238.24it/s]
ROP:  93%|█████████▎| 206039/221505 [14:23<01:04, 238.53it/s]
ROP:  93%|█████████▎| 206324/221505 [14:25<01:03, 238.40it/s]
ROP:  93%|█████████▎| 206342/221505 [14:25<01:03, 238.31it/s]
ROP:  93%|█████████▎| 206360/221505 [14:26<01:03, 238.14it/s]
ROP:  93%|█████████▎| 206392/221505 [14:26<01:03, 238.14it/s]
ROP:  93%|█████████▎| 206424/221505 [14:27<01:03, 238.04it/s]
ROP:  93%|█████████▎| 206588/221505 [14:27<01:02, 238.19it/s]
ROP:  93%|█████████▎| 206918/221505 [14:27<01:01, 238.55it/s]
ROP:  94%|█████████▎| 207248/221505 [14:27<00:59, 238.84it/s]
ROP:  94%|█████████▎| 207578/221505 [14:28<00:58, 239.11it/s]
ROP:  94%|█████████▍| 207953/221505 [14:28<00:56, 239.51it/s]
ROP:  94%|█████████▍| 208328/221505 [14:28<00:54, 239.83it/s]
ROP:  94%|█████████▍| 208328/221505 [14:30<00:55, 239.38it/s]
ROP:  94%|█████████▍| 208583/221505 [14:30<00:53, 239.68it/s]
ROP:  94%|█████████▍| 208599/221505 [14:30<00:53, 239.53it/s]
ROP:  94%|█████████▍| 208729/221505 [14:31<00:53, 239.63it/s]
ROP:  94%|█████████▍| 208859/221505 [14:32<00:52, 239.27it/s]
ROP:  94%|█████████▍| 208902/221505 [14:33<00:52, 239.29it/s]
ROP:  94%|█████████▍| 208945/221505 [14:33<00:52, 239.27it/s]
ROP:  94%|█████████▍| 209023/221505 [14:33<00:52, 239.31it/s]
ROP:  94%|█████████▍| 209101/221505 [14:33<00:51, 239.28it/s]
ROP:  94%|█████████▍| 209179/221505 [14:33<00:51, 239.34it/s]
ROP:  94%|█████████▍| 209257/221505 [14:34<00:51, 239.36it/s]
ROP:  95%|█████████▍| 209335/221505 [14:34<00:50, 239.29it/s]
ROP:  95%|█████████▍| 209440/221505 [14:34<00:50, 239.38it/s]
ROP:  95%|█████████▍| 209545/221505 [14:35<00:49, 239.44it/s]
ROP:  95%|█████████▍| 209650/221505 [14:35<00:49, 239.49it/s]
ROP:  95%|█████████▍| 209755/221505 [14:35<00:49, 239.53it/s]
ROP:  95%|█████████▍| 209860/221505 [14:35<00:48, 239.57it/s]
ROP:  95%|█████████▍| 209965/221505 [14:36<00:48, 239.51it/s]
ROP:  95%|█████████▍| 210043/221505 [14:36<00:47, 239.56it/s]
ROP:  95%|█████████▍| 210121/221505 [14:37<00:47, 239.47it/s]
ROP:  95%|█████████▍| 210133/221505 [14:37<00:47, 239.41it/s]
ROP:  95%|█████████▍| 210242/221505 [14:37<00:47, 239.49it/s]
ROP:  95%|█████████▍| 210351/221505 [14:39<00:46, 239.30it/s]
ROP:  95%|█████████▍| 210392/221505 [14:39<00:46, 239.32it/s]
ROP:  95%|█████████▌| 210433/221505 [14:39<00:46, 239.19it/s]
ROP:  95%|█████████▌| 210441/221505 [14:39<00:46, 239.16it/s]
ROP:  95%|█████████▌| 210524/221505 [14:40<00:45, 239.21it/s]
ROP:  95%|█████████▌| 210607/221505 [14:40<00:45, 239.22it/s]
ROP:  95%|█████████▌| 210690/221505 [14:41<00:45, 239.09it/s]
ROP:  95%|█████████▌| 210823/221505 [14:41<00:44, 239.21it/s]
ROP:  95%|█████████▌| 210956/221505 [14:41<00:44, 239.29it/s]
ROP:  95%|█████████▌| 211089/221505 [14:42<00:43, 239.23it/s]
ROP:  95%|█████████▌| 211138/221505 [14:42<00:43, 239.26it/s]
ROP:  95%|█████████▌| 211187/221505 [14:43<00:43, 239.15it/s]
ROP:  95%|█████████▌| 211196/221505 [14:43<00:43, 239.13it/s]
ROP:  95%|█████████▌| 211205/221505 [14:43<00:43, 239.11it/s]
ROP:  95%|█████████▌| 211219/221505 [14:43<00:43, 239.10it/s]
ROP:  95%|█████████▌| 211233/221505 [14:43<00:42, 239.08it/s]
ROP:  95%|█████████▌| 211247/221505 [14:43<00:42, 239.07it/s]
ROP:  95%|█████████▌| 211261/221505 [14:43<00:42, 238.99it/s]
ROP:  95%|█████████▌| 211275/221505 [14:44<00:42, 238.92it/s]
ROP:  95%|█████████▌| 211289/221505 [14:44<00:42, 238.88it/s]
ROP:  95%|█████████▌| 211304/221505 [14:44<00:42, 238.85it/s]
ROP:  95%|█████████▌| 211321/221505 [14:44<00:42, 238.83it/s]
ROP:  95%|█████████▌| 211376/221505 [14:45<00:42, 238.84it/s]
ROP:  95%|█████████▌| 211447/221505 [14:45<00:42, 238.87it/s]
ROP:  95%|█████████▌| 211518/221505 [14:46<00:41, 238.69it/s]
ROP:  95%|█████████▌| 211526/221505 [14:46<00:41, 238.65it/s]
ROP:  95%|█████████▌| 211534/221505 [14:46<00:41, 238.60it/s]
ROP:  96%|█████████▌| 211542/221505 [14:46<00:41, 238.56it/s]
ROP:  96%|█████████▌| 211550/221505 [14:47<00:41, 238.50it/s]
ROP:  96%|█████████▌| 211558/221505 [14:47<00:41, 238.47it/s]
ROP:  96%|█████████▌| 211566/221505 [14:47<00:41, 238.42it/s]
ROP:  96%|█████████▌| 211578/221505 [14:47<00:41, 238.40it/s]
ROP:  96%|█████████▌| 211590/221505 [14:47<00:41, 238.35it/s]
ROP:  96%|█████████▌| 211602/221505 [14:47<00:41, 238.31it/s]
ROP:  96%|█████████▌| 211614/221505 [14:48<00:41, 238.28it/s]
ROP:  96%|█████████▌| 211626/221505 [14:48<00:41, 238.22it/s]
ROP:  96%|█████████▌| 211662/221505 [14:48<00:41, 238.23it/s]
ROP:  96%|█████████▌| 211698/221505 [14:48<00:41, 238.14it/s]
ROP:  96%|█████████▌| 211734/221505 [14:49<00:41, 238.08it/s]
ROP:  96%|█████████▌| 211770/221505 [14:49<00:40, 237.97it/s]
ROP:  96%|█████████▌| 211779/221505 [14:50<00:40, 237.94it/s]
ROP:  96%|█████████▌| 211788/221505 [14:50<00:40, 237.89it/s]
ROP:  96%|█████████▌| 211797/221505 [14:50<00:40, 237.83it/s]
ROP:  96%|█████████▌| 211808/221505 [14:50<00:40, 237.80it/s]
ROP:  96%|█████████▌| 211819/221505 [14:51<00:40, 237.71it/s]
ROP:  96%|█████████▌| 211830/221505 [14:51<00:40, 237.64it/s]
ROP:  96%|█████████▌| 211841/221505 [14:51<00:40, 237.53it/s]
ROP:  96%|█████████▌| 211852/221505 [14:52<00:40, 237.47it/s]
ROP:  96%|█████████▌| 211863/221505 [14:52<00:40, 237.43it/s]
ROP:  96%|█████████▌| 211874/221505 [14:52<00:40, 237.38it/s]
ROP:  96%|█████████▌| 211885/221505 [14:52<00:40, 237.31it/s]
ROP:  96%|█████████▌| 211896/221505 [14:53<00:40, 237.25it/s]
ROP:  96%|█████████▌| 211907/221505 [14:53<00:40, 237.19it/s]
ROP:  96%|█████████▌| 211918/221505 [14:53<00:40, 237.13it/s]
ROP:  96%|█████████▌| 211929/221505 [14:53<00:40, 237.06it/s]
ROP:  96%|█████████▌| 211940/221505 [14:54<00:40, 236.94it/s]
ROP:  96%|█████████▌| 211948/221505 [14:54<00:40, 236.92it/s]
ROP:  96%|█████████▌| 211956/221505 [14:54<00:40, 236.85it/s]
ROP:  96%|█████████▌| 212060/221505 [14:55<00:39, 236.94it/s]
ROP:  96%|█████████▌| 212164/221505 [14:56<00:39, 236.76it/s]
ROP:  96%|█████████▌| 212174/221505 [14:56<00:39, 236.70it/s]
ROP:  96%|█████████▌| 212184/221505 [14:56<00:39, 236.61it/s]
ROP:  96%|█████████▌| 212194/221505 [14:56<00:39, 236.59it/s]
ROP:  96%|█████████▌| 212204/221505 [14:57<00:39, 236.52it/s]
ROP:  96%|█████████▌| 212214/221505 [14:57<00:39, 236.46it/s]
ROP:  96%|█████████▌| 212224/221505 [14:57<00:39, 236.43it/s]
ROP:  96%|█████████▌| 212234/221505 [14:58<00:39, 236.31it/s]
ROP:  96%|█████████▌| 212244/221505 [14:58<00:39, 236.26it/s]
ROP:  96%|█████████▌| 212254/221505 [14:58<00:39, 236.21it/s]
ROP:  96%|█████████▌| 212264/221505 [14:58<00:39, 236.18it/s]
ROP:  96%|█████████▌| 212274/221505 [14:59<00:39, 236.05it/s]
ROP:  96%|█████████▌| 212280/221505 [14:59<00:39, 236.03it/s]
ROP:  96%|█████████▌| 212286/221505 [14:59<00:39, 235.99it/s]
ROP:  96%|█████████▌| 212294/221505 [14:59<00:39, 235.96it/s]
ROP:  96%|█████████▌| 212302/221505 [14:59<00:39, 235.91it/s]
ROP:  96%|█████████▌| 212310/221505 [15:00<00:38, 235.84it/s]
ROP:  96%|█████████▌| 212318/221505 [15:00<00:38, 235.78it/s]
ROP:  96%|█████████▌| 212326/221505 [15:00<00:38, 235.72it/s]
ROP:  96%|█████████▌| 212336/221505 [15:00<00:38, 235.69it/s]
ROP:  96%|█████████▌| 212346/221505 [15:01<00:38, 235.64it/s]
ROP:  96%|█████████▌| 212634/221505 [15:01<00:37, 235.94it/s]
ROP:  96%|█████████▌| 212922/221505 [15:01<00:36, 236.12it/s]
ROP:  96%|█████████▌| 213017/221505 [15:01<00:35, 236.19it/s]
ROP:  96%|█████████▌| 213112/221505 [15:03<00:35, 236.00it/s]
ROP:  96%|█████████▌| 213139/221505 [15:03<00:35, 235.98it/s]
ROP:  96%|█████████▌| 213166/221505 [15:03<00:35, 235.90it/s]
ROP:  96%|█████████▌| 213193/221505 [15:03<00:35, 235.84it/s]
ROP:  96%|█████████▋| 213220/221505 [15:04<00:35, 235.80it/s]
ROP:  96%|█████████▋| 213357/221505 [15:04<00:34, 235.92it/s]
ROP:  96%|█████████▋| 213494/221505 [15:04<00:33, 235.91it/s]
ROP:  96%|█████████▋| 213541/221505 [15:05<00:33, 235.93it/s]
ROP:  96%|█████████▋| 213588/221505 [15:05<00:33, 235.90it/s]
ROP:  96%|█████████▋| 213635/221505 [15:06<00:33, 235.74it/s]
ROP:  96%|█████████▋| 213641/221505 [15:06<00:33, 235.71it/s]
ROP:  96%|█████████▋| 213647/221505 [15:06<00:33, 235.69it/s]
ROP:  96%|█████████▋| 213655/221505 [15:06<00:33, 235.66it/s]
ROP:  96%|█████████▋| 213663/221505 [15:06<00:33, 235.64it/s]
ROP:  96%|█████████▋| 213671/221505 [15:06<00:33, 235.59it/s]
ROP:  96%|█████████▋| 213681/221505 [15:07<00:33, 235.57it/s]
ROP:  96%|█████████▋| 213691/221505 [15:07<00:33, 235.52it/s]
ROP:  96%|█████████▋| 213701/221505 [15:07<00:33, 235.48it/s]
ROP:  96%|█████████▋| 213711/221505 [15:07<00:33, 235.44it/s]
ROP:  96%|█████████▋| 213721/221505 [15:07<00:33, 235.43it/s]
ROP:  96%|█████████▋| 213731/221505 [15:08<00:33, 235.37it/s]
ROP:  96%|█████████▋| 213741/221505 [15:08<00:32, 235.33it/s]
ROP:  96%|█████████▋| 213751/221505 [15:08<00:32, 235.31it/s]
ROP:  97%|█████████▋| 213761/221505 [15:08<00:32, 235.27it/s]
ROP:  97%|█████████▋| 213771/221505 [15:08<00:32, 235.23it/s]
ROP:  97%|█████████▋| 213794/221505 [15:08<00:32, 235.22it/s]
ROP:  97%|█████████▋| 213856/221505 [15:09<00:32, 235.26it/s]
ROP:  97%|█████████▋| 213918/221505 [15:09<00:32, 235.27it/s]
ROP:  97%|█████████▋| 213980/221505 [15:09<00:31, 235.18it/s]
ROP:  97%|█████████▋| 214005/221505 [15:09<00:31, 235.18it/s]
ROP:  97%|█████████▋| 214030/221505 [15:10<00:31, 235.15it/s]
ROP:  97%|█████████▋| 214055/221505 [15:10<00:31, 235.08it/s]
ROP:  97%|█████████▋| 214080/221505 [15:10<00:31, 235.02it/s]
ROP:  97%|█████████▋| 214105/221505 [15:11<00:31, 234.95it/s]
ROP:  97%|█████████▋| 214130/221505 [15:11<00:31, 234.91it/s]
ROP:  97%|█████████▋| 214155/221505 [15:11<00:31, 234.89it/s]
ROP:  97%|█████████▋| 214365/221505 [15:11<00:30, 235.08it/s]
ROP:  97%|█████████▋| 214575/221505 [15:15<00:29, 234.50it/s]
ROP:  97%|█████████▋| 214629/221505 [15:15<00:29, 234.53it/s]
ROP:  97%|█████████▋| 214683/221505 [15:16<00:29, 234.36it/s]
ROP:  97%|█████████▋| 214690/221505 [15:16<00:29, 234.33it/s]
ROP:  97%|█████████▋| 214699/221505 [15:16<00:29, 234.31it/s]
ROP:  97%|█████████▋| 214708/221505 [15:16<00:29, 234.28it/s]
ROP:  97%|█████████▋| 214718/221505 [15:16<00:28, 234.25it/s]
ROP:  97%|█████████▋| 214728/221505 [15:16<00:28, 234.24it/s]
ROP:  97%|█████████▋| 214738/221505 [15:16<00:28, 234.19it/s]
ROP:  97%|█████████▋| 214762/221505 [15:17<00:28, 234.19it/s]
ROP:  97%|█████████▋| 214786/221505 [15:17<00:28, 234.17it/s]
ROP:  97%|█████████▋| 214810/221505 [15:17<00:28, 234.07it/s]
ROP:  97%|█████████▋| 214834/221505 [15:18<00:28, 233.98it/s]
ROP:  97%|█████████▋| 214858/221505 [15:18<00:28, 233.94it/s]
ROP:  97%|█████████▋| 214882/221505 [15:18<00:28, 233.90it/s]
ROP:  97%|█████████▋| 214906/221505 [15:19<00:28, 233.84it/s]
ROP:  97%|█████████▋| 214930/221505 [15:19<00:28, 233.77it/s]
ROP:  97%|█████████▋| 214954/221505 [15:19<00:28, 233.66it/s]
ROP:  97%|█████████▋| 214959/221505 [15:20<00:28, 233.64it/s]
ROP:  97%|█████████▋| 214968/221505 [15:20<00:27, 233.61it/s]
ROP:  97%|█████████▋| 214977/221505 [15:20<00:27, 233.58it/s]
ROP:  97%|█████████▋| 214988/221505 [15:20<00:27, 233.56it/s]
ROP:  97%|█████████▋| 215002/221505 [15:20<00:27, 233.54it/s]
ROP:  97%|█████████▋| 215016/221505 [15:21<00:27, 233.41it/s]
ROP:  97%|█████████▋| 215022/221505 [15:21<00:27, 233.37it/s]
ROP:  97%|█████████▋| 215028/221505 [15:21<00:27, 233.29it/s]
ROP:  97%|█████████▋| 215037/221505 [15:21<00:27, 233.27it/s]
ROP:  97%|█████████▋| 215046/221505 [15:21<00:27, 233.25it/s]
ROP:  97%|█████████▋| 215055/221505 [15:22<00:27, 233.14it/s]
ROP:  97%|█████████▋| 215065/221505 [15:22<00:27, 233.11it/s]
ROP:  97%|█████████▋| 215075/221505 [15:22<00:27, 233.04it/s]
ROP:  97%|█████████▋| 215085/221505 [15:23<00:27, 233.00it/s]
ROP:  97%|█████████▋| 215095/221505 [15:23<00:27, 232.95it/s]
ROP:  97%|█████████▋| 215105/221505 [15:23<00:27, 232.83it/s]
ROP:  97%|█████████▋| 215110/221505 [15:24<00:27, 232.80it/s]
ROP:  97%|█████████▋| 215115/221505 [15:24<00:27, 232.78it/s]
ROP:  97%|█████████▋| 215120/221505 [15:24<00:27, 232.74it/s]
ROP:  97%|█████████▋| 215133/221505 [15:24<00:27, 232.72it/s]
ROP:  97%|█████████▋| 215146/221505 [15:24<00:27, 232.61it/s]
ROP:  97%|█████████▋| 215159/221505 [15:25<00:27, 232.54it/s]
ROP:  97%|█████████▋| 215172/221505 [15:25<00:27, 232.51it/s]
ROP:  97%|█████████▋| 215224/221505 [15:25<00:27, 232.54it/s]
ROP:  97%|█████████▋| 215276/221505 [15:25<00:26, 232.50it/s]
ROP:  97%|█████████▋| 215337/221505 [15:26<00:26, 232.54it/s]
ROP:  97%|█████████▋| 215418/221505 [15:26<00:26, 232.60it/s]
ROP:  97%|█████████▋| 215499/221505 [15:27<00:25, 232.45it/s]
ROP:  97%|█████████▋| 215508/221505 [15:27<00:25, 232.42it/s]
ROP:  97%|█████████▋| 215517/221505 [15:27<00:25, 232.34it/s]
ROP:  97%|█████████▋| 215563/221505 [15:27<00:25, 232.36it/s]
ROP:  97%|█████████▋| 215609/221505 [15:27<00:25, 232.38it/s]
ROP:  97%|█████████▋| 215660/221505 [15:27<00:25, 232.41it/s]
ROP:  97%|█████████▋| 215711/221505 [15:28<00:24, 232.36it/s]
ROP:  97%|█████████▋| 215762/221505 [15:28<00:24, 232.35it/s]
ROP:  97%|█████████▋| 215813/221505 [15:29<00:24, 232.27it/s]
ROP:  97%|█████████▋| 215905/221505 [15:29<00:24, 232.34it/s]
ROP:  98%|█████████▊| 216058/221505 [15:29<00:23, 232.48it/s]
ROP:  98%|█████████▊| 216211/221505 [15:29<00:22, 232.59it/s]
ROP:  98%|█████████▊| 216364/221505 [15:30<00:22, 232.61it/s]
ROP:  98%|█████████▊| 216399/221505 [15:30<00:21, 232.61it/s]
ROP:  98%|█████████▊| 216434/221505 [15:30<00:21, 232.52it/s]
ROP:  98%|█████████▊| 216449/221505 [15:30<00:21, 232.51it/s]
ROP:  98%|█████████▊| 216502/221505 [15:31<00:21, 232.53it/s]
ROP:  98%|█████████▊| 216574/221505 [15:31<00:21, 232.58it/s]
ROP:  98%|█████████▊| 216646/221505 [15:31<00:20, 232.57it/s]
ROP:  98%|█████████▊| 216837/221505 [15:31<00:20, 232.75it/s]
ROP:  98%|█████████▊| 217028/221505 [15:31<00:19, 232.90it/s]
ROP:  98%|█████████▊| 217219/221505 [15:32<00:18, 232.99it/s]
ROP:  98%|█████████▊| 217410/221505 [15:32<00:17, 233.13it/s]
ROP:  98%|█████████▊| 217601/221505 [15:32<00:16, 233.24it/s]
ROP:  98%|█████████▊| 217792/221505 [15:33<00:15, 233.29it/s]
ROP:  98%|█████████▊| 217835/221505 [15:33<00:15, 233.30it/s]
ROP:  98%|█████████▊| 217878/221505 [15:33<00:15, 233.28it/s]
ROP:  98%|█████████▊| 217921/221505 [15:34<00:15, 233.30it/s]
ROP:  98%|█████████▊| 217975/221505 [15:34<00:15, 233.33it/s]
ROP:  98%|█████████▊| 218091/221505 [15:34<00:14, 233.42it/s]
ROP:  99%|█████████▊| 218239/221505 [15:34<00:13, 233.55it/s]
ROP:  99%|█████████▊| 218387/221505 [15:35<00:13, 233.52it/s]
ROP:  99%|█████████▊| 218431/221505 [15:35<00:13, 233.54it/s]
ROP:  99%|█████████▊| 218553/221505 [15:35<00:12, 233.64it/s]
ROP:  99%|█████████▊| 218675/221505 [15:35<00:12, 233.74it/s]
ROP:  99%|█████████▉| 218851/221505 [15:35<00:11, 233.90it/s]
ROP:  99%|█████████▉| 219027/221505 [15:36<00:10, 233.99it/s]
ROP:  99%|█████████▉| 219203/221505 [15:36<00:09, 234.14it/s]
ROP:  99%|█████████▉| 219379/221505 [15:36<00:09, 234.26it/s]
ROP:  99%|█████████▉| 219555/221505 [15:36<00:08, 234.42it/s]
ROP:  99%|█████████▉| 219731/221505 [15:36<00:07, 234.53it/s]
ROP:  99%|█████████▉| 219907/221505 [15:37<00:06, 234.65it/s]
ROP:  99%|█████████▉| 220083/221505 [15:37<00:06, 234.66it/s]
ROP:  99%|█████████▉| 220231/221505 [15:38<00:05, 234.79it/s]
ROP:  99%|█████████▉| 220379/221505 [15:38<00:04, 234.81it/s]
ROP: 100%|█████████▉| 220478/221505 [15:38<00:04, 234.89it/s]
ROP: 100%|█████████▉| 220582/221505 [15:38<00:03, 234.98it/s]
ROP: 100%|█████████▉| 220686/221505 [15:39<00:03, 235.00it/s]
ROP: 100%|█████████▉| 220818/221505 [15:39<00:02, 235.12it/s]
ROP: 100%|█████████▉| 220950/221505 [15:39<00:02, 235.17it/s]
ROP: 100%|█████████▉| 221082/221505 [15:40<00:01, 235.13it/s]
ROP: 100%|█████████▉| 221138/221505 [15:40<00:01, 235.16it/s]
ROP: 100%|█████████▉| 221194/221505 [15:40<00:01, 235.15it/s]
ROP: 100%|█████████▉| 221279/221505 [15:40<00:00, 235.22it/s]
ROP: 100%|█████████▉| 221378/221505 [15:40<00:00, 235.29it/s]
ROP: 100%|██████████| 221505/221505 [15:40<00:00, 235.41it/s]
WARNING  | 2026-10-02 13:12:40,776 | angr.storage.memory_mixins.default_filler_mixin | The program is accessing register with an unspecified value. This could indicate unwanted behavior.
WARNING  | 2026-10-02 13:12:40,776 | angr.storage.memory_mixins.default_filler_mixin | angr will cope with this by generating an unconstrained symbolic variable and continuing. You can resolve this by:
WARNING  | 2026-10-02 13:12:40,776 | angr.storage.memory_mixins.default_filler_mixin | 1) setting a value to the initial state
WARNING  | 2026-10-02 13:12:40,776 | angr.storage.memory_mixins.default_filler_mixin | 2) adding the state option ZERO_FILL_UNCONSTRAINED_{MEMORY,REGISTERS}, to make unknown regions hold null
WARNING  | 2026-10-02 13:12:40,776 | angr.storage.memory_mixins.default_filler_mixin | 3) adding the state option SYMBOL_FILL_UNCONSTRAINED_{MEMORY,REGISTERS}, to suppress these messages.
WARNING  | 2026-10-02 13:12:40,776 | angr.storage.memory_mixins.default_filler_mixin | Filling register edx with 4 unconstrained bytes referenced from 0x57c2f0 (__nss_database_lookup+0x51a0 in libc.so.6 (0x17c2f0))
WARNING  | 2026-10-02 13:12:40,777 | angr.storage.memory_mixins.default_filler_mixin | Filling register cc_dep1 with 4 unconstrained bytes referenced from 0x57c2f0 (__nss_database_lookup+0x51a0 in libc.so.6 (0x17c2f0))
WARNING  | 2026-10-02 13:12:40,777 | angr.storage.memory_mixins.default_filler_mixin | Filling register cc_dep2 with 4 unconstrained bytes referenced from 0x57c2f0 (__nss_database_lookup+0x51a0 in libc.so.6 (0x17c2f0))
WARNING  | 2026-10-02 13:12:40,777 | angr.storage.memory_mixins.default_filler_mixin | Filling register cc_ndep with 4 unconstrained bytes referenced from 0x57c2f0 (__nss_database_lookup+0x51a0 in libc.so.6 (0x17c2f0))
Traceback (most recent call last):
  File "/home/jalconchel/rop3-eval/utils/angrop_worker.py", line 180, in <module>
    sys.exit(main())
             ^^^^^^
  File "/home/jalconchel/rop3-eval/utils/angrop_worker.py", line 176, in main
    return _emit(found, extract, seconds, status, text, error=err)
           ^^^^^^^^^^^^^^^^^^^^^^^^^^^^^^^^^^^^^^^^^^^^^^^^^^^^^^^
  File "/home/jalconchel/rop3-eval/utils/angrop_worker.py", line 96, in _emit
    print(json.dumps(out))
          ^^^^^^^^^^^^^^^
  File "/home/jalconchel/miniconda3/envs/rop-eval/lib/python3.12/json/__init__.py", line 231, in dumps
    return _default_encoder.encode(obj)
           ^^^^^^^^^^^^^^^^^^^^^^^^^^^^
  File "/home/jalconchel/miniconda3/envs/rop-eval/lib/python3.12/json/encoder.py", line 200, in encode
    chunks = self.iterencode(o, _one_shot=True)
             ^^^^^^^^^^^^^^^^^^^^^^^^^^^^^^^^^^
  File "/home/jalconchel/miniconda3/envs/rop-eval/lib/python3.12/json/encoder.py", line 258, in iterencode
    return _iterencode(o, 0)
           ^^^^^^^^^^^^^^^^^
  File "/home/jalconchel/miniconda3/envs/rop-eval/lib/python3.12/json/encoder.py", line 180, in default
    raise TypeError(f'Object of type {o.__class__.__name__} '
TypeError: Object of type bytes is not JSON serializable

=== angrop | libc_debian_x86.so | syscall_exec_x86 | status=error | 2026-10-02T13:28:12
WARNING  | 2026-10-02 13:12:54,712 | cle.loader     | Symbol imported without a known size; emulation may fail if it is used non-opaqely: __libc_enable_secure, _dl_argv. See https://docs.angr.io/extending-angr/environment#simdata
WARNING  | 2026-10-02 13:12:55,550 | angrop.gadget_finder | Enabling fast mode for large binary

ROP:   0%|          | 0/221505 [00:00<?, ?it/s]
ROP:   0%|          | 66/221505 [00:00<06:12, 594.48it/s]
ROP:   0%|          | 132/221505 [00:01<40:02, 92.13it/s]
ROP:   0%|          | 137/221505 [00:01<41:34, 88.75it/s]
ROP:   0%|          | 142/221505 [00:01<42:55, 85.93it/s]
ROP:   0%|          | 193/221505 [00:01<33:43, 109.36it/s]
ROP:   0%|          | 244/221505 [00:02<31:00, 118.94it/s]
ROP:   0%|          | 295/221505 [00:02<30:13, 122.00it/s]
ROP:   0%|          | 346/221505 [00:02<29:39, 124.26it/s]
ROP:   0%|          | 397/221505 [00:03<29:08, 126.45it/s]
ROP:   0%|          | 448/221505 [00:03<29:48, 123.60it/s]
ROP:   0%|          | 499/221505 [00:04<31:54, 115.44it/s]
ROP:   0%|          | 507/221505 [00:04<32:09, 114.53it/s]
ROP:   0%|          | 524/221505 [00:04<31:53, 115.49it/s]
ROP:   0%|          | 541/221505 [00:04<33:13, 110.83it/s]
ROP:   0%|          | 580/221505 [00:05<32:37, 112.86it/s]
ROP:   0%|          | 619/221505 [00:05<33:16, 110.65it/s]
ROP:   0%|          | 658/221505 [00:05<32:27, 113.40it/s]
ROP:   0%|          | 697/221505 [00:06<32:28, 113.33it/s]
ROP:   0%|          | 736/221505 [00:06<33:39, 109.30it/s]
ROP:   0%|          | 743/221505 [00:06<34:05, 107.91it/s]
ROP:   0%|          | 752/221505 [00:07<34:22, 107.03it/s]
ROP:   0%|          | 761/221505 [00:07<34:39, 106.14it/s]
ROP:   0%|          | 896/221505 [00:07<29:57, 122.73it/s]
ROP:   0%|          | 1031/221505 [00:08<29:08, 126.08it/s]
ROP:   0%|          | 1090/221505 [00:08<27:54, 131.63it/s]
ROP:   1%|          | 1149/221505 [00:08<28:28, 128.94it/s]
ROP:   1%|          | 1163/221505 [00:09<28:28, 128.99it/s]
ROP:   1%|          | 1264/221505 [00:09<26:37, 137.84it/s]
ROP:   1%|          | 1365/221505 [00:09<26:02, 140.91it/s]
ROP:   1%|          | 1385/221505 [00:09<26:04, 140.72it/s]
ROP:   1%|          | 1487/221505 [00:10<24:41, 148.53it/s]
ROP:   1%|          | 1589/221505 [00:10<25:10, 145.61it/s]
ROP:   1%|          | 1679/221505 [00:11<24:03, 152.28it/s]
ROP:   1%|          | 1769/221505 [00:11<23:57, 152.88it/s]
ROP:   1%|          | 1794/221505 [00:11<23:53, 153.25it/s]
ROP:   1%|          | 1934/221505 [00:11<22:21, 163.66it/s]
ROP:   1%|          | 2074/221505 [00:12<21:39, 168.83it/s]
ROP:   1%|          | 2214/221505 [00:12<20:33, 177.82it/s]
ROP:   1%|          | 2354/221505 [00:13<20:14, 180.38it/s]
ROP:   1%|          | 2391/221505 [00:13<20:10, 181.07it/s]
ROP:   1%|          | 2428/221505 [00:13<20:14, 180.43it/s]
ROP:   1%|          | 2465/221505 [00:13<20:05, 181.66it/s]
ROP:   1%|          | 2540/221505 [00:13<19:40, 185.44it/s]
ROP:   1%|          | 2615/221505 [00:13<19:25, 187.82it/s]
ROP:   1%|          | 2709/221505 [00:14<18:53, 192.98it/s]
ROP:   1%|▏         | 2803/221505 [00:14<18:38, 195.46it/s]
ROP:   1%|▏         | 2897/221505 [00:14<18:15, 199.48it/s]
ROP:   1%|▏         | 2991/221505 [00:14<17:59, 202.51it/s]
ROP:   1%|▏         | 3085/221505 [00:14<17:35, 207.02it/s]
ROP:   1%|▏         | 3293/221505 [00:15<16:35, 219.30it/s]
ROP:   2%|▏         | 3501/221505 [00:15<16:07, 225.42it/s]
ROP:   2%|▏         | 3542/221505 [00:15<16:10, 224.51it/s]
ROP:   2%|▏         | 3594/221505 [00:15<16:02, 226.38it/s]
ROP:   2%|▏         | 3646/221505 [00:16<15:58, 227.30it/s]
ROP:   2%|▏         | 3735/221505 [00:16<15:41, 231.27it/s]
ROP:   2%|▏         | 3824/221505 [00:16<15:43, 230.61it/s]
ROP:   2%|▏         | 3913/221505 [00:16<15:32, 233.43it/s]
ROP:   2%|▏         | 4002/221505 [00:16<15:17, 236.97it/s]
ROP:   2%|▏         | 4091/221505 [00:17<15:05, 240.18it/s]
ROP:   2%|▏         | 4180/221505 [00:17<15:06, 239.85it/s]
ROP:   2%|▏         | 4269/221505 [00:17<15:13, 237.74it/s]
ROP:   2%|▏         | 4291/221505 [00:18<15:16, 237.08it/s]
ROP:   2%|▏         | 4313/221505 [00:18<15:27, 234.21it/s]
ROP:   2%|▏         | 4361/221505 [00:18<15:25, 234.53it/s]
ROP:   2%|▏         | 4409/221505 [00:19<15:36, 231.84it/s]
ROP:   2%|▏         | 4457/221505 [00:19<15:44, 229.72it/s]
ROP:   2%|▏         | 4532/221505 [00:19<15:35, 232.00it/s]
ROP:   2%|▏         | 4607/221505 [00:20<15:43, 229.99it/s]
ROP:   2%|▏         | 4682/221505 [00:20<15:37, 231.35it/s]
ROP:   2%|▏         | 4757/221505 [00:20<15:44, 229.48it/s]
ROP:   2%|▏         | 4832/221505 [00:20<15:35, 231.50it/s]
ROP:   2%|▏         | 4907/221505 [00:21<15:41, 229.94it/s]
ROP:   2%|▏         | 4982/221505 [00:21<15:48, 228.17it/s]
ROP:   2%|▏         | 5057/221505 [00:22<16:22, 220.24it/s]
ROP:   2%|▏         | 5093/221505 [00:23<16:20, 220.73it/s]
ROP:   2%|▏         | 5139/221505 [00:23<16:22, 220.26it/s]
ROP:   2%|▏         | 5185/221505 [00:23<16:17, 221.20it/s]
ROP:   2%|▏         | 5292/221505 [00:23<16:01, 224.76it/s]
ROP:   2%|▏         | 5399/221505 [00:24<16:04, 224.01it/s]
ROP:   2%|▏         | 5424/221505 [00:24<16:04, 223.92it/s]
ROP:   2%|▏         | 5472/221505 [00:24<16:00, 224.86it/s]
ROP:   2%|▏         | 5520/221505 [00:24<16:00, 224.79it/s]
ROP:   3%|▎         | 5568/221505 [00:25<16:12, 222.15it/s]
ROP:   3%|▎         | 5647/221505 [00:25<16:03, 223.96it/s]
ROP:   3%|▎         | 5726/221505 [00:25<15:56, 225.68it/s]
ROP:   3%|▎         | 5805/221505 [00:25<16:05, 223.37it/s]
ROP:   3%|▎         | 5829/221505 [00:26<16:07, 222.92it/s]
ROP:   3%|▎         | 5853/221505 [00:26<16:22, 219.57it/s]
ROP:   3%|▎         | 5863/221505 [00:26<16:25, 218.83it/s]
ROP:   3%|▎         | 5917/221505 [00:26<16:20, 219.96it/s]
ROP:   3%|▎         | 5972/221505 [00:27<16:15, 220.93it/s]
ROP:   3%|▎         | 6048/221505 [00:27<16:07, 222.66it/s]
ROP:   3%|▎         | 6124/221505 [00:27<16:11, 221.71it/s]
ROP:   3%|▎         | 6200/221505 [00:28<16:41, 214.97it/s]
ROP:   3%|▎         | 6268/221505 [00:28<16:33, 216.58it/s]
ROP:   3%|▎         | 6344/221505 [00:29<16:25, 218.39it/s]
ROP:   3%|▎         | 6420/221505 [00:29<16:35, 216.16it/s]
ROP:   3%|▎         | 6432/221505 [00:29<16:41, 214.82it/s]
ROP:   3%|▎         | 6444/221505 [00:30<16:42, 214.49it/s]
ROP:   3%|▎         | 6456/221505 [00:30<16:55, 211.68it/s]
ROP:   3%|▎         | 6484/221505 [00:30<16:55, 211.64it/s]
ROP:   3%|▎         | 6512/221505 [00:30<17:01, 210.40it/s]
ROP:   3%|▎         | 6540/221505 [00:31<17:08, 208.95it/s]
ROP:   3%|▎         | 6568/221505 [00:31<17:16, 207.38it/s]
ROP:   3%|▎         | 6596/221505 [00:32<17:24, 205.85it/s]
ROP:   3%|▎         | 6624/221505 [00:32<17:43, 202.08it/s]
ROP:   3%|▎         | 6629/221505 [00:32<17:46, 201.54it/s]
ROP:   3%|▎         | 6634/221505 [00:33<17:52, 200.41it/s]
ROP:   3%|▎         | 6644/221505 [00:33<17:55, 199.82it/s]
ROP:   3%|▎         | 6654/221505 [00:33<18:03, 198.22it/s]
ROP:   3%|▎         | 6664/221505 [00:33<18:13, 196.49it/s]
ROP:   3%|▎         | 6674/221505 [00:34<18:17, 195.74it/s]
ROP:   3%|▎         | 6684/221505 [00:34<18:23, 194.69it/s]
ROP:   3%|▎         | 6694/221505 [00:34<18:31, 193.33it/s]
ROP:   3%|▎         | 6704/221505 [00:34<18:36, 192.38it/s]
ROP:   3%|▎         | 6716/221505 [00:34<18:38, 192.05it/s]
ROP:   3%|▎         | 6728/221505 [00:35<18:40, 191.61it/s]
ROP:   3%|▎         | 6740/221505 [00:35<18:44, 191.07it/s]
ROP:   3%|▎         | 6752/221505 [00:35<18:45, 190.75it/s]
ROP:   3%|▎         | 6764/221505 [00:35<18:48, 190.22it/s]
ROP:   3%|▎         | 6782/221505 [00:35<18:49, 190.07it/s]
ROP:   3%|▎         | 6800/221505 [00:35<18:53, 189.50it/s]
ROP:   3%|▎         | 6824/221505 [00:36<18:52, 189.51it/s]
ROP:   3%|▎         | 6848/221505 [00:36<18:52, 189.52it/s]
ROP:   3%|▎         | 6872/221505 [00:36<18:56, 188.91it/s]
ROP:   3%|▎         | 6896/221505 [00:36<18:57, 188.72it/s]
ROP:   3%|▎         | 6920/221505 [00:36<18:57, 188.58it/s]
ROP:   3%|▎         | 6944/221505 [00:37<19:18, 185.26it/s]
ROP:   3%|▎         | 7000/221505 [00:37<19:12, 186.13it/s]
ROP:   3%|▎         | 7056/221505 [00:37<19:09, 186.51it/s]
ROP:   3%|▎         | 7172/221505 [00:37<18:54, 188.93it/s]
ROP:   3%|▎         | 7288/221505 [00:38<18:51, 189.36it/s]
ROP:   3%|▎         | 7312/221505 [00:38<18:50, 189.40it/s]
ROP:   3%|▎         | 7336/221505 [00:38<18:50, 189.39it/s]
ROP:   3%|▎         | 7360/221505 [00:38<18:51, 189.18it/s]
ROP:   3%|▎         | 7443/221505 [00:39<18:47, 189.82it/s]
ROP:   3%|▎         | 7526/221505 [00:39<18:43, 190.40it/s]
ROP:   3%|▎         | 7609/221505 [00:39<18:43, 190.44it/s]
ROP:   3%|▎         | 7736/221505 [00:40<18:28, 192.76it/s]
ROP:   4%|▎         | 7863/221505 [00:40<18:25, 193.26it/s]
ROP:   4%|▎         | 7918/221505 [00:40<18:20, 194.09it/s]
ROP:   4%|▎         | 7973/221505 [00:41<18:24, 193.28it/s]
ROP:   4%|▎         | 8028/221505 [00:41<18:22, 193.68it/s]
ROP:   4%|▎         | 8083/221505 [00:41<18:17, 194.52it/s]
ROP:   4%|▎         | 8138/221505 [00:41<18:14, 194.97it/s]
ROP:   4%|▎         | 8193/221505 [00:41<18:11, 195.38it/s]
ROP:   4%|▍         | 8320/221505 [00:42<17:57, 197.94it/s]
ROP:   4%|▍         | 8462/221505 [00:42<17:41, 200.78it/s]
ROP:   4%|▍         | 8604/221505 [00:42<17:41, 200.56it/s]
ROP:   4%|▍         | 8623/221505 [00:43<17:45, 199.83it/s]
ROP:   4%|▍         | 8661/221505 [00:43<17:43, 200.21it/s]
ROP:   4%|▍         | 8708/221505 [00:43<17:40, 200.72it/s]
ROP:   4%|▍         | 8755/221505 [00:43<17:40, 200.66it/s]
ROP:   4%|▍         | 8802/221505 [00:43<17:38, 200.94it/s]
ROP:   4%|▍         | 8867/221505 [00:43<17:32, 201.94it/s]
ROP:   4%|▍         | 8932/221505 [00:44<17:30, 202.31it/s]
ROP:   4%|▍         | 8997/221505 [00:44<17:39, 200.60it/s]
ROP:   4%|▍         | 9069/221505 [00:45<17:34, 201.50it/s]
ROP:   4%|▍         | 9141/221505 [00:45<17:32, 201.85it/s]
ROP:   4%|▍         | 9213/221505 [00:45<17:35, 201.17it/s]
ROP:   4%|▍         | 9228/221505 [00:46<17:44, 199.43it/s]
ROP:   4%|▍         | 9256/221505 [00:46<17:43, 199.54it/s]
ROP:   4%|▍         | 9284/221505 [00:46<17:45, 199.22it/s]
ROP:   4%|▍         | 9312/221505 [00:46<17:50, 198.22it/s]
ROP:   4%|▍         | 9341/221505 [00:47<17:50, 198.24it/s]
ROP:   4%|▍         | 9370/221505 [00:47<17:52, 197.80it/s]
ROP:   4%|▍         | 9414/221505 [00:47<17:49, 198.31it/s]
ROP:   4%|▍         | 9475/221505 [00:47<17:46, 198.87it/s]
ROP:   4%|▍         | 9536/221505 [00:48<17:53, 197.36it/s]
ROP:   4%|▍         | 9570/221505 [00:48<17:52, 197.61it/s]
ROP:   4%|▍         | 9604/221505 [00:48<17:53, 197.31it/s]
ROP:   4%|▍         | 9638/221505 [00:48<17:53, 197.43it/s]
ROP:   4%|▍         | 9673/221505 [00:48<17:51, 197.75it/s]
ROP:   4%|▍         | 9716/221505 [00:49<17:49, 198.00it/s]
ROP:   4%|▍         | 9785/221505 [00:49<17:44, 198.92it/s]
ROP:   4%|▍         | 9785/221505 [00:50<18:01, 195.70it/s]
ROP:   4%|▍         | 9844/221505 [00:50<17:55, 196.78it/s]
ROP:   4%|▍         | 9884/221505 [00:50<17:53, 197.09it/s]
ROP:   4%|▍         | 9924/221505 [00:50<17:54, 196.95it/s]
ROP:   5%|▍         | 10044/221505 [00:50<17:42, 198.93it/s]
ROP:   5%|▍         | 10164/221505 [00:51<17:46, 198.21it/s]
ROP:   5%|▍         | 10187/221505 [00:51<17:46, 198.14it/s]
ROP:   5%|▍         | 10287/221505 [00:51<17:37, 199.67it/s]
ROP:   5%|▍         | 10387/221505 [00:52<17:42, 198.76it/s]
ROP:   5%|▍         | 10408/221505 [00:52<17:42, 198.76it/s]
ROP:   5%|▍         | 10429/221505 [00:52<17:42, 198.65it/s]
ROP:   5%|▍         | 10464/221505 [00:52<17:41, 198.72it/s]
ROP:   5%|▍         | 10499/221505 [00:53<17:45, 198.00it/s]
ROP:   5%|▍         | 10534/221505 [00:53<17:45, 198.09it/s]
ROP:   5%|▍         | 10569/221505 [00:53<17:43, 198.30it/s]
ROP:   5%|▍         | 10629/221505 [00:53<17:39, 198.98it/s]
ROP:   5%|▍         | 10689/221505 [00:53<17:42, 198.38it/s]
ROP:   5%|▍         | 10749/221505 [00:54<17:47, 197.35it/s]
ROP:   5%|▍         | 10833/221505 [00:54<17:41, 198.52it/s]
ROP:   5%|▍         | 10917/221505 [00:55<17:53, 196.21it/s]
ROP:   5%|▍         | 10935/221505 [00:55<17:53, 196.16it/s]
ROP:   5%|▍         | 10953/221505 [00:55<17:54, 195.88it/s]
ROP:   5%|▍         | 11016/221505 [00:56<17:50, 196.60it/s]
ROP:   5%|▌         | 11079/221505 [00:56<17:53, 196.07it/s]
ROP:   5%|▌         | 11142/221505 [00:57<18:06, 193.57it/s]
ROP:   5%|▌         | 11148/221505 [00:57<18:09, 193.16it/s]
ROP:   5%|▌         | 11165/221505 [00:57<18:09, 193.06it/s]
ROP:   5%|▌         | 11197/221505 [00:58<18:09, 193.04it/s]
ROP:   5%|▌         | 11229/221505 [00:58<18:18, 191.48it/s]
ROP:   5%|▌         | 11288/221505 [00:58<18:14, 192.12it/s]
ROP:   5%|▌         | 11347/221505 [00:58<18:12, 192.33it/s]
ROP:   5%|▌         | 11406/221505 [00:59<18:19, 191.04it/s]
ROP:   5%|▌         | 11447/221505 [00:59<18:18, 191.16it/s]
ROP:   5%|▌         | 11488/221505 [01:00<18:19, 191.07it/s]
ROP:   5%|▌         | 11529/221505 [01:00<18:17, 191.33it/s]
ROP:   5%|▌         | 11570/221505 [01:00<18:17, 191.37it/s]
ROP:   5%|▌         | 11611/221505 [01:00<18:17, 191.32it/s]
ROP:   5%|▌         | 11652/221505 [01:01<18:22, 190.30it/s]
ROP:   5%|▌         | 11667/221505 [01:01<18:23, 190.19it/s]
ROP:   5%|▌         | 11682/221505 [01:01<18:24, 190.02it/s]
ROP:   5%|▌         | 11709/221505 [01:01<18:24, 190.01it/s]
ROP:   5%|▌         | 11736/221505 [01:01<18:24, 189.86it/s]
ROP:   5%|▌         | 11763/221505 [01:01<18:24, 189.87it/s]
ROP:   5%|▌         | 11790/221505 [01:02<18:25, 189.63it/s]
ROP:   5%|▌         | 11844/221505 [01:02<18:22, 190.19it/s]
ROP:   5%|▌         | 11898/221505 [01:02<18:24, 189.85it/s]
ROP:   5%|▌         | 11952/221505 [01:03<18:26, 189.34it/s]
ROP:   5%|▌         | 12006/221505 [01:03<18:26, 189.38it/s]
ROP:   5%|▌         | 12060/221505 [01:03<18:24, 189.61it/s]
ROP:   5%|▌         | 12114/221505 [01:03<18:24, 189.62it/s]
ROP:   5%|▌         | 12168/221505 [01:04<18:21, 190.12it/s]
ROP:   6%|▌         | 12222/221505 [01:04<18:22, 189.87it/s]
ROP:   6%|▌         | 12276/221505 [01:04<18:21, 189.87it/s]
ROP:   6%|▌         | 12330/221505 [01:05<18:24, 189.31it/s]
ROP:   6%|▌         | 12384/221505 [01:05<18:26, 188.94it/s]
ROP:   6%|▌         | 12458/221505 [01:05<18:21, 189.70it/s]
ROP:   6%|▌         | 12532/221505 [01:06<18:30, 188.23it/s]
ROP:   6%|▌         | 12558/221505 [01:06<18:29, 188.27it/s]
ROP:   6%|▌         | 12584/221505 [01:07<18:32, 187.74it/s]
ROP:   6%|▌         | 12610/221505 [01:07<18:35, 187.28it/s]
ROP:   6%|▌         | 12636/221505 [01:07<18:35, 187.23it/s]
ROP:   6%|▌         | 12725/221505 [01:07<18:29, 188.21it/s]
ROP:   6%|▌         | 12814/221505 [01:07<18:22, 189.22it/s]
ROP:   6%|▌         | 12903/221505 [01:07<18:18, 189.90it/s]
ROP:   6%|▌         | 12992/221505 [01:08<18:13, 190.70it/s]
ROP:   6%|▌         | 13081/221505 [01:08<18:08, 191.53it/s]
ROP:   6%|▌         | 13170/221505 [01:08<18:06, 191.75it/s]
ROP:   6%|▌         | 13259/221505 [01:09<18:04, 192.03it/s]
ROP:   6%|▌         | 13348/221505 [01:09<18:07, 191.49it/s]
ROP:   6%|▌         | 13364/221505 [01:09<18:07, 191.42it/s]
ROP:   6%|▌         | 13380/221505 [01:10<18:13, 190.27it/s]
ROP:   6%|▌         | 13405/221505 [01:10<18:13, 190.29it/s]
ROP:   6%|▌         | 13430/221505 [01:10<18:19, 189.31it/s]
ROP:   6%|▌         | 13455/221505 [01:11<18:21, 188.86it/s]
ROP:   6%|▌         | 13480/221505 [01:11<18:23, 188.50it/s]
ROP:   6%|▌         | 13512/221505 [01:11<18:23, 188.51it/s]
ROP:   6%|▌         | 13544/221505 [01:12<18:27, 187.70it/s]
ROP:   6%|▌         | 13576/221505 [01:12<18:27, 187.69it/s]
ROP:   6%|▌         | 13608/221505 [01:12<18:31, 187.03it/s]
ROP:   6%|▌         | 13640/221505 [01:13<18:34, 186.56it/s]
ROP:   6%|▌         | 13723/221505 [01:13<18:28, 187.40it/s]
ROP:   6%|▌         | 13806/221505 [01:13<18:28, 187.44it/s]
ROP:   6%|▋         | 13889/221505 [01:13<18:22, 188.28it/s]
ROP:   6%|▋         | 13972/221505 [01:14<18:26, 187.58it/s]
ROP:   6%|▋         | 13984/221505 [01:14<18:27, 187.46it/s]
ROP:   6%|▋         | 14045/221505 [01:14<18:24, 187.89it/s]
ROP:   6%|▋         | 14106/221505 [01:15<18:26, 187.49it/s]
ROP:   6%|▋         | 14167/221505 [01:15<18:23, 187.85it/s]
ROP:   6%|▋         | 14245/221505 [01:15<18:19, 188.55it/s]
ROP:   6%|▋         | 14323/221505 [01:16<18:27, 187.06it/s]
ROP:   6%|▋         | 14357/221505 [01:16<18:26, 187.13it/s]
ROP:   7%|▋         | 14401/221505 [01:16<18:25, 187.30it/s]
ROP:   7%|▋         | 14445/221505 [01:17<18:24, 187.39it/s]
ROP:   7%|▋         | 14489/221505 [01:17<18:27, 186.94it/s]
ROP:   7%|▋         | 14557/221505 [01:17<18:23, 187.56it/s]
ROP:   7%|▋         | 14625/221505 [01:18<18:23, 187.46it/s]
ROP:   7%|▋         | 14693/221505 [01:18<18:21, 187.79it/s]
ROP:   7%|▋         | 14761/221505 [01:19<18:27, 186.69it/s]
ROP:   7%|▋         | 14770/221505 [01:19<18:31, 185.92it/s]
ROP:   7%|▋         | 14779/221505 [01:19<18:34, 185.53it/s]
ROP:   7%|▋         | 14821/221505 [01:19<18:32, 185.77it/s]
ROP:   7%|▋         | 14863/221505 [01:20<18:33, 185.50it/s]
ROP:   7%|▋         | 14945/221505 [01:20<18:29, 186.26it/s]
ROP:   7%|▋         | 15027/221505 [01:20<18:26, 186.64it/s]
ROP:   7%|▋         | 15109/221505 [01:20<18:23, 187.04it/s]
ROP:   7%|▋         | 15191/221505 [01:21<18:22, 187.19it/s]
ROP:   7%|▋         | 15273/221505 [01:21<18:18, 187.82it/s]
ROP:   7%|▋         | 15355/221505 [01:21<18:16, 188.06it/s]
ROP:   7%|▋         | 15437/221505 [01:21<18:12, 188.70it/s]
ROP:   7%|▋         | 15519/221505 [01:22<18:14, 188.21it/s]
ROP:   7%|▋         | 15648/221505 [01:22<18:06, 189.42it/s]
ROP:   7%|▋         | 15777/221505 [01:23<18:05, 189.48it/s]
ROP:   7%|▋         | 15819/221505 [01:23<18:04, 189.74it/s]
ROP:   7%|▋         | 15861/221505 [01:23<18:02, 190.01it/s]
ROP:   7%|▋         | 15924/221505 [01:23<17:58, 190.53it/s]
ROP:   7%|▋         | 15987/221505 [01:23<17:56, 190.98it/s]
ROP:   7%|▋         | 16095/221505 [01:23<17:50, 191.81it/s]
ROP:   7%|▋         | 16203/221505 [01:24<17:45, 192.65it/s]
ROP:   7%|▋         | 16311/221505 [01:24<17:41, 193.33it/s]
ROP:   7%|▋         | 16419/221505 [01:24<17:35, 194.23it/s]
ROP:   7%|▋         | 16527/221505 [01:24<17:33, 194.66it/s]
ROP:   8%|▊         | 16635/221505 [01:25<17:27, 195.57it/s]
ROP:   8%|▊         | 16743/221505 [01:25<17:24, 195.99it/s]
ROP:   8%|▊         | 16858/221505 [01:25<17:18, 197.09it/s]
ROP:   8%|▊         | 16973/221505 [01:25<17:14, 197.77it/s]
ROP:   8%|▊         | 17097/221505 [01:25<17:07, 198.96it/s]
ROP:   8%|▊         | 17223/221505 [01:26<17:00, 200.19it/s]
ROP:   8%|▊         | 17410/221505 [01:26<16:49, 202.13it/s]
ROP:   8%|▊         | 17597/221505 [01:26<16:42, 203.39it/s]
ROP:   8%|▊         | 17784/221505 [01:26<16:34, 204.80it/s]
ROP:   8%|▊         | 17971/221505 [01:27<16:29, 205.66it/s]
ROP:   8%|▊         | 18031/221505 [01:27<16:27, 206.10it/s]
ROP:   8%|▊         | 18172/221505 [01:27<16:20, 207.46it/s]
ROP:   8%|▊         | 18313/221505 [01:28<16:16, 208.01it/s]
ROP:   8%|▊         | 18454/221505 [01:28<16:10, 209.27it/s]
ROP:   8%|▊         | 18595/221505 [01:28<16:04, 210.46it/s]
ROP:   8%|▊         | 18736/221505 [01:28<15:57, 211.79it/s]
ROP:   9%|▊         | 18877/221505 [01:28<15:52, 212.71it/s]
ROP:   9%|▊         | 19018/221505 [01:28<15:46, 213.91it/s]
ROP:   9%|▊         | 19159/221505 [01:29<15:41, 214.96it/s]
ROP:   9%|▊         | 19300/221505 [01:29<15:37, 215.70it/s]
ROP:   9%|▉         | 19441/221505 [01:29<15:34, 216.32it/s]
ROP:   9%|▉         | 19582/221505 [01:30<15:31, 216.70it/s]
ROP:   9%|▉         | 19723/221505 [01:30<15:25, 217.96it/s]
ROP:   9%|▉         | 19864/221505 [01:30<15:20, 219.14it/s]
ROP:   9%|▉         | 20005/221505 [01:31<15:24, 218.03it/s]
ROP:   9%|▉         | 20029/221505 [01:31<15:24, 217.97it/s]
ROP:   9%|▉         | 20053/221505 [01:32<15:24, 217.94it/s]
ROP:   9%|▉         | 20077/221505 [01:32<15:25, 217.54it/s]
ROP:   9%|▉         | 20101/221505 [01:32<15:31, 216.30it/s]
ROP:   9%|▉         | 20110/221505 [01:33<15:31, 216.15it/s]
ROP:   9%|▉         | 20132/221505 [01:33<15:32, 216.02it/s]
ROP:   9%|▉         | 20154/221505 [01:33<15:34, 215.50it/s]
ROP:   9%|▉         | 20176/221505 [01:33<15:34, 215.40it/s]
ROP:   9%|▉         | 20198/221505 [01:33<15:34, 215.36it/s]
ROP:   9%|▉         | 20286/221505 [01:33<15:31, 216.07it/s]
ROP:   9%|▉         | 20374/221505 [01:34<15:34, 215.21it/s]
ROP:   9%|▉         | 20480/221505 [01:34<15:30, 216.04it/s]
ROP:   9%|▉         | 20586/221505 [01:35<15:34, 215.09it/s]
ROP:   9%|▉         | 20622/221505 [01:35<15:33, 215.10it/s]
ROP:   9%|▉         | 20658/221505 [01:36<15:34, 214.84it/s]
ROP:   9%|▉         | 20695/221505 [01:36<15:34, 214.90it/s]
ROP:   9%|▉         | 20732/221505 [01:36<15:33, 214.99it/s]
ROP:   9%|▉         | 20769/221505 [01:36<15:35, 214.66it/s]
ROP:   9%|▉         | 20806/221505 [01:36<15:34, 214.69it/s]
ROP:   9%|▉         | 20856/221505 [01:37<15:33, 214.95it/s]
ROP:   9%|▉         | 20906/221505 [01:37<15:33, 214.84it/s]
ROP:   9%|▉         | 20956/221505 [01:38<15:40, 213.18it/s]
ROP:   9%|▉         | 21040/221505 [01:38<15:37, 213.75it/s]
ROP:  10%|▉         | 21124/221505 [01:39<15:43, 212.32it/s]
ROP:  10%|▉         | 21173/221505 [01:39<15:42, 212.57it/s]
ROP:  10%|▉         | 21222/221505 [01:39<15:41, 212.76it/s]
ROP:  10%|▉         | 21271/221505 [01:39<15:41, 212.79it/s]
ROP:  10%|▉         | 21320/221505 [01:40<15:40, 212.95it/s]
ROP:  10%|▉         | 21432/221505 [01:40<15:35, 213.84it/s]
ROP:  10%|▉         | 21544/221505 [01:40<15:33, 214.20it/s]
ROP:  10%|▉         | 21656/221505 [01:40<15:31, 214.62it/s]
ROP:  10%|▉         | 21859/221505 [01:41<15:22, 216.42it/s]
ROP:  10%|▉         | 22062/221505 [01:41<15:15, 217.75it/s]
ROP:  10%|█         | 22265/221505 [01:41<15:07, 219.48it/s]
ROP:  10%|█         | 22468/221505 [01:41<14:59, 221.26it/s]
ROP:  10%|█         | 22671/221505 [01:41<14:51, 223.02it/s]
ROP:  10%|█         | 22874/221505 [01:41<14:45, 224.43it/s]
ROP:  10%|█         | 23095/221505 [01:42<14:36, 226.38it/s]
ROP:  11%|█         | 23316/221505 [01:42<14:28, 228.25it/s]
ROP:  11%|█         | 23537/221505 [01:42<14:21, 229.71it/s]
ROP:  11%|█         | 23758/221505 [01:42<14:13, 231.57it/s]
ROP:  11%|█         | 23979/221505 [01:42<14:06, 233.30it/s]
ROP:  11%|█         | 24200/221505 [01:42<13:58, 235.21it/s]
ROP:  11%|█         | 24421/221505 [01:43<13:51, 236.96it/s]
ROP:  11%|█         | 24642/221505 [01:43<13:48, 237.70it/s]
ROP:  11%|█         | 24679/221505 [01:43<13:48, 237.44it/s]
ROP:  11%|█         | 24716/221505 [01:44<13:48, 237.53it/s]
ROP:  11%|█         | 24753/221505 [01:44<13:48, 237.43it/s]
ROP:  11%|█         | 24790/221505 [01:44<13:49, 237.05it/s]
ROP:  11%|█         | 24871/221505 [01:44<13:48, 237.41it/s]
ROP:  11%|█▏        | 24952/221505 [01:45<13:47, 237.53it/s]
ROP:  11%|█▏        | 25033/221505 [01:45<13:47, 237.29it/s]
ROP:  11%|█▏        | 25114/221505 [01:46<13:53, 235.54it/s]
ROP:  11%|█▏        | 25134/221505 [01:46<13:54, 235.46it/s]
ROP:  11%|█▏        | 25154/221505 [01:47<13:56, 234.82it/s]
ROP:  11%|█▏        | 25174/221505 [01:47<13:56, 234.74it/s]
ROP:  11%|█▏        | 25217/221505 [01:47<13:55, 234.92it/s]
ROP:  11%|█▏        | 25260/221505 [01:47<13:58, 234.13it/s]
ROP:  11%|█▏        | 25268/221505 [01:48<13:59, 233.73it/s]
ROP:  11%|█▏        | 25295/221505 [01:48<13:59, 233.71it/s]
ROP:  11%|█▏        | 25322/221505 [01:48<14:00, 233.40it/s]
ROP:  11%|█▏        | 25369/221505 [01:48<13:59, 233.62it/s]
ROP:  11%|█▏        | 25421/221505 [01:48<13:58, 233.87it/s]
ROP:  11%|█▏        | 25473/221505 [01:48<13:57, 233.95it/s]
ROP:  12%|█▏        | 25525/221505 [01:49<13:59, 233.49it/s]
ROP:  12%|█▏        | 25577/221505 [01:49<14:02, 232.68it/s]
ROP:  12%|█▏        | 25589/221505 [01:50<14:02, 232.41it/s]
ROP:  12%|█▏        | 25601/221505 [01:50<14:05, 231.65it/s]
ROP:  12%|█▏        | 25617/221505 [01:50<14:06, 231.46it/s]
ROP:  12%|█▏        | 25633/221505 [01:51<14:08, 230.86it/s]
ROP:  12%|█▏        | 25665/221505 [01:51<14:08, 230.94it/s]
ROP:  12%|█▏        | 25697/221505 [01:51<14:10, 230.34it/s]
ROP:  12%|█▏        | 25729/221505 [01:51<14:10, 230.24it/s]
ROP:  12%|█▏        | 25761/221505 [01:52<14:13, 229.32it/s]
ROP:  12%|█▏        | 25774/221505 [01:52<14:14, 229.13it/s]
ROP:  12%|█▏        | 25787/221505 [01:52<14:16, 228.44it/s]
ROP:  12%|█▏        | 25813/221505 [01:53<14:16, 228.38it/s]
ROP:  12%|█▏        | 25839/221505 [01:53<14:20, 227.52it/s]
ROP:  12%|█▏        | 25887/221505 [01:53<14:19, 227.69it/s]
ROP:  12%|█▏        | 25935/221505 [01:53<14:19, 227.63it/s]
ROP:  12%|█▏        | 25983/221505 [01:54<14:23, 226.54it/s]
ROP:  12%|█▏        | 26010/221505 [01:54<14:23, 226.43it/s]
ROP:  12%|█▏        | 26037/221505 [01:55<14:24, 226.02it/s]
ROP:  12%|█▏        | 26064/221505 [01:55<14:24, 226.03it/s]
ROP:  12%|█▏        | 26101/221505 [01:55<14:24, 226.13it/s]
ROP:  12%|█▏        | 26143/221505 [01:55<14:23, 226.28it/s]
ROP:  12%|█▏        | 26185/221505 [01:55<14:22, 226.43it/s]
ROP:  12%|█▏        | 26227/221505 [01:55<14:21, 226.59it/s]
ROP:  12%|█▏        | 26320/221505 [01:55<14:19, 227.20it/s]
ROP:  12%|█▏        | 26413/221505 [01:56<14:19, 226.89it/s]
ROP:  12%|█▏        | 26459/221505 [01:56<14:19, 227.06it/s]
ROP:  12%|█▏        | 26505/221505 [01:56<14:18, 227.20it/s]
ROP:  12%|█▏        | 26657/221505 [01:56<14:13, 228.30it/s]
ROP:  12%|█▏        | 26809/221505 [01:57<14:14, 227.81it/s]
ROP:  12%|█▏        | 26849/221505 [01:57<14:14, 227.80it/s]
ROP:  12%|█▏        | 26889/221505 [01:58<14:14, 227.86it/s]
ROP:  12%|█▏        | 26943/221505 [01:58<14:13, 227.99it/s]
ROP:  12%|█▏        | 26997/221505 [01:58<14:13, 227.88it/s]
ROP:  12%|█▏        | 27051/221505 [01:58<14:13, 227.87it/s]
ROP:  12%|█▏        | 27116/221505 [01:58<14:11, 228.21it/s]
ROP:  12%|█▏        | 27210/221505 [01:58<14:09, 228.78it/s]
ROP:  12%|█▏        | 27304/221505 [01:59<14:07, 229.05it/s]
ROP:  12%|█▏        | 27398/221505 [01:59<14:06, 229.25it/s]
ROP:  12%|█▏        | 27492/221505 [01:59<14:04, 229.79it/s]
ROP:  12%|█▏        | 27586/221505 [01:59<14:03, 229.98it/s]
ROP:  12%|█▏        | 27680/221505 [02:00<14:01, 230.30it/s]
ROP:  13%|█▎        | 27852/221505 [02:00<13:56, 231.51it/s]
ROP:  13%|█▎        | 28024/221505 [02:01<13:58, 230.81it/s]
ROP:  13%|█▎        | 28040/221505 [02:01<13:59, 230.51it/s]
ROP:  13%|█▎        | 28056/221505 [02:01<13:59, 230.40it/s]
ROP:  13%|█▎        | 28090/221505 [02:01<13:59, 230.39it/s]
ROP:  13%|█▎        | 28124/221505 [02:02<14:01, 229.88it/s]
ROP:  13%|█▎        | 28158/221505 [02:02<14:02, 229.60it/s]
ROP:  13%|█▎        | 28207/221505 [02:02<14:01, 229.67it/s]
ROP:  13%|█▎        | 28256/221505 [02:03<14:02, 229.26it/s]
ROP:  13%|█▎        | 28305/221505 [02:03<14:04, 228.76it/s]
ROP:  13%|█▎        | 28354/221505 [02:03<14:04, 228.79it/s]
ROP:  13%|█▎        | 28403/221505 [02:04<14:04, 228.65it/s]
ROP:  13%|█▎        | 28452/221505 [02:04<14:03, 228.79it/s]
ROP:  13%|█▎        | 28501/221505 [02:04<14:02, 228.98it/s]
ROP:  13%|█▎        | 28550/221505 [02:04<14:03, 228.88it/s]
ROP:  13%|█▎        | 28599/221505 [02:04<14:02, 229.03it/s]
ROP:  13%|█▎        | 28648/221505 [02:05<14:05, 228.23it/s]
ROP:  13%|█▎        | 28662/221505 [02:05<14:05, 228.12it/s]
ROP:  13%|█▎        | 28676/221505 [02:05<14:06, 227.86it/s]
ROP:  13%|█▎        | 28690/221505 [02:06<14:07, 227.51it/s]
ROP:  13%|█▎        | 28744/221505 [02:06<14:06, 227.69it/s]
ROP:  13%|█▎        | 28798/221505 [02:06<14:06, 227.77it/s]
ROP:  13%|█▎        | 28852/221505 [02:06<14:05, 227.74it/s]
ROP:  13%|█▎        | 28952/221505 [02:06<14:03, 228.26it/s]
ROP:  13%|█▎        | 29052/221505 [02:06<14:01, 228.78it/s]
ROP:  13%|█▎        | 29152/221505 [02:07<13:59, 229.05it/s]
ROP:  13%|█▎        | 29252/221505 [02:07<13:57, 229.60it/s]
ROP:  13%|█▎        | 29352/221505 [02:07<13:55, 230.01it/s]
ROP:  13%|█▎        | 29480/221505 [02:07<13:52, 230.71it/s]
ROP:  13%|█▎        | 29608/221505 [02:07<13:49, 231.43it/s]
ROP:  13%|█▎        | 29736/221505 [02:08<13:46, 232.05it/s]
ROP:  13%|█▎        | 29864/221505 [02:08<13:42, 232.87it/s]
ROP:  14%|█▎        | 29992/221505 [02:08<13:39, 233.61it/s]
ROP:  14%|█▎        | 30120/221505 [02:08<13:37, 233.98it/s]
ROP:  14%|█▎        | 30248/221505 [02:09<13:37, 233.91it/s]
ROP:  14%|█▎        | 30324/221505 [02:09<13:36, 234.07it/s]
ROP:  14%|█▎        | 30400/221505 [02:09<13:35, 234.37it/s]
ROP:  14%|█▍        | 30476/221505 [02:09<13:34, 234.63it/s]
ROP:  14%|█▍        | 30552/221505 [02:10<13:32, 234.97it/s]
ROP:  14%|█▍        | 30628/221505 [02:10<13:31, 235.26it/s]
ROP:  14%|█▍        | 30826/221505 [02:10<13:25, 236.58it/s]
ROP:  14%|█▍        | 31024/221505 [02:10<13:21, 237.66it/s]
ROP:  14%|█▍        | 31222/221505 [02:10<13:16, 238.80it/s]
ROP:  14%|█▍        | 31448/221505 [02:10<13:10, 240.35it/s]
ROP:  14%|█▍        | 31674/221505 [02:11<13:05, 241.73it/s]
ROP:  14%|█▍        | 31900/221505 [02:11<13:00, 242.98it/s]
ROP:  15%|█▍        | 32126/221505 [02:11<12:57, 243.60it/s]
ROP:  15%|█▍        | 32350/221505 [02:11<12:51, 245.08it/s]
ROP:  15%|█▍        | 32574/221505 [02:12<12:47, 246.05it/s]
ROP:  15%|█▍        | 32798/221505 [02:13<12:45, 246.57it/s]
ROP:  15%|█▍        | 32834/221505 [02:13<12:44, 246.66it/s]
ROP:  15%|█▍        | 32949/221505 [02:13<12:42, 247.25it/s]
ROP:  15%|█▍        | 33064/221505 [02:13<12:43, 246.95it/s]
ROP:  15%|█▍        | 33091/221505 [02:13<12:42, 246.97it/s]
ROP:  15%|█▍        | 33194/221505 [02:14<12:41, 247.45it/s]
ROP:  15%|█▌        | 33297/221505 [02:15<12:43, 246.47it/s]
ROP:  15%|█▌        | 33380/221505 [02:15<12:42, 246.88it/s]
ROP:  15%|█▌        | 33463/221505 [02:15<12:40, 247.20it/s]
ROP:  15%|█▌        | 33551/221505 [02:15<12:38, 247.64it/s]
ROP:  15%|█▌        | 33639/221505 [02:15<12:38, 247.58it/s]
ROP:  15%|█▌        | 33727/221505 [02:16<12:38, 247.64it/s]
ROP:  15%|█▌        | 33834/221505 [02:16<12:36, 248.18it/s]
ROP:  15%|█▌        | 34040/221505 [02:16<12:31, 249.44it/s]
ROP:  15%|█▌        | 34246/221505 [02:16<12:27, 250.55it/s]
ROP:  16%|█▌        | 34452/221505 [02:16<12:23, 251.64it/s]
ROP:  16%|█▌        | 34658/221505 [02:17<12:19, 252.51it/s]
ROP:  16%|█▌        | 34864/221505 [02:18<12:19, 252.44it/s]
ROP:  16%|█▌        | 34889/221505 [02:18<12:21, 251.59it/s]
ROP:  16%|█▌        | 34936/221505 [02:18<12:21, 251.74it/s]
ROP:  16%|█▌        | 34983/221505 [02:19<12:22, 251.19it/s]
ROP:  16%|█▌        | 35030/221505 [02:19<12:24, 250.44it/s]
ROP:  16%|█▌        | 35058/221505 [02:20<12:24, 250.38it/s]
ROP:  16%|█▌        | 35086/221505 [02:20<12:24, 250.32it/s]
ROP:  16%|█▌        | 35115/221505 [02:20<12:24, 250.29it/s]
ROP:  16%|█▌        | 35144/221505 [02:20<12:25, 250.00it/s]
ROP:  16%|█▌        | 35248/221505 [02:20<12:24, 250.30it/s]
ROP:  16%|█▌        | 35352/221505 [02:21<12:26, 249.50it/s]
ROP:  16%|█▌        | 35365/221505 [02:21<12:26, 249.28it/s]
ROP:  16%|█▌        | 35378/221505 [02:22<12:27, 248.91it/s]
ROP:  16%|█▌        | 35391/221505 [02:22<12:28, 248.70it/s]
ROP:  16%|█▌        | 35406/221505 [02:22<12:28, 248.59it/s]
ROP:  16%|█▌        | 35421/221505 [02:22<12:30, 248.05it/s]
ROP:  16%|█▌        | 35511/221505 [02:22<12:28, 248.49it/s]
ROP:  16%|█▌        | 35601/221505 [02:23<12:28, 248.32it/s]
ROP:  16%|█▌        | 35691/221505 [02:23<12:27, 248.57it/s]
ROP:  16%|█▌        | 35781/221505 [02:23<12:27, 248.55it/s]
ROP:  16%|█▌        | 35871/221505 [02:24<12:27, 248.34it/s]
ROP:  16%|█▌        | 35961/221505 [02:24<12:26, 248.40it/s]
ROP:  16%|█▋        | 36051/221505 [02:25<12:26, 248.37it/s]
ROP:  16%|█▋        | 36141/221505 [02:25<12:28, 247.79it/s]
ROP:  16%|█▋        | 36154/221505 [02:26<12:29, 247.32it/s]
ROP:  16%|█▋        | 36167/221505 [02:26<12:29, 247.21it/s]
ROP:  16%|█▋        | 36220/221505 [02:26<12:29, 247.18it/s]
ROP:  16%|█▋        | 36273/221505 [02:26<12:29, 247.20it/s]
ROP:  16%|█▋        | 36326/221505 [02:27<12:30, 246.64it/s]
ROP:  16%|█▋        | 36346/221505 [02:27<12:30, 246.58it/s]
ROP:  16%|█▋        | 36366/221505 [02:27<12:32, 245.88it/s]
ROP:  16%|█▋        | 36370/221505 [02:28<12:33, 245.65it/s]
ROP:  16%|█▋        | 36416/221505 [02:28<12:33, 245.73it/s]
ROP:  16%|█▋        | 36462/221505 [02:28<12:33, 245.44it/s]
ROP:  16%|█▋        | 36508/221505 [02:29<12:36, 244.68it/s]
ROP:  16%|█▋        | 36516/221505 [02:29<12:36, 244.48it/s]
ROP:  16%|█▋        | 36525/221505 [02:29<12:37, 244.34it/s]
ROP:  16%|█▋        | 36534/221505 [02:29<12:38, 243.81it/s]
ROP:  17%|█▋        | 36614/221505 [02:30<12:37, 244.01it/s]
ROP:  17%|█▋        | 36694/221505 [02:30<12:37, 244.10it/s]
ROP:  17%|█▋        | 36774/221505 [02:30<12:36, 244.07it/s]
ROP:  17%|█▋        | 36854/221505 [02:30<12:35, 244.40it/s]
ROP:  17%|█▋        | 36934/221505 [02:31<12:36, 243.98it/s]
ROP:  17%|█▋        | 36951/221505 [02:31<12:36, 243.92it/s]
ROP:  17%|█▋        | 36968/221505 [02:31<12:37, 243.62it/s]
ROP:  17%|█▋        | 36985/221505 [02:31<12:37, 243.49it/s]
ROP:  17%|█▋        | 37002/221505 [02:32<12:38, 243.29it/s]
ROP:  17%|█▋        | 37038/221505 [02:32<12:38, 243.20it/s]
ROP:  17%|█▋        | 37094/221505 [02:32<12:37, 243.40it/s]
ROP:  17%|█▋        | 37150/221505 [02:32<12:37, 243.45it/s]
ROP:  17%|█▋        | 37206/221505 [02:32<12:36, 243.57it/s]
ROP:  17%|█▋        | 37262/221505 [02:32<12:36, 243.65it/s]
ROP:  17%|█▋        | 37318/221505 [02:33<12:35, 243.75it/s]
ROP:  17%|█▋        | 37374/221505 [02:33<12:35, 243.83it/s]
ROP:  17%|█▋        | 37430/221505 [02:33<12:36, 243.48it/s]
ROP:  17%|█▋        | 37486/221505 [02:34<12:36, 243.40it/s]
ROP:  17%|█▋        | 37542/221505 [02:34<12:35, 243.42it/s]
ROP:  17%|█▋        | 37598/221505 [02:34<12:34, 243.61it/s]
ROP:  17%|█▋        | 37654/221505 [02:34<12:34, 243.71it/s]
ROP:  17%|█▋        | 37763/221505 [02:34<12:32, 244.10it/s]
ROP:  17%|█▋        | 37872/221505 [02:34<12:30, 244.63it/s]
ROP:  17%|█▋        | 37981/221505 [02:35<12:29, 244.87it/s]
ROP:  17%|█▋        | 38209/221505 [02:35<12:24, 246.08it/s]
ROP:  17%|█▋        | 38437/221505 [02:36<12:24, 245.81it/s]
ROP:  17%|█▋        | 38458/221505 [02:36<12:24, 245.76it/s]
ROP:  17%|█▋        | 38598/221505 [02:36<12:22, 246.48it/s]
ROP:  17%|█▋        | 38738/221505 [02:37<12:21, 246.56it/s]
ROP:  18%|█▊        | 38801/221505 [02:37<12:20, 246.75it/s]
ROP:  18%|█▊        | 38864/221505 [02:38<12:26, 244.79it/s]
ROP:  18%|█▊        | 38968/221505 [02:38<12:24, 245.25it/s]
ROP:  18%|█▊        | 39072/221505 [02:39<12:24, 245.17it/s]
ROP:  18%|█▊        | 39176/221505 [02:39<12:24, 244.95it/s]
ROP:  18%|█▊        | 39248/221505 [02:40<12:23, 245.21it/s]
ROP:  18%|█▊        | 39320/221505 [02:40<12:22, 245.29it/s]
ROP:  18%|█▊        | 39392/221505 [02:40<12:22, 245.36it/s]
ROP:  18%|█▊        | 39464/221505 [02:40<12:21, 245.61it/s]
ROP:  18%|█▊        | 39536/221505 [02:40<12:20, 245.85it/s]
ROP:  18%|█▊        | 39608/221505 [02:40<12:19, 246.04it/s]
ROP:  18%|█▊        | 39680/221505 [02:41<12:20, 245.62it/s]
ROP:  18%|█▊        | 39746/221505 [02:41<12:19, 245.86it/s]
ROP:  18%|█▊        | 39812/221505 [02:42<12:20, 245.35it/s]
ROP:  18%|█▊        | 39852/221505 [02:42<12:20, 245.39it/s]
ROP:  18%|█▊        | 39892/221505 [02:42<12:20, 245.39it/s]
ROP:  18%|█▊        | 39932/221505 [02:42<12:20, 245.29it/s]
ROP:  18%|█▊        | 39972/221505 [02:43<12:21, 244.97it/s]
ROP:  18%|█▊        | 40012/221505 [02:43<12:22, 244.56it/s]
ROP:  18%|█▊        | 40066/221505 [02:43<12:21, 244.60it/s]
ROP:  18%|█▊        | 40120/221505 [02:44<12:23, 244.12it/s]
ROP:  18%|█▊        | 40143/221505 [02:44<12:23, 244.03it/s]
ROP:  18%|█▊        | 40166/221505 [02:44<12:23, 243.75it/s]
ROP:  18%|█▊        | 40189/221505 [02:44<12:24, 243.69it/s]
ROP:  18%|█▊        | 40212/221505 [02:45<12:25, 243.19it/s]
ROP:  18%|█▊        | 40235/221505 [02:45<12:26, 242.71it/s]
ROP:  18%|█▊        | 40258/221505 [02:46<12:28, 242.11it/s]
ROP:  18%|█▊        | 40277/221505 [02:46<12:28, 242.04it/s]
ROP:  18%|█▊        | 40296/221505 [02:46<12:29, 241.93it/s]
ROP:  18%|█▊        | 40350/221505 [02:46<12:28, 242.00it/s]
ROP:  18%|█▊        | 40404/221505 [02:47<12:28, 241.90it/s]
ROP:  18%|█▊        | 40458/221505 [02:47<12:28, 241.96it/s]
ROP:  18%|█▊        | 40512/221505 [02:47<12:28, 241.85it/s]
ROP:  18%|█▊        | 40577/221505 [02:47<12:27, 242.00it/s]
ROP:  18%|█▊        | 40642/221505 [02:48<12:27, 241.90it/s]
ROP:  18%|█▊        | 40721/221505 [02:48<12:26, 242.21it/s]
ROP:  18%|█▊        | 40838/221505 [02:48<12:24, 242.73it/s]
ROP:  18%|█▊        | 40955/221505 [02:48<12:23, 242.70it/s]
ROP:  19%|█▊        | 41020/221505 [02:48<12:23, 242.88it/s]
ROP:  19%|█▊        | 41128/221505 [02:48<12:21, 243.37it/s]
ROP:  19%|█▊        | 41236/221505 [02:49<12:22, 242.76it/s]
ROP:  19%|█▊        | 41264/221505 [02:49<12:22, 242.78it/s]
ROP:  19%|█▊        | 41346/221505 [02:50<12:21, 243.09it/s]
ROP:  19%|█▊        | 41428/221505 [02:50<12:20, 243.15it/s]
ROP:  19%|█▊        | 41510/221505 [02:50<12:21, 242.88it/s]
ROP:  19%|█▉        | 41547/221505 [02:51<12:20, 242.86it/s]
ROP:  19%|█▉        | 41589/221505 [02:51<12:21, 242.66it/s]
ROP:  19%|█▉        | 41631/221505 [02:51<12:21, 242.62it/s]
ROP:  19%|█▉        | 41673/221505 [02:51<12:21, 242.64it/s]
ROP:  19%|█▉        | 41715/221505 [02:52<12:22, 242.25it/s]
ROP:  19%|█▉        | 41757/221505 [02:52<12:24, 241.49it/s]
ROP:  19%|█▉        | 41763/221505 [02:53<12:24, 241.33it/s]
ROP:  19%|█▉        | 41770/221505 [02:53<12:25, 241.16it/s]
ROP:  19%|█▉        | 41777/221505 [02:53<12:26, 240.87it/s]
ROP:  19%|█▉        | 41786/221505 [02:53<12:26, 240.73it/s]
ROP:  19%|█▉        | 41800/221505 [02:53<12:26, 240.62it/s]
ROP:  19%|█▉        | 41814/221505 [02:53<12:27, 240.48it/s]
ROP:  19%|█▉        | 41881/221505 [02:54<12:26, 240.64it/s]
ROP:  19%|█▉        | 41964/221505 [02:54<12:25, 240.89it/s]
ROP:  19%|█▉        | 42047/221505 [02:54<12:24, 241.03it/s]
ROP:  19%|█▉        | 42130/221505 [02:54<12:24, 241.01it/s]
ROP:  19%|█▉        | 42213/221505 [02:55<12:24, 240.69it/s]
ROP:  19%|█▉        | 42262/221505 [02:55<12:24, 240.79it/s]
ROP:  19%|█▉        | 42311/221505 [02:55<12:24, 240.72it/s]
ROP:  19%|█▉        | 42397/221505 [02:55<12:22, 241.07it/s]
ROP:  19%|█▉        | 42483/221505 [02:56<12:22, 241.26it/s]
ROP:  19%|█▉        | 42569/221505 [02:56<12:21, 241.33it/s]
ROP:  19%|█▉        | 42655/221505 [02:56<12:20, 241.57it/s]
ROP:  19%|█▉        | 42741/221505 [02:56<12:20, 241.49it/s]
ROP:  19%|█▉        | 42827/221505 [02:57<12:22, 240.74it/s]
ROP:  19%|█▉        | 42838/221505 [02:58<12:22, 240.61it/s]
ROP:  19%|█▉        | 42891/221505 [02:58<12:21, 240.74it/s]
ROP:  19%|█▉        | 42944/221505 [02:58<12:23, 240.31it/s]
ROP:  19%|█▉        | 43105/221505 [02:58<12:20, 241.02it/s]
ROP:  20%|█▉        | 43291/221505 [02:58<12:16, 241.86it/s]
ROP:  20%|█▉        | 43291/221505 [03:00<12:21, 240.50it/s]
ROP:  20%|█▉        | 43426/221505 [03:00<12:18, 241.25it/s]
ROP:  20%|█▉        | 43440/221505 [03:00<12:18, 241.12it/s]
ROP:  20%|█▉        | 43454/221505 [03:00<12:19, 240.89it/s]
ROP:  20%|█▉        | 43472/221505 [03:00<12:19, 240.84it/s]
ROP:  20%|█▉        | 43490/221505 [03:01<12:20, 240.26it/s]
ROP:  20%|█▉        | 43497/221505 [03:01<12:21, 240.15it/s]
ROP:  20%|█▉        | 43504/221505 [03:01<12:22, 239.80it/s]
ROP:  20%|█▉        | 43513/221505 [03:01<12:22, 239.66it/s]
ROP:  20%|█▉        | 43525/221505 [03:01<12:22, 239.57it/s]
ROP:  20%|█▉        | 43537/221505 [03:01<12:23, 239.31it/s]
ROP:  20%|█▉        | 43549/221505 [03:02<12:24, 239.02it/s]
ROP:  20%|█▉        | 43561/221505 [03:02<12:24, 238.92it/s]
ROP:  20%|█▉        | 43573/221505 [03:02<12:25, 238.81it/s]
ROP:  20%|█▉        | 43585/221505 [03:02<12:25, 238.71it/s]
ROP:  20%|█▉        | 43597/221505 [03:02<12:25, 238.63it/s]
ROP:  20%|█▉        | 43609/221505 [03:02<12:26, 238.37it/s]
ROP:  20%|█▉        | 43621/221505 [03:03<12:28, 237.73it/s]
ROP:  20%|█▉        | 43652/221505 [03:03<12:28, 237.69it/s]
ROP:  20%|█▉        | 43700/221505 [03:03<12:27, 237.79it/s]
ROP:  20%|█▉        | 43748/221505 [03:04<12:27, 237.66it/s]
ROP:  20%|█▉        | 43796/221505 [03:04<12:28, 237.46it/s]
ROP:  20%|█▉        | 43844/221505 [03:04<12:28, 237.47it/s]
ROP:  20%|█▉        | 43892/221505 [03:04<12:28, 237.29it/s]
ROP:  20%|█▉        | 43957/221505 [03:05<12:27, 237.47it/s]
ROP:  20%|█▉        | 44022/221505 [03:05<12:27, 237.53it/s]
ROP:  20%|█▉        | 44087/221505 [03:06<12:29, 236.79it/s]
ROP:  20%|█▉        | 44099/221505 [03:06<12:29, 236.67it/s]
ROP:  20%|█▉        | 44111/221505 [03:06<12:29, 236.60it/s]
ROP:  20%|█▉        | 44123/221505 [03:06<12:30, 236.29it/s]
ROP:  20%|█▉        | 44135/221505 [03:07<12:31, 235.97it/s]
ROP:  20%|█▉        | 44170/221505 [03:07<12:31, 235.99it/s]
ROP:  20%|█▉        | 44205/221505 [03:07<12:31, 236.00it/s]
ROP:  20%|█▉        | 44290/221505 [03:07<12:30, 236.27it/s]
ROP:  20%|██        | 44375/221505 [03:07<12:29, 236.28it/s]
ROP:  20%|██        | 44460/221505 [03:07<12:28, 236.53it/s]
ROP:  20%|██        | 44545/221505 [03:08<12:28, 236.51it/s]
ROP:  20%|██        | 44630/221505 [03:09<12:29, 236.07it/s]
ROP:  20%|██        | 44654/221505 [03:09<12:29, 236.04it/s]
ROP:  20%|██        | 44699/221505 [03:09<12:28, 236.14it/s]
ROP:  20%|██        | 44744/221505 [03:09<12:29, 235.85it/s]
ROP:  20%|██        | 44789/221505 [03:09<12:29, 235.74it/s]
ROP:  20%|██        | 44863/221505 [03:10<12:28, 235.91it/s]
ROP:  20%|██        | 44937/221505 [03:10<12:28, 235.82it/s]
ROP:  20%|██        | 45011/221505 [03:10<12:27, 236.04it/s]
ROP:  20%|██        | 45085/221505 [03:10<12:27, 236.11it/s]
ROP:  20%|██        | 45159/221505 [03:11<12:26, 236.23it/s]
ROP:  20%|██        | 45248/221505 [03:11<12:25, 236.52it/s]
ROP:  20%|██        | 45337/221505 [03:12<12:29, 234.95it/s]
ROP:  20%|██        | 45360/221505 [03:13<12:29, 234.90it/s]
ROP:  20%|██        | 45396/221505 [03:13<12:29, 234.97it/s]
ROP:  21%|██        | 45449/221505 [03:13<12:28, 235.10it/s]
ROP:  21%|██        | 45503/221505 [03:13<12:28, 235.25it/s]
ROP:  21%|██        | 45557/221505 [03:13<12:28, 235.19it/s]
ROP:  21%|██        | 45673/221505 [03:13<12:26, 235.62it/s]
ROP:  21%|██        | 45789/221505 [03:15<12:29, 234.30it/s]
ROP:  21%|██        | 45809/221505 [03:15<12:30, 234.26it/s]
ROP:  21%|██        | 45829/221505 [03:15<12:30, 234.20it/s]
ROP:  21%|██        | 45849/221505 [03:15<12:30, 234.03it/s]
ROP:  21%|██        | 45904/221505 [03:16<12:29, 234.14it/s]
ROP:  21%|██        | 45959/221505 [03:16<12:29, 234.08it/s]
ROP:  21%|██        | 46014/221505 [03:16<12:29, 234.11it/s]
ROP:  21%|██        | 46089/221505 [03:16<12:28, 234.36it/s]
ROP:  21%|██        | 46164/221505 [03:17<12:28, 234.18it/s]
ROP:  21%|██        | 46239/221505 [03:17<12:28, 234.18it/s]
ROP:  21%|██        | 46314/221505 [03:18<12:29, 233.72it/s]
ROP:  21%|██        | 46345/221505 [03:18<12:29, 233.71it/s]
ROP:  21%|██        | 46376/221505 [03:18<12:29, 233.58it/s]
ROP:  21%|██        | 46407/221505 [03:18<12:29, 233.48it/s]
ROP:  21%|██        | 46440/221505 [03:18<12:29, 233.51it/s]
ROP:  21%|██        | 46473/221505 [03:19<12:30, 233.07it/s]
ROP:  21%|██        | 46541/221505 [03:19<12:30, 233.27it/s]
ROP:  21%|██        | 46609/221505 [03:19<12:29, 233.22it/s]
ROP:  21%|██        | 46677/221505 [03:20<12:29, 233.26it/s]
ROP:  21%|██        | 46773/221505 [03:20<12:28, 233.55it/s]
ROP:  21%|██        | 46869/221505 [03:21<12:30, 232.82it/s]
ROP:  21%|██        | 46900/221505 [03:21<12:30, 232.77it/s]
ROP:  21%|██        | 46931/221505 [03:21<12:30, 232.47it/s]
ROP:  21%|██        | 46962/221505 [03:22<12:30, 232.44it/s]
ROP:  21%|██        | 46996/221505 [03:22<12:30, 232.44it/s]
ROP:  21%|██        | 47030/221505 [03:22<12:30, 232.44it/s]
ROP:  21%|██        | 47064/221505 [03:22<12:30, 232.34it/s]
ROP:  21%|██▏       | 47154/221505 [03:22<12:29, 232.64it/s]
ROP:  21%|██▏       | 47244/221505 [03:24<12:33, 231.35it/s]
ROP:  21%|██▏       | 47269/221505 [03:24<12:33, 231.32it/s]
ROP:  21%|██▏       | 47296/221505 [03:24<12:33, 231.31it/s]
ROP:  21%|██▏       | 47335/221505 [03:24<12:32, 231.36it/s]
ROP:  21%|██▏       | 47374/221505 [03:25<12:34, 230.74it/s]
ROP:  21%|██▏       | 47380/221505 [03:25<12:35, 230.52it/s]
ROP:  21%|██▏       | 47387/221505 [03:25<12:35, 230.40it/s]
ROP:  21%|██▏       | 47394/221505 [03:25<12:36, 230.27it/s]
ROP:  21%|██▏       | 47402/221505 [03:25<12:36, 230.11it/s]
ROP:  21%|██▏       | 47415/221505 [03:26<12:36, 230.02it/s]
ROP:  21%|██▏       | 47428/221505 [03:26<12:37, 229.84it/s]
ROP:  21%|██▏       | 47441/221505 [03:26<12:38, 229.56it/s]
ROP:  21%|██▏       | 47457/221505 [03:26<12:38, 229.49it/s]
ROP:  21%|██▏       | 47473/221505 [03:27<12:39, 229.22it/s]
ROP:  21%|██▏       | 47489/221505 [03:27<12:39, 229.08it/s]
ROP:  21%|██▏       | 47534/221505 [03:27<12:39, 229.14it/s]
ROP:  21%|██▏       | 47579/221505 [03:27<12:39, 228.95it/s]
ROP:  22%|██▏       | 47624/221505 [03:28<12:40, 228.73it/s]
ROP:  22%|██▏       | 47689/221505 [03:28<12:39, 228.93it/s]
ROP:  22%|██▏       | 47754/221505 [03:28<12:39, 228.72it/s]
ROP:  22%|██▏       | 47908/221505 [03:28<12:36, 229.35it/s]
ROP:  22%|██▏       | 48062/221505 [03:29<12:36, 229.34it/s]
ROP:  22%|██▏       | 48085/221505 [03:29<12:36, 229.12it/s]
ROP:  22%|██▏       | 48122/221505 [03:29<12:36, 229.17it/s]
ROP:  22%|██▏       | 48160/221505 [03:30<12:36, 229.24it/s]
ROP:  22%|██▏       | 48259/221505 [03:30<12:34, 229.55it/s]
ROP:  22%|██▏       | 48358/221505 [03:31<12:38, 228.25it/s]
ROP:  22%|██▏       | 48413/221505 [03:32<12:38, 228.34it/s]
ROP:  22%|██▏       | 48468/221505 [03:32<12:38, 228.02it/s]
ROP:  22%|██▏       | 48483/221505 [03:32<12:39, 227.95it/s]
ROP:  22%|██▏       | 48498/221505 [03:32<12:39, 227.84it/s]
ROP:  22%|██▏       | 48524/221505 [03:32<12:39, 227.84it/s]
ROP:  22%|██▏       | 48550/221505 [03:33<12:39, 227.70it/s]
ROP:  22%|██▏       | 48576/221505 [03:33<12:40, 227.53it/s]
ROP:  22%|██▏       | 48608/221505 [03:33<12:40, 227.49it/s]
ROP:  22%|██▏       | 48640/221505 [03:33<12:39, 227.46it/s]
ROP:  22%|██▏       | 48672/221505 [03:34<12:40, 227.15it/s]
ROP:  22%|██▏       | 48708/221505 [03:34<12:40, 227.13it/s]
ROP:  22%|██▏       | 48744/221505 [03:34<12:41, 226.94it/s]
ROP:  22%|██▏       | 48788/221505 [03:34<12:40, 226.97it/s]
ROP:  22%|██▏       | 48852/221505 [03:35<12:40, 227.16it/s]
ROP:  22%|██▏       | 48916/221505 [03:35<12:39, 227.14it/s]
ROP:  22%|██▏       | 48980/221505 [03:35<12:39, 227.14it/s]
ROP:  22%|██▏       | 49044/221505 [03:36<12:41, 226.56it/s]
ROP:  22%|██▏       | 49053/221505 [03:36<12:41, 226.50it/s]
ROP:  22%|██▏       | 49062/221505 [03:36<12:41, 226.39it/s]
ROP:  22%|██▏       | 49093/221505 [03:36<12:41, 226.41it/s]
ROP:  22%|██▏       | 49124/221505 [03:37<12:42, 226.10it/s]
ROP:  22%|██▏       | 49155/221505 [03:37<12:42, 226.03it/s]
ROP:  22%|██▏       | 49186/221505 [03:37<12:42, 226.03it/s]
ROP:  22%|██▏       | 49217/221505 [03:38<12:43, 225.75it/s]
ROP:  22%|██▏       | 49248/221505 [03:38<12:44, 225.36it/s]
ROP:  22%|██▏       | 49285/221505 [03:38<12:44, 225.40it/s]
ROP:  22%|██▏       | 49322/221505 [03:38<12:44, 225.31it/s]
ROP:  22%|██▏       | 49359/221505 [03:39<12:44, 225.18it/s]
ROP:  22%|██▏       | 49396/221505 [03:39<12:44, 225.20it/s]
ROP:  22%|██▏       | 49433/221505 [03:39<12:45, 224.90it/s]
ROP:  22%|██▏       | 49470/221505 [03:39<12:44, 224.90it/s]
ROP:  22%|██▏       | 49507/221505 [03:40<12:44, 224.89it/s]
ROP:  22%|██▏       | 49544/221505 [03:40<12:45, 224.67it/s]
ROP:  22%|██▏       | 49581/221505 [03:40<12:45, 224.71it/s]
ROP:  22%|██▏       | 49618/221505 [03:41<12:46, 224.11it/s]
ROP:  22%|██▏       | 49668/221505 [03:41<12:46, 224.22it/s]
ROP:  22%|██▏       | 49723/221505 [03:41<12:45, 224.30it/s]
ROP:  22%|██▏       | 49778/221505 [03:41<12:45, 224.35it/s]
ROP:  22%|██▏       | 49833/221505 [03:41<12:44, 224.49it/s]
ROP:  23%|██▎       | 49888/221505 [03:42<12:44, 224.60it/s]
ROP:  23%|██▎       | 49966/221505 [03:42<12:42, 224.83it/s]
ROP:  23%|██▎       | 50044/221505 [03:42<12:43, 224.67it/s]
ROP:  23%|██▎       | 50064/221505 [03:42<12:43, 224.60it/s]
ROP:  23%|██▎       | 50084/221505 [03:43<12:44, 224.37it/s]
ROP:  23%|██▎       | 50118/221505 [03:43<12:43, 224.35it/s]
ROP:  23%|██▎       | 50152/221505 [03:43<12:43, 224.32it/s]
ROP:  23%|██▎       | 50203/221505 [03:43<12:43, 224.40it/s]
ROP:  23%|██▎       | 50254/221505 [03:43<12:43, 224.42it/s]
ROP:  23%|██▎       | 50305/221505 [03:44<12:42, 224.39it/s]
ROP:  23%|██▎       | 50356/221505 [03:44<12:44, 223.80it/s]
ROP:  23%|██▎       | 50380/221505 [03:45<12:44, 223.77it/s]
ROP:  23%|██▎       | 50404/221505 [03:45<12:45, 223.39it/s]
ROP:  23%|██▎       | 50428/221505 [03:45<12:46, 223.14it/s]
ROP:  23%|██▎       | 50452/221505 [03:46<12:47, 222.85it/s]
ROP:  23%|██▎       | 50476/221505 [03:46<12:48, 222.65it/s]
ROP:  23%|██▎       | 50501/221505 [03:46<12:48, 222.64it/s]
ROP:  23%|██▎       | 50529/221505 [03:46<12:47, 222.64it/s]
ROP:  23%|██▎       | 50557/221505 [03:47<12:48, 222.40it/s]
ROP:  23%|██▎       | 50585/221505 [03:47<12:49, 222.12it/s]
ROP:  23%|██▎       | 50613/221505 [03:48<12:50, 221.92it/s]
ROP:  23%|██▎       | 50641/221505 [03:48<12:50, 221.84it/s]
ROP:  23%|██▎       | 50669/221505 [03:48<12:51, 221.41it/s]
ROP:  23%|██▎       | 50675/221505 [03:48<12:51, 221.30it/s]
ROP:  23%|██▎       | 50684/221505 [03:49<12:52, 221.18it/s]
ROP:  23%|██▎       | 50693/221505 [03:49<12:53, 220.81it/s]
ROP:  23%|██▎       | 50702/221505 [03:49<12:54, 220.67it/s]
ROP:  23%|██▎       | 50715/221505 [03:49<12:54, 220.60it/s]
ROP:  23%|██▎       | 50728/221505 [03:50<12:54, 220.38it/s]
ROP:  23%|██▎       | 50741/221505 [03:50<12:55, 220.11it/s]
ROP:  23%|██▎       | 50754/221505 [03:50<12:56, 219.85it/s]
ROP:  23%|██▎       | 50767/221505 [03:51<12:57, 219.65it/s]
ROP:  23%|██▎       | 50780/221505 [03:51<12:57, 219.47it/s]
ROP:  23%|██▎       | 50793/221505 [03:51<12:58, 219.32it/s]
ROP:  23%|██▎       | 50834/221505 [03:51<12:57, 219.38it/s]
ROP:  23%|██▎       | 50875/221505 [03:52<12:59, 218.88it/s]
ROP:  23%|██▎       | 50909/221505 [03:52<12:59, 218.88it/s]
ROP:  23%|██▎       | 50943/221505 [03:52<12:59, 218.87it/s]
ROP:  23%|██▎       | 50977/221505 [03:53<13:00, 218.62it/s]
ROP:  23%|██▎       | 51011/221505 [03:53<12:59, 218.61it/s]
ROP:  23%|██▎       | 51045/221505 [03:53<13:00, 218.38it/s]
ROP:  23%|██▎       | 51105/221505 [03:53<12:59, 218.54it/s]
ROP:  23%|██▎       | 51165/221505 [03:54<12:59, 218.45it/s]
ROP:  23%|██▎       | 51225/221505 [03:54<12:59, 218.43it/s]
ROP:  23%|██▎       | 51285/221505 [03:54<12:58, 218.54it/s]
ROP:  23%|██▎       | 51345/221505 [03:54<12:58, 218.70it/s]
ROP:  23%|██▎       | 51405/221505 [03:54<12:57, 218.86it/s]
ROP:  23%|██▎       | 51465/221505 [03:55<12:57, 218.65it/s]
ROP:  23%|██▎       | 51529/221505 [03:55<12:56, 218.79it/s]
ROP:  23%|██▎       | 51593/221505 [03:55<12:56, 218.83it/s]
ROP:  23%|██▎       | 51748/221505 [03:55<12:54, 219.32it/s]
ROP:  23%|██▎       | 51903/221505 [03:56<12:54, 219.10it/s]
ROP:  23%|██▎       | 51971/221505 [03:57<12:53, 219.28it/s]
ROP:  23%|██▎       | 52039/221505 [03:57<12:53, 219.19it/s]
ROP:  24%|██▎       | 52107/221505 [03:57<12:53, 219.09it/s]
ROP:  24%|██▎       | 52175/221505 [03:58<12:52, 219.11it/s]
ROP:  24%|██▎       | 52256/221505 [03:58<12:51, 219.35it/s]
ROP:  24%|██▎       | 52337/221505 [03:58<12:52, 219.04it/s]
ROP:  24%|██▎       | 52349/221505 [03:59<12:53, 218.57it/s]
ROP:  24%|██▎       | 52355/221505 [03:59<12:54, 218.46it/s]
ROP:  24%|██▎       | 52395/221505 [03:59<12:53, 218.50it/s]
ROP:  24%|██▎       | 52471/221505 [03:59<12:52, 218.71it/s]
ROP:  24%|██▎       | 52564/221505 [04:00<12:51, 219.01it/s]
ROP:  24%|██▍       | 52690/221505 [04:00<12:49, 219.39it/s]
ROP:  24%|██▍       | 52816/221505 [04:01<12:50, 218.90it/s]
ROP:  24%|██▍       | 52847/221505 [04:01<12:50, 218.93it/s]
ROP:  24%|██▍       | 52902/221505 [04:01<12:49, 219.06it/s]
ROP:  24%|██▍       | 52957/221505 [04:01<12:49, 219.14it/s]
ROP:  24%|██▍       | 53012/221505 [04:02<12:50, 218.76it/s]
ROP:  24%|██▍       | 53066/221505 [04:02<12:49, 218.85it/s]
ROP:  24%|██▍       | 53120/221505 [04:02<12:49, 218.81it/s]
ROP:  24%|██▍       | 53174/221505 [04:02<12:49, 218.88it/s]
ROP:  24%|██▍       | 53228/221505 [04:04<12:51, 218.04it/s]
ROP:  24%|██▍       | 53236/221505 [04:04<12:52, 217.93it/s]
ROP:  24%|██▍       | 53244/221505 [04:04<12:52, 217.86it/s]
ROP:  24%|██▍       | 53252/221505 [04:04<12:52, 217.78it/s]
ROP:  24%|██▍       | 53260/221505 [04:04<12:52, 217.69it/s]
ROP:  24%|██▍       | 53281/221505 [04:04<12:52, 217.64it/s]
ROP:  24%|██▍       | 53308/221505 [04:04<12:52, 217.60it/s]
ROP:  24%|██▍       | 53335/221505 [04:05<12:53, 217.48it/s]
ROP:  24%|██▍       | 53465/221505 [04:05<12:51, 217.93it/s]
ROP:  24%|██▍       | 53595/221505 [04:05<12:50, 218.01it/s]
ROP:  24%|██▍       | 53725/221505 [04:07<12:51, 217.46it/s]
ROP:  24%|██▍       | 53749/221505 [04:07<12:51, 217.46it/s]
ROP:  24%|██▍       | 53773/221505 [04:07<12:51, 217.45it/s]
ROP:  24%|██▍       | 53892/221505 [04:07<12:49, 217.84it/s]
ROP:  24%|██▍       | 54011/221505 [04:07<12:47, 218.23it/s]
ROP:  24%|██▍       | 54130/221505 [04:07<12:45, 218.62it/s]
ROP:  24%|██▍       | 54249/221505 [04:08<12:44, 218.73it/s]
ROP:  25%|██▍       | 54368/221505 [04:08<12:42, 219.08it/s]
ROP:  25%|██▍       | 54487/221505 [04:08<12:41, 219.21it/s]
ROP:  25%|██▍       | 54606/221505 [04:09<12:41, 219.24it/s]
ROP:  25%|██▍       | 54630/221505 [04:09<12:42, 218.81it/s]
ROP:  25%|██▍       | 54634/221505 [04:09<12:43, 218.67it/s]
ROP:  25%|██▍       | 54681/221505 [04:09<12:42, 218.76it/s]
ROP:  25%|██▍       | 54752/221505 [04:10<12:41, 218.93it/s]
ROP:  25%|██▍       | 54823/221505 [04:10<12:40, 219.05it/s]
ROP:  25%|██▍       | 54894/221505 [04:10<12:40, 219.21it/s]
ROP:  25%|██▍       | 54980/221505 [04:10<12:38, 219.47it/s]
ROP:  25%|██▍       | 55066/221505 [04:11<12:39, 219.21it/s]
ROP:  25%|██▍       | 55079/221505 [04:11<12:39, 219.04it/s]
ROP:  25%|██▍       | 55108/221505 [04:11<12:39, 219.02it/s]
ROP:  25%|██▍       | 55137/221505 [04:11<12:40, 218.82it/s]
ROP:  25%|██▍       | 55166/221505 [04:12<12:40, 218.61it/s]
ROP:  25%|██▍       | 55195/221505 [04:12<12:41, 218.37it/s]
ROP:  25%|██▍       | 55227/221505 [04:12<12:41, 218.36it/s]
ROP:  25%|██▍       | 55259/221505 [04:13<12:42, 217.95it/s]
ROP:  25%|██▍       | 55309/221505 [04:13<12:42, 218.03it/s]
ROP:  25%|██▍       | 55359/221505 [04:13<12:42, 217.99it/s]
ROP:  25%|██▌       | 55409/221505 [04:14<12:41, 218.03it/s]
ROP:  25%|██▌       | 55459/221505 [04:14<12:42, 217.82it/s]
ROP:  25%|██▌       | 55529/221505 [04:14<12:41, 217.97it/s]
ROP:  25%|██▌       | 55599/221505 [04:15<12:40, 218.03it/s]
ROP:  25%|██▌       | 55669/221505 [04:15<12:41, 217.79it/s]
ROP:  25%|██▌       | 55720/221505 [04:15<12:40, 217.89it/s]
ROP:  25%|██▌       | 55771/221505 [04:15<12:40, 217.91it/s]
ROP:  25%|██▌       | 55822/221505 [04:16<12:41, 217.65it/s]
ROP:  25%|██▌       | 55918/221505 [04:16<12:39, 217.92it/s]
ROP:  25%|██▌       | 56014/221505 [04:16<12:38, 218.16it/s]
ROP:  25%|██▌       | 56110/221505 [04:16<12:37, 218.35it/s]
ROP:  25%|██▌       | 56206/221505 [04:17<12:36, 218.57it/s]
ROP:  25%|██▌       | 56353/221505 [04:17<12:34, 219.00it/s]
ROP:  26%|██▌       | 56500/221505 [04:18<12:34, 218.82it/s]
ROP:  26%|██▌       | 56543/221505 [04:18<12:33, 218.89it/s]
ROP:  26%|██▌       | 56586/221505 [04:18<12:33, 218.90it/s]
ROP:  26%|██▌       | 56629/221505 [04:18<12:33, 218.94it/s]
ROP:  26%|██▌       | 56701/221505 [04:18<12:32, 219.12it/s]
ROP:  26%|██▌       | 56773/221505 [04:19<12:31, 219.08it/s]
ROP:  26%|██▌       | 56845/221505 [04:19<12:32, 218.94it/s]
ROP:  26%|██▌       | 56917/221505 [04:20<12:32, 218.66it/s]
ROP:  26%|██▌       | 56940/221505 [04:20<12:32, 218.62it/s]
ROP:  26%|██▌       | 56981/221505 [04:20<12:32, 218.68it/s]
ROP:  26%|██▌       | 57022/221505 [04:20<12:32, 218.67it/s]
ROP:  26%|██▌       | 57063/221505 [04:20<12:31, 218.71it/s]
ROP:  26%|██▌       | 57104/221505 [04:21<12:31, 218.78it/s]
ROP:  26%|██▌       | 57165/221505 [04:21<12:30, 218.91it/s]
ROP:  26%|██▌       | 57226/221505 [04:21<12:30, 218.86it/s]
ROP:  26%|██▌       | 57287/221505 [04:22<12:31, 218.54it/s]
ROP:  26%|██▌       | 57326/221505 [04:22<12:31, 218.54it/s]
ROP:  26%|██▌       | 57365/221505 [04:22<12:31, 218.41it/s]
ROP:  26%|██▌       | 57404/221505 [04:23<12:32, 218.21it/s]
ROP:  26%|██▌       | 57455/221505 [04:23<12:31, 218.31it/s]
ROP:  26%|██▌       | 57506/221505 [04:23<12:31, 218.24it/s]
ROP:  26%|██▌       | 57557/221505 [04:23<12:31, 218.20it/s]
ROP:  26%|██▌       | 57608/221505 [04:24<12:31, 218.12it/s]
ROP:  26%|██▌       | 57721/221505 [04:24<12:29, 218.47it/s]
ROP:  26%|██▌       | 57834/221505 [04:25<12:30, 218.07it/s]
ROP:  26%|██▌       | 57846/221505 [04:25<12:30, 217.93it/s]
ROP:  26%|██▌       | 57862/221505 [04:25<12:31, 217.90it/s]
ROP:  26%|██▌       | 57878/221505 [04:25<12:31, 217.85it/s]
ROP:  26%|██▌       | 57927/221505 [04:25<12:30, 217.95it/s]
ROP:  26%|██▌       | 57976/221505 [04:26<12:30, 217.95it/s]
ROP:  26%|██▌       | 58054/221505 [04:26<12:29, 218.14it/s]
ROP:  26%|██▌       | 58132/221505 [04:26<12:29, 218.02it/s]
ROP:  26%|██▋       | 58223/221505 [04:26<12:28, 218.26it/s]
ROP:  26%|██▋       | 58314/221505 [04:27<12:28, 218.06it/s]
ROP:  26%|██▋       | 58351/221505 [04:27<12:28, 218.10it/s]
ROP:  26%|██▋       | 58388/221505 [04:27<12:28, 217.94it/s]
ROP:  26%|██▋       | 58449/221505 [04:28<12:27, 218.05it/s]
ROP:  26%|██▋       | 58510/221505 [04:28<12:27, 218.17it/s]
ROP:  26%|██▋       | 58588/221505 [04:28<12:26, 218.36it/s]
ROP:  26%|██▋       | 58666/221505 [04:29<12:28, 217.61it/s]
ROP:  27%|██▋       | 58721/221505 [04:29<12:27, 217.71it/s]
ROP:  27%|██▋       | 58776/221505 [04:29<12:27, 217.73it/s]
ROP:  27%|██▋       | 58831/221505 [04:30<12:26, 217.79it/s]
ROP:  27%|██▋       | 58886/221505 [04:30<12:26, 217.86it/s]
ROP:  27%|██▋       | 59001/221505 [04:30<12:24, 218.15it/s]
ROP:  27%|██▋       | 59116/221505 [04:30<12:23, 218.27it/s]
ROP:  27%|██▋       | 59231/221505 [04:31<12:23, 218.23it/s]
ROP:  27%|██▋       | 59254/221505 [04:31<12:24, 218.07it/s]
ROP:  27%|██▋       | 59277/221505 [04:32<12:24, 217.84it/s]
ROP:  27%|██▋       | 59314/221505 [04:32<12:24, 217.88it/s]
ROP:  27%|██▋       | 59351/221505 [04:32<12:24, 217.74it/s]
ROP:  27%|██▋       | 59388/221505 [04:33<12:25, 217.51it/s]
ROP:  27%|██▋       | 59427/221505 [04:33<12:24, 217.57it/s]
ROP:  27%|██▋       | 59466/221505 [04:33<12:25, 217.36it/s]
ROP:  27%|██▋       | 59505/221505 [04:33<12:25, 217.27it/s]
ROP:  27%|██▋       | 59544/221505 [04:34<12:26, 216.94it/s]
ROP:  27%|██▋       | 59566/221505 [04:34<12:26, 216.94it/s]
ROP:  27%|██▋       | 59616/221505 [04:34<12:25, 217.03it/s]
ROP:  27%|██▋       | 59666/221505 [04:35<12:26, 216.91it/s]
ROP:  27%|██▋       | 59721/221505 [04:35<12:25, 217.01it/s]
ROP:  27%|██▋       | 59776/221505 [04:35<12:26, 216.77it/s]
ROP:  27%|██▋       | 59895/221505 [04:35<12:24, 217.12it/s]
ROP:  27%|██▋       | 60014/221505 [04:36<12:22, 217.39it/s]
ROP:  27%|██▋       | 60133/221505 [04:37<12:23, 217.08it/s]
ROP:  27%|██▋       | 60160/221505 [04:37<12:23, 217.01it/s]
ROP:  27%|██▋       | 60251/221505 [04:37<12:22, 217.24it/s]
ROP:  27%|██▋       | 60342/221505 [04:37<12:21, 217.45it/s]
ROP:  27%|██▋       | 60433/221505 [04:38<12:21, 217.31it/s]
ROP:  27%|██▋       | 60484/221505 [04:38<12:20, 217.42it/s]
ROP:  27%|██▋       | 60557/221505 [04:38<12:19, 217.56it/s]
ROP:  27%|██▋       | 60630/221505 [04:38<12:19, 217.68it/s]
ROP:  27%|██▋       | 60795/221505 [04:38<12:16, 218.16it/s]
ROP:  28%|██▊       | 60960/221505 [04:39<12:16, 217.95it/s]
ROP:  28%|██▊       | 60976/221505 [04:39<12:16, 217.89it/s]
ROP:  28%|██▊       | 61003/221505 [04:40<12:16, 217.85it/s]
ROP:  28%|██▊       | 61030/221505 [04:40<12:16, 217.81it/s]
ROP:  28%|██▊       | 61057/221505 [04:40<12:16, 217.79it/s]
ROP:  28%|██▊       | 61084/221505 [04:40<12:16, 217.72it/s]
ROP:  28%|██▊       | 61111/221505 [04:40<12:17, 217.61it/s]
ROP:  28%|██▊       | 61138/221505 [04:41<12:17, 217.41it/s]
ROP:  28%|██▊       | 61165/221505 [04:41<12:17, 217.27it/s]
ROP:  28%|██▊       | 61192/221505 [04:41<12:17, 217.23it/s]
ROP:  28%|██▊       | 61219/221505 [04:42<12:18, 217.01it/s]
ROP:  28%|██▊       | 61246/221505 [04:42<12:18, 216.97it/s]
ROP:  28%|██▊       | 61273/221505 [04:42<12:19, 216.61it/s]
ROP:  28%|██▊       | 61278/221505 [04:43<12:20, 216.52it/s]
ROP:  28%|██▊       | 61288/221505 [04:43<12:20, 216.47it/s]
ROP:  28%|██▊       | 61304/221505 [04:43<12:20, 216.40it/s]
ROP:  28%|██▊       | 61320/221505 [04:43<12:20, 216.25it/s]
ROP:  28%|██▊       | 61346/221505 [04:43<12:20, 216.25it/s]
ROP:  28%|██▊       | 61372/221505 [04:43<12:20, 216.26it/s]
ROP:  28%|██▊       | 61398/221505 [04:43<12:20, 216.26it/s]
ROP:  28%|██▊       | 61424/221505 [04:44<12:20, 216.24it/s]
ROP:  28%|██▊       | 61458/221505 [04:44<12:20, 216.28it/s]
ROP:  28%|██▊       | 61492/221505 [04:44<12:19, 216.25it/s]
ROP:  28%|██▊       | 61526/221505 [04:44<12:19, 216.25it/s]
ROP:  28%|██▊       | 61567/221505 [04:44<12:19, 216.32it/s]
ROP:  28%|██▊       | 61608/221505 [04:45<12:20, 216.03it/s]
ROP:  28%|██▊       | 61616/221505 [04:45<12:20, 215.91it/s]
ROP:  28%|██▊       | 61675/221505 [04:45<12:19, 216.00it/s]
ROP:  28%|██▊       | 61778/221505 [04:45<12:18, 216.27it/s]
ROP:  28%|██▊       | 61881/221505 [04:46<12:18, 216.01it/s]
ROP:  28%|██▊       | 61902/221505 [04:46<12:18, 216.00it/s]
ROP:  28%|██▊       | 61954/221505 [04:46<12:18, 216.09it/s]
ROP:  28%|██▊       | 62006/221505 [04:46<12:18, 216.10it/s]
ROP:  28%|██▊       | 62067/221505 [04:47<12:17, 216.23it/s]
ROP:  28%|██▊       | 62128/221505 [04:47<12:16, 216.35it/s]
ROP:  28%|██▊       | 62189/221505 [04:47<12:16, 216.43it/s]
ROP:  28%|██▊       | 62326/221505 [04:47<12:14, 216.82it/s]
ROP:  28%|██▊       | 62463/221505 [04:47<12:12, 216.99it/s]
ROP:  28%|██▊       | 62600/221505 [04:48<12:11, 217.09it/s]
ROP:  28%|██▊       | 62694/221505 [04:48<12:10, 217.32it/s]
ROP:  28%|██▊       | 62788/221505 [04:48<12:09, 217.47it/s]
ROP:  28%|██▊       | 62882/221505 [04:49<12:09, 217.52it/s]
ROP:  28%|██▊       | 62976/221505 [04:49<12:08, 217.57it/s]
ROP:  28%|██▊       | 63070/221505 [04:49<12:07, 217.65it/s]
ROP:  29%|██▊       | 63164/221505 [04:49<12:06, 217.87it/s]
ROP:  29%|██▊       | 63258/221505 [04:50<12:06, 217.94it/s]
ROP:  29%|██▊       | 63352/221505 [04:50<12:06, 217.83it/s]
ROP:  29%|██▊       | 63468/221505 [04:50<12:04, 218.15it/s]
ROP:  29%|██▊       | 63584/221505 [04:51<12:04, 218.04it/s]
ROP:  29%|██▊       | 63641/221505 [04:51<12:03, 218.15it/s]
ROP:  29%|██▉       | 63698/221505 [04:52<12:04, 217.74it/s]
ROP:  29%|██▉       | 63720/221505 [04:52<12:04, 217.69it/s]
ROP:  29%|██▉       | 63854/221505 [04:52<12:03, 218.05it/s]
ROP:  29%|██▉       | 63988/221505 [04:53<12:03, 217.79it/s]
ROP:  29%|██▉       | 64002/221505 [04:54<12:03, 217.67it/s]
ROP:  29%|██▉       | 64036/221505 [04:54<12:03, 217.67it/s]
ROP:  29%|██▉       | 64070/221505 [04:54<12:03, 217.57it/s]
ROP:  29%|██▉       | 64104/221505 [04:54<12:03, 217.43it/s]
ROP:  29%|██▉       | 64138/221505 [04:55<12:04, 217.14it/s]
ROP:  29%|██▉       | 64214/221505 [04:55<12:03, 217.32it/s]
ROP:  29%|██▉       | 64290/221505 [04:55<12:03, 217.33it/s]
ROP:  29%|██▉       | 64366/221505 [04:56<12:02, 217.39it/s]
ROP:  29%|██▉       | 64442/221505 [04:56<12:03, 217.16it/s]
ROP:  29%|██▉       | 64461/221505 [04:56<12:03, 217.13it/s]
ROP:  29%|██▉       | 64480/221505 [04:57<12:03, 217.02it/s]
ROP:  29%|██▉       | 64549/221505 [04:57<12:02, 217.18it/s]
ROP:  29%|██▉       | 64618/221505 [04:57<12:02, 217.20it/s]
ROP:  29%|██▉       | 64687/221505 [04:57<12:01, 217.24it/s]
ROP:  29%|██▉       | 64758/221505 [04:57<12:01, 217.40it/s]
ROP:  29%|██▉       | 64835/221505 [04:57<12:00, 217.57it/s]
ROP:  29%|██▉       | 64912/221505 [04:58<11:59, 217.56it/s]
ROP:  29%|██▉       | 64989/221505 [04:58<11:59, 217.51it/s]
ROP:  29%|██▉       | 65066/221505 [04:58<11:58, 217.63it/s]
ROP:  29%|██▉       | 65143/221505 [04:59<11:58, 217.48it/s]
ROP:  29%|██▉       | 65162/221505 [04:59<11:59, 217.43it/s]
ROP:  29%|██▉       | 65190/221505 [04:59<11:59, 217.40it/s]
ROP:  29%|██▉       | 65251/221505 [04:59<11:58, 217.52it/s]
ROP:  29%|██▉       | 65312/221505 [05:00<11:58, 217.53it/s]
ROP:  30%|██▉       | 65373/221505 [05:00<11:58, 217.31it/s]
ROP:  30%|██▉       | 65384/221505 [05:01<11:58, 217.20it/s]
ROP:  30%|██▉       | 65409/221505 [05:01<11:58, 217.19it/s]
ROP:  30%|██▉       | 65434/221505 [05:01<11:58, 217.16it/s]
ROP:  30%|██▉       | 65476/221505 [05:01<11:58, 217.22it/s]
ROP:  30%|██▉       | 65518/221505 [05:02<11:59, 216.88it/s]
ROP:  30%|██▉       | 65531/221505 [05:02<11:59, 216.84it/s]
ROP:  30%|██▉       | 65569/221505 [05:02<11:59, 216.85it/s]
ROP:  30%|██▉       | 65607/221505 [05:02<11:58, 216.83it/s]
ROP:  30%|██▉       | 65645/221505 [05:03<11:59, 216.50it/s]
ROP:  30%|██▉       | 65668/221505 [05:03<11:59, 216.48it/s]
ROP:  30%|██▉       | 65704/221505 [05:03<11:59, 216.51it/s]
ROP:  30%|██▉       | 65740/221505 [05:03<11:59, 216.40it/s]
ROP:  30%|██▉       | 65783/221505 [05:03<11:59, 216.46it/s]
ROP:  30%|██▉       | 65826/221505 [05:04<11:59, 216.38it/s]
ROP:  30%|██▉       | 65869/221505 [05:04<11:59, 216.39it/s]
ROP:  30%|██▉       | 65912/221505 [05:04<11:59, 216.33it/s]
ROP:  30%|██▉       | 65955/221505 [05:04<11:59, 216.27it/s]
ROP:  30%|██▉       | 65998/221505 [05:05<11:59, 216.06it/s]
ROP:  30%|██▉       | 66067/221505 [05:05<11:58, 216.21it/s]
ROP:  30%|██▉       | 66136/221505 [05:05<11:58, 216.24it/s]
ROP:  30%|██▉       | 66205/221505 [05:05<11:57, 216.39it/s]
ROP:  30%|██▉       | 66274/221505 [05:06<11:56, 216.51it/s]
ROP:  30%|██▉       | 66343/221505 [05:06<11:56, 216.57it/s]
ROP:  30%|██▉       | 66412/221505 [05:06<11:56, 216.40it/s]
ROP:  30%|██▉       | 66425/221505 [05:07<11:56, 216.37it/s]
ROP:  30%|██▉       | 66441/221505 [05:07<11:56, 216.35it/s]
ROP:  30%|███       | 66457/221505 [05:07<11:56, 216.31it/s]
ROP:  30%|███       | 66473/221505 [05:07<11:56, 216.24it/s]
ROP:  30%|███       | 66515/221505 [05:07<11:56, 216.29it/s]
ROP:  30%|███       | 66557/221505 [05:07<11:56, 216.26it/s]
ROP:  30%|███       | 66599/221505 [05:07<11:56, 216.33it/s]
ROP:  30%|███       | 66641/221505 [05:08<11:55, 216.35it/s]
ROP:  30%|███       | 66683/221505 [05:08<11:55, 216.27it/s]
ROP:  30%|███       | 66725/221505 [05:08<11:56, 216.17it/s]
ROP:  30%|███       | 66788/221505 [05:08<11:55, 216.30it/s]
ROP:  30%|███       | 66872/221505 [05:08<11:54, 216.48it/s]
ROP:  30%|███       | 66956/221505 [05:09<11:53, 216.50it/s]
ROP:  30%|███       | 67040/221505 [05:09<11:52, 216.69it/s]
ROP:  30%|███       | 67124/221505 [05:09<11:51, 216.83it/s]
ROP:  30%|███       | 67208/221505 [05:09<11:51, 216.93it/s]
ROP:  30%|███       | 67292/221505 [05:09<11:50, 217.08it/s]
ROP:  30%|███       | 67376/221505 [05:10<11:49, 217.21it/s]
ROP:  31%|███       | 67589/221505 [05:10<11:46, 217.83it/s]
ROP:  31%|███       | 67802/221505 [05:10<11:44, 218.11it/s]
ROP:  31%|███       | 67840/221505 [05:11<11:44, 218.02it/s]
ROP:  31%|███       | 67891/221505 [05:11<11:44, 218.09it/s]
ROP:  31%|███       | 67944/221505 [05:11<11:43, 218.16it/s]
ROP:  31%|███       | 68006/221505 [05:11<11:43, 218.18it/s]
ROP:  31%|███       | 68068/221505 [05:12<11:44, 217.69it/s]
ROP:  31%|███       | 68095/221505 [05:12<11:44, 217.66it/s]
ROP:  31%|███       | 68122/221505 [05:13<11:45, 217.51it/s]
ROP:  31%|███       | 68149/221505 [05:13<11:45, 217.37it/s]
ROP:  31%|███       | 68233/221505 [05:13<11:44, 217.57it/s]
ROP:  31%|███       | 68317/221505 [05:13<11:43, 217.70it/s]
ROP:  31%|███       | 68401/221505 [05:14<11:43, 217.76it/s]
ROP:  31%|███       | 68485/221505 [05:15<11:43, 217.39it/s]
ROP:  31%|███       | 68497/221505 [05:15<11:44, 217.31it/s]
ROP:  31%|███       | 68510/221505 [05:15<11:44, 217.24it/s]
ROP:  31%|███       | 68523/221505 [05:15<11:44, 217.04it/s]
ROP:  31%|███       | 68539/221505 [05:15<11:45, 216.97it/s]
ROP:  31%|███       | 68567/221505 [05:16<11:44, 216.94it/s]
ROP:  31%|███       | 68595/221505 [05:16<11:45, 216.68it/s]
ROP:  31%|███       | 68601/221505 [05:16<11:46, 216.47it/s]
ROP:  31%|███       | 68610/221505 [05:17<11:46, 216.41it/s]
ROP:  31%|███       | 68619/221505 [05:17<11:46, 216.33it/s]
ROP:  31%|███       | 68628/221505 [05:17<11:47, 215.95it/s]
ROP:  31%|███       | 68637/221505 [05:17<11:48, 215.86it/s]
ROP:  31%|███       | 68646/221505 [05:18<11:48, 215.81it/s]
ROP:  31%|███       | 68655/221505 [05:18<11:48, 215.60it/s]
ROP:  31%|███       | 68664/221505 [05:18<11:49, 215.55it/s]
ROP:  31%|███       | 68676/221505 [05:18<11:49, 215.51it/s]
ROP:  31%|███       | 68688/221505 [05:18<11:49, 215.39it/s]
ROP:  31%|███       | 68700/221505 [05:19<11:50, 215.21it/s]
ROP:  31%|███       | 68712/221505 [05:19<11:50, 215.16it/s]
ROP:  31%|███       | 68724/221505 [05:19<11:50, 214.93it/s]
ROP:  31%|███       | 68736/221505 [05:20<11:51, 214.69it/s]
ROP:  31%|███       | 68748/221505 [05:20<11:52, 214.34it/s]
ROP:  31%|███       | 68755/221505 [05:20<11:52, 214.26it/s]
ROP:  31%|███       | 68762/221505 [05:21<11:53, 214.00it/s]
ROP:  31%|███       | 68769/221505 [05:21<11:53, 213.94it/s]
ROP:  31%|███       | 68776/221505 [05:21<11:54, 213.70it/s]
ROP:  31%|███       | 68783/221505 [05:22<11:54, 213.60it/s]
ROP:  31%|███       | 68790/221505 [05:22<11:56, 213.28it/s]
ROP:  31%|███       | 68891/221505 [05:22<11:54, 213.51it/s]
ROP:  31%|███       | 68992/221505 [05:23<11:54, 213.48it/s]
ROP:  31%|███       | 69035/221505 [05:23<11:54, 213.53it/s]
ROP:  31%|███       | 69078/221505 [05:23<11:53, 213.57it/s]
ROP:  31%|███       | 69121/221505 [05:23<11:53, 213.63it/s]
ROP:  31%|███       | 69164/221505 [05:23<11:53, 213.47it/s]
ROP:  31%|███       | 69207/221505 [05:24<11:53, 213.51it/s]
ROP:  31%|███▏      | 69250/221505 [05:24<11:53, 213.31it/s]
ROP:  31%|███▏      | 69337/221505 [05:24<11:52, 213.51it/s]
ROP:  31%|███▏      | 69424/221505 [05:25<11:52, 213.40it/s]
ROP:  31%|███▏      | 69474/221505 [05:25<11:52, 213.47it/s]
ROP:  31%|███▏      | 69576/221505 [05:25<11:51, 213.65it/s]
ROP:  31%|███▏      | 69678/221505 [05:26<11:50, 213.68it/s]
ROP:  32%|███▏      | 69780/221505 [05:26<11:50, 213.58it/s]
ROP:  32%|███▏      | 69806/221505 [05:26<11:50, 213.57it/s]
ROP:  32%|███▏      | 69832/221505 [05:27<11:50, 213.37it/s]
ROP:  32%|███▏      | 69858/221505 [05:27<11:50, 213.30it/s]
ROP:  32%|███▏      | 69956/221505 [05:27<11:50, 213.42it/s]
ROP:  32%|███▏      | 70054/221505 [05:27<11:48, 213.64it/s]
ROP:  32%|███▏      | 70191/221505 [05:28<11:47, 213.99it/s]
ROP:  32%|███▏      | 70328/221505 [05:28<11:45, 214.25it/s]
ROP:  32%|███▏      | 70507/221505 [05:28<11:43, 214.72it/s]
ROP:  32%|███▏      | 70686/221505 [05:28<11:40, 215.17it/s]
ROP:  32%|███▏      | 71011/221505 [05:28<11:36, 216.10it/s]
ROP:  32%|███▏      | 71336/221505 [05:28<11:32, 216.86it/s]
ROP:  32%|███▏      | 71336/221505 [05:30<11:34, 216.16it/s]
ROP:  32%|███▏      | 71555/221505 [05:30<11:31, 216.82it/s]
ROP:  32%|███▏      | 71576/221505 [05:30<11:31, 216.70it/s]
ROP:  32%|███▏      | 71619/221505 [05:30<11:31, 216.72it/s]
ROP:  32%|███▏      | 71662/221505 [05:30<11:31, 216.71it/s]
ROP:  32%|███▏      | 71723/221505 [05:30<11:30, 216.79it/s]
ROP:  32%|███▏      | 71784/221505 [05:31<11:31, 216.55it/s]
ROP:  32%|███▏      | 71794/221505 [05:31<11:31, 216.51it/s]
ROP:  32%|███▏      | 71804/221505 [05:31<11:31, 216.45it/s]
ROP:  32%|███▏      | 71860/221505 [05:31<11:31, 216.51it/s]
ROP:  32%|███▏      | 71916/221505 [05:33<11:34, 215.46it/s]
ROP:  32%|███▏      | 71919/221505 [05:33<11:34, 215.37it/s]
ROP:  32%|███▏      | 71925/221505 [05:34<11:34, 215.28it/s]
ROP:  32%|███▏      | 71931/221505 [05:34<11:35, 215.15it/s]
ROP:  32%|███▏      | 71951/221505 [05:34<11:35, 215.13it/s]
ROP:  32%|███▏      | 71971/221505 [05:34<11:35, 215.11it/s]
ROP:  33%|███▎      | 72050/221505 [05:34<11:34, 215.25it/s]
ROP:  33%|███▎      | 72191/221505 [05:35<11:32, 215.49it/s]
ROP:  33%|███▎      | 72452/221505 [05:35<11:29, 216.20it/s]
ROP:  33%|███▎      | 72713/221505 [05:35<11:26, 216.87it/s]
ROP:  33%|███▎      | 73044/221505 [05:35<11:21, 217.79it/s]
ROP:  33%|███▎      | 73375/221505 [05:37<11:20, 217.59it/s]
ROP:  33%|███▎      | 73394/221505 [05:37<11:21, 217.35it/s]
ROP:  33%|███▎      | 73413/221505 [05:38<11:21, 217.15it/s]
ROP:  33%|███▎      | 73432/221505 [05:38<11:23, 216.64it/s]
ROP:  33%|███▎      | 73440/221505 [05:39<11:23, 216.59it/s]
ROP:  33%|███▎      | 73448/221505 [05:39<11:24, 216.37it/s]
ROP:  33%|███▎      | 73456/221505 [05:39<11:24, 216.27it/s]
ROP:  33%|███▎      | 73464/221505 [05:39<11:24, 216.18it/s]
ROP:  33%|███▎      | 73472/221505 [05:40<11:25, 215.92it/s]
ROP:  33%|███▎      | 73482/221505 [05:40<11:25, 215.88it/s]
ROP:  33%|███▎      | 73492/221505 [05:40<11:26, 215.66it/s]
ROP:  33%|███▎      | 73502/221505 [05:41<11:27, 215.42it/s]
ROP:  33%|███▎      | 73512/221505 [05:41<11:27, 215.29it/s]
ROP:  33%|███▎      | 73522/221505 [05:41<11:27, 215.20it/s]
ROP:  33%|███▎      | 73532/221505 [05:42<11:28, 214.85it/s]
ROP:  33%|███▎      | 73538/221505 [05:42<11:28, 214.79it/s]
ROP:  33%|███▎      | 73544/221505 [05:42<11:29, 214.57it/s]
ROP:  33%|███▎      | 73552/221505 [05:42<11:29, 214.50it/s]
ROP:  33%|███▎      | 73560/221505 [05:43<11:30, 214.36it/s]
ROP:  33%|███▎      | 73568/221505 [05:43<11:30, 214.25it/s]
ROP:  33%|███▎      | 73576/221505 [05:43<11:30, 214.18it/s]
ROP:  33%|███▎      | 73584/221505 [05:43<11:31, 214.03it/s]
ROP:  33%|███▎      | 73592/221505 [05:44<11:31, 213.92it/s]
ROP:  33%|███▎      | 73602/221505 [05:44<11:31, 213.89it/s]
ROP:  33%|███▎      | 73612/221505 [05:44<11:31, 213.85it/s]
ROP:  33%|███▎      | 73622/221505 [05:44<11:32, 213.63it/s]
ROP:  33%|███▎      | 73632/221505 [05:44<11:32, 213.56it/s]
ROP:  33%|███▎      | 73642/221505 [05:44<11:32, 213.47it/s]
ROP:  33%|███▎      | 73652/221505 [05:45<11:33, 213.24it/s]
ROP:  33%|███▎      | 73662/221505 [05:45<11:33, 213.04it/s]
ROP:  33%|███▎      | 73672/221505 [05:45<11:34, 212.95it/s]
ROP:  33%|███▎      | 73682/221505 [05:46<11:34, 212.85it/s]
ROP:  33%|███▎      | 73692/221505 [05:46<11:35, 212.68it/s]
ROP:  33%|███▎      | 73702/221505 [05:46<11:35, 212.54it/s]
ROP:  33%|███▎      | 73712/221505 [05:46<11:35, 212.50it/s]
ROP:  33%|███▎      | 73722/221505 [05:47<11:36, 212.30it/s]
ROP:  33%|███▎      | 73732/221505 [05:47<11:36, 212.14it/s]
ROP:  33%|███▎      | 73742/221505 [05:47<11:36, 212.06it/s]
ROP:  33%|███▎      | 73752/221505 [05:48<11:37, 211.90it/s]
ROP:  33%|███▎      | 73762/221505 [05:48<11:37, 211.70it/s]
ROP:  33%|███▎      | 73949/221505 [05:48<11:35, 212.18it/s]
ROP:  34%|███▎      | 74275/221505 [05:48<11:31, 213.05it/s]
ROP:  34%|███▎      | 74601/221505 [05:48<11:26, 213.85it/s]
ROP:  34%|███▍      | 74927/221505 [05:48<11:22, 214.71it/s]
ROP:  34%|███▍      | 74927/221505 [05:50<11:24, 214.07it/s]
ROP:  34%|███▍      | 75244/221505 [05:50<11:20, 214.90it/s]
ROP:  34%|███▍      | 75272/221505 [05:50<11:21, 214.70it/s]
ROP:  34%|███▍      | 75300/221505 [05:50<11:20, 214.71it/s]
ROP:  34%|███▍      | 75328/221505 [05:51<11:22, 214.18it/s]
ROP:  34%|███▍      | 75336/221505 [05:51<11:22, 214.13it/s]
ROP:  34%|███▍      | 75344/221505 [05:52<11:22, 214.01it/s]
ROP:  34%|███▍      | 75352/221505 [05:52<11:23, 213.84it/s]
ROP:  34%|███▍      | 75360/221505 [05:52<11:23, 213.79it/s]
ROP:  34%|███▍      | 75368/221505 [05:52<11:24, 213.60it/s]
ROP:  34%|███▍      | 75378/221505 [05:53<11:24, 213.51it/s]
ROP:  34%|███▍      | 75388/221505 [05:53<11:24, 213.41it/s]
ROP:  34%|███▍      | 75398/221505 [05:53<11:25, 213.14it/s]
ROP:  34%|███▍      | 75408/221505 [05:53<11:25, 213.07it/s]
ROP:  34%|███▍      | 75423/221505 [05:54<11:25, 213.02it/s]
ROP:  34%|███▍      | 75438/221505 [05:54<11:25, 212.93it/s]
ROP:  34%|███▍      | 75453/221505 [05:54<11:26, 212.83it/s]
ROP:  34%|███▍      | 75468/221505 [05:54<11:26, 212.67it/s]
ROP:  34%|███▍      | 75483/221505 [05:55<11:27, 212.51it/s]
ROP:  34%|███▍      | 75498/221505 [05:55<11:27, 212.37it/s]
ROP:  34%|███▍      | 75513/221505 [05:55<11:27, 212.28it/s]
ROP:  34%|███▍      | 75528/221505 [05:55<11:27, 212.24it/s]
ROP:  34%|███▍      | 75543/221505 [05:56<11:28, 212.06it/s]
ROP:  34%|███▍      | 75558/221505 [05:56<11:28, 211.90it/s]
ROP:  34%|███▍      | 75573/221505 [05:57<11:29, 211.63it/s]
ROP:  34%|███▍      | 75577/221505 [05:57<11:29, 211.59it/s]
ROP:  34%|███▍      | 75581/221505 [05:57<11:29, 211.53it/s]
ROP:  34%|███▍      | 75585/221505 [05:57<11:30, 211.48it/s]
ROP:  34%|███▍      | 75589/221505 [05:57<11:30, 211.35it/s]
ROP:  34%|███▍      | 75600/221505 [05:57<11:30, 211.31it/s]
ROP:  34%|███▍      | 75611/221505 [05:58<11:30, 211.19it/s]
ROP:  34%|███▍      | 75622/221505 [05:58<11:31, 210.97it/s]
ROP:  34%|███▍      | 75633/221505 [05:58<11:31, 210.83it/s]
ROP:  34%|███▍      | 75644/221505 [05:58<11:32, 210.71it/s]
ROP:  34%|███▍      | 75655/221505 [05:59<11:32, 210.48it/s]
ROP:  34%|███▍      | 75666/221505 [05:59<11:33, 210.34it/s]
ROP:  34%|███▍      | 75677/221505 [06:00<11:34, 210.11it/s]
ROP:  34%|███▍      | 75688/221505 [06:00<11:34, 209.89it/s]
ROP:  34%|███▍      | 75699/221505 [06:01<11:35, 209.68it/s]
ROP:  34%|███▍      | 75710/221505 [06:01<11:35, 209.62it/s]
ROP:  34%|███▍      | 75721/221505 [06:01<11:36, 209.34it/s]
ROP:  34%|███▍      | 75725/221505 [06:01<11:36, 209.29it/s]
ROP:  34%|███▍      | 75729/221505 [06:02<11:36, 209.18it/s]
ROP:  34%|███▍      | 75733/221505 [06:02<11:37, 209.03it/s]
ROP:  34%|███▍      | 75739/221505 [06:02<11:37, 208.98it/s]
ROP:  34%|███▍      | 75745/221505 [06:02<11:38, 208.81it/s]
ROP:  34%|███▍      | 75751/221505 [06:02<11:38, 208.76it/s]
ROP:  34%|███▍      | 75757/221505 [06:03<11:38, 208.60it/s]
ROP:  34%|███▍      | 75763/221505 [06:03<11:39, 208.49it/s]
ROP:  34%|███▍      | 75825/221505 [06:03<11:38, 208.57it/s]
ROP:  34%|███▍      | 75887/221505 [06:03<11:37, 208.66it/s]
ROP:  34%|███▍      | 75949/221505 [06:03<11:37, 208.75it/s]
ROP:  34%|███▍      | 76011/221505 [06:04<11:36, 208.77it/s]
ROP:  34%|███▍      | 76073/221505 [06:04<11:36, 208.84it/s]
ROP:  34%|███▍      | 76293/221505 [06:04<11:33, 209.38it/s]
ROP:  35%|███▍      | 76513/221505 [06:06<11:34, 208.92it/s]
ROP:  35%|███▍      | 76859/221505 [06:06<11:29, 209.81it/s]
ROP:  35%|███▍      | 77206/221505 [06:06<11:24, 210.70it/s]
ROP:  35%|███▌      | 77553/221505 [06:06<11:20, 211.43it/s]
ROP:  35%|███▌      | 77553/221505 [06:10<11:26, 209.60it/s]
ROP:  35%|███▌      | 77833/221505 [06:10<11:23, 210.32it/s]
ROP:  35%|███▌      | 77842/221505 [06:10<11:23, 210.23it/s]
ROP:  35%|███▌      | 77851/221505 [06:10<11:23, 210.06it/s]
ROP:  35%|███▌      | 77860/221505 [06:10<11:24, 209.93it/s]
ROP:  35%|███▌      | 77869/221505 [06:11<11:24, 209.85it/s]
ROP:  35%|███▌      | 77878/221505 [06:11<11:24, 209.71it/s]
ROP:  35%|███▌      | 77887/221505 [06:11<11:24, 209.67it/s]
ROP:  35%|███▌      | 77896/221505 [06:11<11:25, 209.53it/s]
ROP:  35%|███▌      | 77905/221505 [06:12<11:25, 209.36it/s]
ROP:  35%|███▌      | 77914/221505 [06:12<11:26, 209.24it/s]
ROP:  35%|███▌      | 77923/221505 [06:12<11:27, 208.96it/s]
ROP:  35%|███▌      | 77930/221505 [06:13<11:27, 208.90it/s]
ROP:  35%|███▌      | 77937/221505 [06:13<11:27, 208.70it/s]
ROP:  35%|███▌      | 77944/221505 [06:13<11:28, 208.64it/s]
ROP:  35%|███▌      | 77951/221505 [06:13<11:28, 208.51it/s]
ROP:  35%|███▌      | 77958/221505 [06:13<11:28, 208.45it/s]
ROP:  35%|███▌      | 77965/221505 [06:14<11:28, 208.33it/s]
ROP:  35%|███▌      | 77976/221505 [06:14<11:29, 208.28it/s]
ROP:  35%|███▌      | 77987/221505 [06:14<11:29, 208.13it/s]
ROP:  35%|███▌      | 77998/221505 [06:14<11:29, 208.08it/s]
ROP:  35%|███▌      | 78009/221505 [06:15<11:29, 208.00it/s]
ROP:  35%|███▌      | 78020/221505 [06:15<11:30, 207.89it/s]
ROP:  35%|███▌      | 78031/221505 [06:15<11:30, 207.80it/s]
ROP:  35%|███▌      | 78042/221505 [06:15<11:30, 207.62it/s]
ROP:  35%|███▌      | 78053/221505 [06:16<11:31, 207.50it/s]
ROP:  35%|███▌      | 78064/221505 [06:16<11:31, 207.42it/s]
ROP:  35%|███▌      | 78075/221505 [06:16<11:31, 207.34it/s]
ROP:  35%|███▌      | 78086/221505 [06:16<11:32, 207.21it/s]
ROP:  35%|███▌      | 78097/221505 [06:17<11:32, 207.09it/s]
ROP:  35%|███▌      | 78108/221505 [06:17<11:32, 206.98it/s]
ROP:  35%|███▌      | 78119/221505 [06:17<11:33, 206.89it/s]
ROP:  35%|███▌      | 78130/221505 [06:17<11:33, 206.72it/s]
ROP:  35%|███▌      | 78141/221505 [06:18<11:34, 206.52it/s]
ROP:  35%|███▌      | 78152/221505 [06:18<11:34, 206.39it/s]
ROP:  35%|███▌      | 78345/221505 [06:18<11:32, 206.85it/s]
ROP:  36%|███▌      | 78639/221505 [06:18<11:28, 207.57it/s]
ROP:  36%|███▌      | 78956/221505 [06:18<11:24, 208.35it/s]
ROP:  36%|███▌      | 79289/221505 [06:19<11:19, 209.17it/s]
ROP:  36%|███▌      | 79622/221505 [06:19<11:17, 209.56it/s]
ROP:  36%|███▌      | 79660/221505 [06:21<11:18, 208.95it/s]
ROP:  36%|███▌      | 79665/221505 [06:21<11:18, 208.90it/s]
ROP:  36%|███▌      | 79670/221505 [06:21<11:19, 208.71it/s]
ROP:  36%|███▌      | 79675/221505 [06:21<11:19, 208.65it/s]
ROP:  36%|███▌      | 79680/221505 [06:22<11:20, 208.54it/s]
ROP:  36%|███▌      | 79685/221505 [06:22<11:20, 208.37it/s]
ROP:  36%|███▌      | 79858/221505 [06:22<11:18, 208.74it/s]
ROP:  36%|███▌      | 80136/221505 [06:22<11:15, 209.38it/s]
ROP:  36%|███▋      | 80414/221505 [06:23<11:12, 209.91it/s]
ROP:  36%|███▋      | 80692/221505 [06:23<11:09, 210.21it/s]
ROP:  37%|███▋      | 80894/221505 [06:23<11:07, 210.67it/s]
ROP:  37%|███▋      | 81096/221505 [06:27<11:10, 209.53it/s]
ROP:  37%|███▋      | 81103/221505 [06:27<11:10, 209.49it/s]
ROP:  37%|███▋      | 81110/221505 [06:27<11:10, 209.38it/s]
ROP:  37%|███▋      | 81208/221505 [06:27<11:09, 209.56it/s]
ROP:  37%|███▋      | 81306/221505 [06:29<11:10, 208.94it/s]
ROP:  37%|███▋      | 81313/221505 [06:29<11:11, 208.85it/s]
ROP:  37%|███▋      | 81321/221505 [06:29<11:11, 208.78it/s]
ROP:  37%|███▋      | 81329/221505 [06:29<11:11, 208.68it/s]
ROP:  37%|███▋      | 81604/221505 [06:29<11:08, 209.33it/s]
ROP:  37%|███▋      | 81879/221505 [06:34<11:12, 207.74it/s]
ROP:  37%|███▋      | 81889/221505 [06:34<11:12, 207.71it/s]
ROP:  37%|███▋      | 81902/221505 [06:34<11:12, 207.67it/s]
ROP:  37%|███▋      | 81916/221505 [06:34<11:12, 207.63it/s]
ROP:  37%|███▋      | 81930/221505 [06:34<11:12, 207.59it/s]
ROP:  37%|███▋      | 81944/221505 [06:34<11:12, 207.52it/s]
ROP:  37%|███▋      | 81958/221505 [06:35<11:12, 207.40it/s]
ROP:  37%|███▋      | 81972/221505 [06:35<11:12, 207.33it/s]
ROP:  37%|███▋      | 81986/221505 [06:35<11:13, 207.27it/s]
ROP:  37%|███▋      | 82000/221505 [06:35<11:13, 207.24it/s]
ROP:  37%|███▋      | 82014/221505 [06:35<11:13, 207.18it/s]
ROP:  37%|███▋      | 82029/221505 [06:35<11:13, 207.15it/s]
ROP:  37%|███▋      | 82044/221505 [06:36<11:13, 207.12it/s]
ROP:  37%|███▋      | 82059/221505 [06:36<11:13, 206.96it/s]
ROP:  37%|███▋      | 82074/221505 [06:37<11:14, 206.70it/s]
ROP:  37%|███▋      | 82082/221505 [06:37<11:14, 206.62it/s]
ROP:  37%|███▋      | 82090/221505 [06:37<11:15, 206.45it/s]
ROP:  37%|███▋      | 82100/221505 [06:37<11:15, 206.39it/s]
ROP:  37%|███▋      | 82110/221505 [06:38<11:15, 206.29it/s]
ROP:  37%|███▋      | 82120/221505 [06:38<11:15, 206.26it/s]
ROP:  37%|███▋      | 82130/221505 [06:38<11:16, 206.18it/s]
ROP:  37%|███▋      | 82140/221505 [06:38<11:16, 205.99it/s]
ROP:  37%|███▋      | 82150/221505 [06:39<11:17, 205.82it/s]
ROP:  37%|███▋      | 82160/221505 [06:39<11:17, 205.75it/s]
ROP:  37%|███▋      | 82170/221505 [06:39<11:17, 205.56it/s]
ROP:  37%|███▋      | 82180/221505 [06:40<11:18, 205.33it/s]
ROP:  37%|███▋      | 82190/221505 [06:40<11:18, 205.27it/s]
ROP:  37%|███▋      | 82200/221505 [06:40<11:18, 205.22it/s]
ROP:  37%|███▋      | 82210/221505 [06:40<11:19, 205.10it/s]
ROP:  37%|███▋      | 82220/221505 [06:41<11:19, 204.99it/s]
ROP:  37%|███▋      | 82231/221505 [06:41<11:19, 204.96it/s]
ROP:  37%|███▋      | 82242/221505 [06:41<11:19, 204.86it/s]
ROP:  37%|███▋      | 82253/221505 [06:41<11:20, 204.67it/s]
ROP:  37%|███▋      | 82264/221505 [06:42<11:20, 204.50it/s]
ROP:  37%|███▋      | 82275/221505 [06:42<11:21, 204.40it/s]
ROP:  37%|███▋      | 82286/221505 [06:42<11:21, 204.34it/s]
ROP:  37%|███▋      | 82297/221505 [06:42<11:21, 204.27it/s]
ROP:  37%|███▋      | 82308/221505 [06:43<11:21, 204.15it/s]
ROP:  37%|███▋      | 82319/221505 [06:43<11:22, 204.08it/s]
ROP:  37%|███▋      | 82330/221505 [06:43<11:22, 204.04it/s]
ROP:  37%|███▋      | 82345/221505 [06:43<11:22, 204.01it/s]
ROP:  37%|███▋      | 82360/221505 [06:44<11:22, 203.79it/s]
ROP:  37%|███▋      | 82363/221505 [06:44<11:22, 203.74it/s]
ROP:  37%|███▋      | 82372/221505 [06:44<11:23, 203.70it/s]
ROP:  37%|███▋      | 82381/221505 [06:44<11:23, 203.65it/s]
ROP:  37%|███▋      | 82390/221505 [06:44<11:23, 203.49it/s]
ROP:  37%|███▋      | 82399/221505 [06:45<11:23, 203.44it/s]
ROP:  37%|███▋      | 82408/221505 [06:45<11:23, 203.36it/s]
ROP:  37%|███▋      | 82417/221505 [06:45<11:24, 203.20it/s]
ROP:  37%|███▋      | 82427/221505 [06:45<11:24, 203.15it/s]
ROP:  37%|███▋      | 82437/221505 [06:45<11:24, 203.10it/s]
ROP:  37%|███▋      | 82447/221505 [06:46<11:24, 203.01it/s]
ROP:  37%|███▋      | 82457/221505 [06:46<11:25, 202.93it/s]
ROP:  37%|███▋      | 82470/221505 [06:46<11:25, 202.89it/s]
ROP:  37%|███▋      | 82483/221505 [06:46<11:25, 202.80it/s]
ROP:  37%|███▋      | 82496/221505 [06:46<11:25, 202.73it/s]
ROP:  37%|███▋      | 82509/221505 [06:47<11:25, 202.65it/s]
ROP:  37%|███▋      | 82522/221505 [06:47<11:26, 202.52it/s]
ROP:  37%|███▋      | 82535/221505 [06:47<11:26, 202.48it/s]
ROP:  37%|███▋      | 82548/221505 [06:47<11:26, 202.34it/s]
ROP:  37%|███▋      | 82561/221505 [06:48<11:27, 202.24it/s]
ROP:  37%|███▋      | 82574/221505 [06:48<11:27, 202.14it/s]
ROP:  37%|███▋      | 82587/221505 [06:48<11:27, 202.00it/s]
ROP:  37%|███▋      | 82600/221505 [06:49<11:27, 201.95it/s]
ROP:  37%|███▋      | 82613/221505 [06:49<11:28, 201.85it/s]
ROP:  37%|███▋      | 82626/221505 [06:49<11:28, 201.60it/s]
ROP:  37%|███▋      | 82630/221505 [06:50<11:29, 201.53it/s]
ROP:  37%|███▋      | 82634/221505 [06:50<11:29, 201.45it/s]
ROP:  37%|███▋      | 82643/221505 [06:50<11:29, 201.42it/s]
ROP:  37%|███▋      | 82671/221505 [06:50<11:29, 201.42it/s]
ROP:  37%|███▋      | 82699/221505 [06:50<11:29, 201.41it/s]
ROP:  37%|███▋      | 82727/221505 [06:51<11:30, 201.05it/s]
ROP:  37%|███▋      | 82731/221505 [06:51<11:30, 200.99it/s]
ROP:  37%|███▋      | 82740/221505 [06:51<11:30, 200.96it/s]
ROP:  37%|███▋      | 82749/221505 [06:51<11:30, 200.91it/s]
ROP:  37%|███▋      | 82825/221505 [06:51<11:29, 201.04it/s]
ROP:  37%|███▋      | 82901/221505 [06:52<11:29, 201.01it/s]
ROP:  37%|███▋      | 83063/221505 [06:52<11:27, 201.35it/s]
ROP:  38%|███▊      | 83225/221505 [06:53<11:27, 201.21it/s]
ROP:  38%|███▊      | 83244/221505 [06:53<11:27, 201.20it/s]
ROP:  38%|███▊      | 83263/221505 [06:54<11:28, 200.90it/s]
ROP:  38%|███▊      | 83274/221505 [06:54<11:28, 200.87it/s]
ROP:  38%|███▊      | 83285/221505 [06:54<11:28, 200.82it/s]
ROP:  38%|███▊      | 83296/221505 [06:54<11:28, 200.74it/s]
ROP:  38%|███▊      | 83380/221505 [06:55<11:27, 200.88it/s]
ROP:  38%|███▊      | 83464/221505 [06:55<11:27, 200.75it/s]
ROP:  38%|███▊      | 83477/221505 [06:55<11:27, 200.67it/s]
ROP:  38%|███▊      | 83490/221505 [06:56<11:28, 200.59it/s]
ROP:  38%|███▊      | 83503/221505 [06:56<11:28, 200.46it/s]
ROP:  38%|███▊      | 83762/221505 [06:56<11:25, 201.03it/s]
ROP:  38%|███▊      | 83762/221505 [07:00<11:30, 199.43it/s]
ROP:  38%|███▊      | 83933/221505 [07:00<11:28, 199.82it/s]
ROP:  38%|███▊      | 83945/221505 [07:00<11:28, 199.79it/s]
ROP:  38%|███▊      | 83957/221505 [07:00<11:28, 199.74it/s]
ROP:  38%|███▊      | 83975/221505 [07:00<11:28, 199.71it/s]
ROP:  38%|███▊      | 83993/221505 [07:00<11:28, 199.59it/s]
ROP:  38%|███▊      | 84011/221505 [07:00<11:28, 199.57it/s]
ROP:  38%|███▊      | 84029/221505 [07:01<11:28, 199.53it/s]
ROP:  38%|███▊      | 84047/221505 [07:01<11:29, 199.46it/s]
ROP:  38%|███▊      | 84065/221505 [07:01<11:29, 199.43it/s]
ROP:  38%|███▊      | 84087/221505 [07:01<11:29, 199.43it/s]
ROP:  38%|███▊      | 84109/221505 [07:01<11:29, 199.39it/s]
ROP:  38%|███▊      | 84131/221505 [07:02<11:29, 199.24it/s]
ROP:  38%|███▊      | 84153/221505 [07:02<11:29, 199.16it/s]
ROP:  38%|███▊      | 84175/221505 [07:02<11:29, 199.08it/s]
ROP:  38%|███▊      | 84197/221505 [07:02<11:29, 199.08it/s]
ROP:  38%|███▊      | 84219/221505 [07:03<11:29, 198.98it/s]
ROP:  38%|███▊      | 84241/221505 [07:04<11:31, 198.62it/s]
ROP:  38%|███▊      | 84244/221505 [07:04<11:31, 198.56it/s]
ROP:  38%|███▊      | 84254/221505 [07:04<11:31, 198.52it/s]
ROP:  38%|███▊      | 84264/221505 [07:04<11:31, 198.40it/s]
ROP:  38%|███▊      | 84274/221505 [07:05<11:32, 198.19it/s]
ROP:  38%|███▊      | 84284/221505 [07:05<11:32, 198.15it/s]
ROP:  38%|███▊      | 84294/221505 [07:05<11:32, 198.11it/s]
ROP:  38%|███▊      | 84304/221505 [07:05<11:33, 197.96it/s]
ROP:  38%|███▊      | 84314/221505 [07:06<11:33, 197.80it/s]
ROP:  38%|███▊      | 84324/221505 [07:06<11:33, 197.71it/s]
ROP:  38%|███▊      | 84334/221505 [07:06<11:34, 197.64it/s]
ROP:  38%|███▊      | 84344/221505 [07:07<11:34, 197.43it/s]
ROP:  38%|███▊      | 84352/221505 [07:07<11:34, 197.37it/s]
ROP:  38%|███▊      | 84360/221505 [07:07<11:35, 197.24it/s]
ROP:  38%|███▊      | 84368/221505 [07:07<11:35, 197.17it/s]
ROP:  38%|███▊      | 84376/221505 [07:08<11:35, 197.11it/s]
ROP:  38%|███▊      | 84384/221505 [07:08<11:36, 196.93it/s]
ROP:  38%|███▊      | 84392/221505 [07:08<11:36, 196.89it/s]
ROP:  38%|███▊      | 84400/221505 [07:08<11:36, 196.78it/s]
ROP:  38%|███▊      | 84408/221505 [07:09<11:37, 196.69it/s]
ROP:  38%|███▊      | 84416/221505 [07:09<11:37, 196.62it/s]
ROP:  38%|███▊      | 84424/221505 [07:09<11:37, 196.52it/s]
ROP:  38%|███▊      | 84434/221505 [07:09<11:37, 196.48it/s]
ROP:  38%|███▊      | 84444/221505 [07:10<11:38, 196.36it/s]
ROP:  38%|███▊      | 84454/221505 [07:10<11:38, 196.26it/s]
ROP:  38%|███▊      | 84464/221505 [07:10<11:38, 196.19it/s]
ROP:  38%|███▊      | 84474/221505 [07:10<11:38, 196.11it/s]
ROP:  38%|███▊      | 84484/221505 [07:11<11:39, 196.00it/s]
ROP:  38%|███▊      | 84494/221505 [07:11<11:39, 195.96it/s]
ROP:  38%|███▊      | 84504/221505 [07:11<11:39, 195.92it/s]
ROP:  38%|███▊      | 84514/221505 [07:11<11:39, 195.88it/s]
ROP:  38%|███▊      | 84524/221505 [07:11<11:39, 195.69it/s]
ROP:  38%|███▊      | 84534/221505 [07:12<11:40, 195.60it/s]
ROP:  38%|███▊      | 84546/221505 [07:12<11:40, 195.56it/s]
ROP:  38%|███▊      | 84558/221505 [07:12<11:40, 195.42it/s]
ROP:  38%|███▊      | 84570/221505 [07:13<11:41, 195.29it/s]
ROP:  38%|███▊      | 84582/221505 [07:13<11:41, 195.13it/s]
ROP:  38%|███▊      | 84594/221505 [07:13<11:42, 195.02it/s]
ROP:  38%|███▊      | 84606/221505 [07:14<11:42, 194.91it/s]
ROP:  38%|███▊      | 84618/221505 [07:14<11:42, 194.79it/s]
ROP:  38%|███▊      | 84630/221505 [07:14<11:42, 194.70it/s]
ROP:  38%|███▊      | 84642/221505 [07:15<11:43, 194.55it/s]
ROP:  38%|███▊      | 84654/221505 [07:15<11:43, 194.45it/s]
ROP:  38%|███▊      | 84666/221505 [07:15<11:44, 194.30it/s]
ROP:  38%|███▊      | 84945/221505 [07:15<11:40, 194.90it/s]
ROP:  38%|███▊      | 85224/221505 [07:16<11:38, 195.23it/s]
ROP:  39%|███▊      | 85461/221505 [07:16<11:35, 195.64it/s]
ROP:  39%|███▊      | 85737/221505 [07:16<11:31, 196.23it/s]
ROP:  39%|███▉      | 86078/221505 [07:17<11:27, 196.96it/s]
ROP:  39%|███▉      | 86425/221505 [07:17<11:23, 197.71it/s]
ROP:  39%|███▉      | 86772/221505 [07:18<11:20, 197.97it/s]
ROP:  39%|███▉      | 86818/221505 [07:18<11:20, 198.00it/s]
ROP:  39%|███▉      | 86864/221505 [07:19<11:21, 197.46it/s]
ROP:  39%|███▉      | 86870/221505 [07:20<11:22, 197.41it/s]
ROP:  39%|███▉      | 86876/221505 [07:20<11:22, 197.32it/s]
ROP:  39%|███▉      | 86885/221505 [07:20<11:22, 197.26it/s]
ROP:  39%|███▉      | 86894/221505 [07:20<11:22, 197.23it/s]
ROP:  39%|███▉      | 86903/221505 [07:21<11:23, 197.03it/s]
ROP:  39%|███▉      | 86912/221505 [07:21<11:23, 196.97it/s]
ROP:  39%|███▉      | 86921/221505 [07:21<11:23, 196.83it/s]
ROP:  39%|███▉      | 86930/221505 [07:21<11:23, 196.80it/s]
ROP:  39%|███▉      | 86940/221505 [07:21<11:23, 196.75it/s]
ROP:  39%|███▉      | 86950/221505 [07:22<11:24, 196.66it/s]
ROP:  39%|███▉      | 86960/221505 [07:22<11:24, 196.53it/s]
ROP:  39%|███▉      | 86970/221505 [07:22<11:24, 196.46it/s]
ROP:  39%|███▉      | 86981/221505 [07:22<11:24, 196.41it/s]
ROP:  39%|███▉      | 86992/221505 [07:23<11:25, 196.24it/s]
ROP:  39%|███▉      | 87003/221505 [07:24<11:26, 195.90it/s]
ROP:  39%|███▉      | 87009/221505 [07:24<11:26, 195.85it/s]
ROP:  39%|███▉      | 87015/221505 [07:24<11:27, 195.70it/s]
ROP:  39%|███▉      | 87025/221505 [07:24<11:27, 195.64it/s]
ROP:  39%|███▉      | 87035/221505 [07:24<11:27, 195.62it/s]
ROP:  39%|███▉      | 87045/221505 [07:25<11:27, 195.53it/s]
ROP:  39%|███▉      | 87055/221505 [07:25<11:28, 195.40it/s]
ROP:  39%|███▉      | 87067/221505 [07:25<11:28, 195.36it/s]
ROP:  39%|███▉      | 87079/221505 [07:25<11:28, 195.31it/s]
ROP:  39%|███▉      | 87093/221505 [07:25<11:28, 195.28it/s]
ROP:  39%|███▉      | 87107/221505 [07:26<11:28, 195.15it/s]
ROP:  39%|███▉      | 87121/221505 [07:26<11:29, 194.91it/s]
ROP:  39%|███▉      | 87124/221505 [07:27<11:29, 194.78it/s]
ROP:  39%|███▉      | 87135/221505 [07:27<11:29, 194.74it/s]
ROP:  39%|███▉      | 87146/221505 [07:27<11:30, 194.61it/s]
ROP:  39%|███▉      | 87157/221505 [07:28<11:30, 194.50it/s]
ROP:  39%|███▉      | 87168/221505 [07:28<11:31, 194.39it/s]
ROP:  39%|███▉      | 87179/221505 [07:28<11:31, 194.33it/s]
ROP:  39%|███▉      | 87190/221505 [07:28<11:31, 194.29it/s]
ROP:  39%|███▉      | 87201/221505 [07:28<11:31, 194.24it/s]
ROP:  39%|███▉      | 87212/221505 [07:29<11:31, 194.08it/s]
ROP:  39%|███▉      | 87223/221505 [07:29<11:32, 193.95it/s]
ROP:  39%|███▉      | 87234/221505 [07:29<11:32, 193.88it/s]
ROP:  39%|███▉      | 87245/221505 [07:30<11:32, 193.86it/s]
ROP:  39%|███▉      | 87256/221505 [07:30<11:32, 193.74it/s]
ROP:  39%|███▉      | 87267/221505 [07:30<11:33, 193.67it/s]
ROP:  40%|███▉      | 87624/221505 [07:30<11:28, 194.42it/s]
ROP:  40%|███▉      | 87981/221505 [07:30<11:24, 195.16it/s]
ROP:  40%|███▉      | 88338/221505 [07:30<11:19, 195.91it/s]
ROP:  40%|████      | 88695/221505 [07:31<11:15, 196.55it/s]
ROP:  40%|████      | 89052/221505 [07:32<11:13, 196.59it/s]
ROP:  40%|████      | 89073/221505 [07:33<11:14, 196.44it/s]
ROP:  40%|████      | 89094/221505 [07:34<11:14, 196.18it/s]
ROP:  40%|████      | 89100/221505 [07:34<11:15, 196.12it/s]
ROP:  40%|████      | 89106/221505 [07:34<11:15, 196.01it/s]
ROP:  40%|████      | 89115/221505 [07:34<11:15, 195.97it/s]
ROP:  40%|████      | 89124/221505 [07:34<11:15, 195.92it/s]
ROP:  40%|████      | 89143/221505 [07:35<11:15, 195.90it/s]
ROP:  40%|████      | 89162/221505 [07:35<11:16, 195.77it/s]
ROP:  40%|████      | 89181/221505 [07:35<11:16, 195.70it/s]
ROP:  40%|████      | 89200/221505 [07:36<11:16, 195.54it/s]
ROP:  40%|████      | 89219/221505 [07:37<11:17, 195.22it/s]
ROP:  40%|████      | 89227/221505 [07:37<11:17, 195.18it/s]
ROP:  40%|████      | 89235/221505 [07:37<11:17, 195.13it/s]
ROP:  40%|████      | 89263/221505 [07:37<11:17, 195.11it/s]
ROP:  40%|████      | 89291/221505 [07:38<11:18, 194.93it/s]
ROP:  40%|████      | 89303/221505 [07:38<11:18, 194.91it/s]
ROP:  40%|████      | 89315/221505 [07:38<11:18, 194.84it/s]
ROP:  40%|████      | 89327/221505 [07:38<11:18, 194.70it/s]
ROP:  40%|████      | 89339/221505 [07:39<11:19, 194.62it/s]
ROP:  40%|████      | 89351/221505 [07:39<11:19, 194.50it/s]
ROP:  40%|████      | 89607/221505 [07:39<11:16, 195.00it/s]
ROP:  41%|████      | 89863/221505 [07:46<11:22, 192.84it/s]
ROP:  41%|████      | 89875/221505 [07:46<11:22, 192.79it/s]
ROP:  41%|████      | 89901/221505 [07:46<11:22, 192.79it/s]
ROP:  41%|████      | 89927/221505 [07:46<11:23, 192.58it/s]
ROP:  41%|████      | 89932/221505 [07:47<11:23, 192.47it/s]
ROP:  41%|████      | 89944/221505 [07:47<11:23, 192.41it/s]
ROP:  41%|████      | 89956/221505 [07:47<11:23, 192.36it/s]
ROP:  41%|████      | 89968/221505 [07:47<11:24, 192.28it/s]
ROP:  41%|████      | 89980/221505 [07:48<11:24, 192.18it/s]
ROP:  41%|████      | 89992/221505 [07:48<11:24, 192.09it/s]
ROP:  41%|████      | 90004/221505 [07:48<11:24, 192.07it/s]
ROP:  41%|████      | 90016/221505 [07:48<11:24, 191.99it/s]
ROP:  41%|████      | 90028/221505 [07:49<11:25, 191.92it/s]
ROP:  41%|████      | 90041/221505 [07:49<11:25, 191.87it/s]
ROP:  41%|████      | 90054/221505 [07:49<11:25, 191.86it/s]
ROP:  41%|████      | 90067/221505 [07:49<11:25, 191.81it/s]
ROP:  41%|████      | 90084/221505 [07:49<11:25, 191.78it/s]
ROP:  41%|████      | 90101/221505 [07:49<11:25, 191.75it/s]
ROP:  41%|████      | 90139/221505 [07:50<11:24, 191.78it/s]
ROP:  41%|████      | 90177/221505 [07:50<11:25, 191.61it/s]
ROP:  41%|████      | 90222/221505 [07:50<11:24, 191.66it/s]
ROP:  41%|████      | 90267/221505 [07:51<11:24, 191.63it/s]
ROP:  41%|████      | 90312/221505 [07:51<11:25, 191.44it/s]
ROP:  41%|████      | 90319/221505 [07:51<11:25, 191.41it/s]
ROP:  41%|████      | 90401/221505 [07:52<11:24, 191.52it/s]
ROP:  41%|████      | 90483/221505 [07:53<11:25, 191.22it/s]
ROP:  41%|████      | 90493/221505 [07:53<11:25, 191.17it/s]
ROP:  41%|████      | 90503/221505 [07:53<11:25, 191.13it/s]
ROP:  41%|████      | 90520/221505 [07:53<11:25, 191.11it/s]
ROP:  41%|████      | 90537/221505 [07:53<11:25, 191.11it/s]
ROP:  41%|████      | 90631/221505 [07:53<11:24, 191.25it/s]
ROP:  41%|████      | 90725/221505 [07:54<11:23, 191.24it/s]
ROP:  41%|████      | 90744/221505 [07:54<11:24, 191.16it/s]
ROP:  41%|████      | 90763/221505 [07:54<11:24, 191.09it/s]
ROP:  41%|████      | 90782/221505 [07:55<11:24, 190.84it/s]
ROP:  41%|████      | 90787/221505 [07:55<11:25, 190.80it/s]
ROP:  41%|████      | 90807/221505 [07:55<11:24, 190.80it/s]
ROP:  41%|████      | 90827/221505 [07:56<11:24, 190.79it/s]
ROP:  41%|████      | 90847/221505 [07:56<11:24, 190.77it/s]
ROP:  41%|████      | 90867/221505 [07:56<11:24, 190.72it/s]
ROP:  41%|████      | 90887/221505 [07:56<11:24, 190.72it/s]
ROP:  41%|████      | 91003/221505 [07:56<11:23, 190.89it/s]
ROP:  41%|████      | 91119/221505 [07:58<11:24, 190.50it/s]
ROP:  41%|████      | 91127/221505 [07:58<11:24, 190.45it/s]
ROP:  41%|████      | 91135/221505 [07:58<11:24, 190.40it/s]
ROP:  41%|████      | 91144/221505 [07:58<11:24, 190.36it/s]
ROP:  41%|████      | 91153/221505 [07:59<11:25, 190.29it/s]
ROP:  41%|████      | 91171/221505 [07:59<11:24, 190.28it/s]
ROP:  41%|████      | 91189/221505 [07:59<11:24, 190.24it/s]
ROP:  41%|████      | 91207/221505 [07:59<11:25, 190.19it/s]
ROP:  41%|████      | 91225/221505 [07:59<11:25, 190.15it/s]
ROP:  41%|████      | 91266/221505 [07:59<11:24, 190.19it/s]
ROP:  41%|████      | 91307/221505 [08:00<11:25, 189.98it/s]
ROP:  41%|████      | 91313/221505 [08:00<11:25, 189.94it/s]
ROP:  41%|████      | 91335/221505 [08:00<11:25, 189.94it/s]
ROP:  41%|████      | 91357/221505 [08:01<11:25, 189.84it/s]
ROP:  41%|████▏     | 91379/221505 [08:01<11:26, 189.66it/s]
ROP:  41%|████▏     | 91414/221505 [08:01<11:25, 189.68it/s]
ROP:  41%|████▏     | 91449/221505 [08:02<11:25, 189.67it/s]
ROP:  41%|████▏     | 91494/221505 [08:02<11:25, 189.72it/s]
ROP:  41%|████▏     | 91562/221505 [08:02<11:24, 189.82it/s]
ROP:  41%|████▏     | 91630/221505 [08:03<11:25, 189.45it/s]
ROP:  41%|████▏     | 91636/221505 [08:03<11:25, 189.42it/s]
ROP:  41%|████▏     | 91642/221505 [08:03<11:25, 189.39it/s]
ROP:  41%|████▏     | 91685/221505 [08:04<11:25, 189.43it/s]
ROP:  41%|████▏     | 91728/221505 [08:04<11:25, 189.37it/s]
ROP:  41%|████▏     | 91787/221505 [08:04<11:24, 189.45it/s]
ROP:  41%|████▏     | 91846/221505 [08:04<11:24, 189.50it/s]
ROP:  42%|████▏     | 92005/221505 [08:04<11:22, 189.75it/s]
ROP:  42%|████▏     | 92164/221505 [08:05<11:21, 189.68it/s]
ROP:  42%|████▏     | 92205/221505 [08:06<11:21, 189.72it/s]
ROP:  42%|████▏     | 92246/221505 [08:06<11:21, 189.61it/s]
ROP:  42%|████▏     | 92287/221505 [08:07<11:22, 189.32it/s]
ROP:  42%|████▏     | 92295/221505 [08:07<11:22, 189.28it/s]
ROP:  42%|████▏     | 92312/221505 [08:07<11:22, 189.27it/s]
ROP:  42%|████▏     | 92332/221505 [08:07<11:22, 189.26it/s]
ROP:  42%|████▏     | 92352/221505 [08:08<11:22, 189.20it/s]
ROP:  42%|████▏     | 92373/221505 [08:08<11:22, 189.20it/s]
ROP:  42%|████▏     | 92405/221505 [08:08<11:22, 189.22it/s]
ROP:  42%|████▏     | 92437/221505 [08:08<11:22, 189.17it/s]
ROP:  42%|████▏     | 92469/221505 [08:08<11:22, 189.19it/s]
ROP:  42%|████▏     | 92509/221505 [08:08<11:21, 189.23it/s]
ROP:  42%|████▏     | 92549/221505 [08:09<11:21, 189.25it/s]
ROP:  42%|████▏     | 92589/221505 [08:09<11:21, 189.23it/s]
ROP:  42%|████▏     | 92696/221505 [08:09<11:20, 189.39it/s]
ROP:  42%|████▏     | 92696/221505 [08:10<11:20, 189.17it/s]
ROP:  42%|████▏     | 92760/221505 [08:10<11:20, 189.28it/s]
ROP:  42%|████▏     | 92771/221505 [08:10<11:20, 189.20it/s]
ROP:  42%|████▏     | 92782/221505 [08:10<11:20, 189.10it/s]
ROP:  42%|████▏     | 92824/221505 [08:10<11:20, 189.13it/s]
ROP:  42%|████▏     | 92931/221505 [08:10<11:19, 189.30it/s]
ROP:  42%|████▏     | 93038/221505 [08:12<11:19, 189.05it/s]
ROP:  42%|████▏     | 93061/221505 [08:12<11:19, 189.05it/s]
ROP:  42%|████▏     | 93088/221505 [08:12<11:19, 189.06it/s]
ROP:  42%|████▏     | 93115/221505 [08:12<11:19, 189.08it/s]
ROP:  42%|████▏     | 93142/221505 [08:12<11:18, 189.06it/s]
ROP:  42%|████▏     | 93169/221505 [08:12<11:18, 189.07it/s]
ROP:  42%|████▏     | 93196/221505 [08:12<11:18, 189.04it/s]
ROP:  42%|████▏     | 93223/221505 [08:13<11:18, 188.99it/s]
ROP:  42%|████▏     | 93255/221505 [08:13<11:18, 189.01it/s]
ROP:  42%|████▏     | 93287/221505 [08:13<11:18, 188.88it/s]
ROP:  42%|████▏     | 93352/221505 [08:14<11:18, 188.97it/s]
ROP:  42%|████▏     | 93472/221505 [08:14<11:16, 189.16it/s]
ROP:  42%|████▏     | 93592/221505 [08:15<11:16, 188.99it/s]
ROP:  42%|████▏     | 93617/221505 [08:15<11:16, 189.00it/s]
ROP:  42%|████▏     | 93647/221505 [08:15<11:16, 189.01it/s]
ROP:  42%|████▏     | 93677/221505 [08:15<11:16, 188.93it/s]
ROP:  42%|████▏     | 93734/221505 [08:15<11:16, 189.00it/s]
ROP:  42%|████▏     | 93791/221505 [08:16<11:16, 188.89it/s]
ROP:  42%|████▏     | 93801/221505 [08:16<11:16, 188.86it/s]
ROP:  42%|████▏     | 93824/221505 [08:16<11:16, 188.86it/s]
ROP:  42%|████▏     | 93873/221505 [08:16<11:15, 188.89it/s]
ROP:  42%|████▏     | 93922/221505 [08:17<11:15, 188.78it/s]
ROP:  42%|████▏     | 93996/221505 [08:17<11:15, 188.87it/s]
ROP:  42%|████▏     | 94070/221505 [08:18<11:14, 188.80it/s]
ROP:  42%|████▏     | 94119/221505 [08:18<11:14, 188.85it/s]
ROP:  43%|████▎     | 94168/221505 [08:18<11:14, 188.90it/s]
ROP:  43%|████▎     | 94223/221505 [08:18<11:13, 188.97it/s]
ROP:  43%|████▎     | 94278/221505 [08:18<11:13, 189.04it/s]
ROP:  43%|████▎     | 94430/221505 [08:18<11:11, 189.31it/s]
ROP:  43%|████▎     | 94582/221505 [08:19<11:09, 189.51it/s]
ROP:  43%|████▎     | 94734/221505 [08:19<11:08, 189.63it/s]
ROP:  43%|████▎     | 94884/221505 [08:19<11:06, 189.88it/s]
ROP:  43%|████▎     | 95034/221505 [08:20<11:05, 189.97it/s]
ROP:  43%|████▎     | 95210/221505 [08:20<11:03, 190.28it/s]
ROP:  43%|████▎     | 95428/221505 [08:20<11:01, 190.67it/s]
ROP:  43%|████▎     | 95646/221505 [08:21<10:59, 190.91it/s]
ROP:  43%|████▎     | 95726/221505 [08:21<10:58, 191.03it/s]
ROP:  43%|████▎     | 95806/221505 [08:21<10:57, 191.13it/s]
ROP:  43%|████▎     | 95924/221505 [08:21<10:56, 191.32it/s]
ROP:  43%|████▎     | 96042/221505 [08:21<10:55, 191.38it/s]
ROP:  43%|████▎     | 96160/221505 [08:22<10:54, 191.54it/s]
ROP:  43%|████▎     | 96295/221505 [08:22<10:52, 191.77it/s]
ROP:  44%|████▎     | 96431/221505 [08:22<10:51, 192.00it/s]
ROP:  44%|████▎     | 96688/221505 [08:22<10:48, 192.47it/s]
ROP:  44%|████▍     | 96945/221505 [08:22<10:45, 192.91it/s]
ROP:  44%|████▍     | 97202/221505 [08:22<10:43, 193.32it/s]
ROP:  44%|████▍     | 97459/221505 [08:23<10:40, 193.74it/s]
ROP:  44%|████▍     | 97716/221505 [08:23<10:37, 194.21it/s]
ROP:  44%|████▍     | 97973/221505 [08:23<10:34, 194.66it/s]
ROP:  44%|████▍     | 98230/221505 [08:23<10:32, 195.03it/s]
ROP:  44%|████▍     | 98487/221505 [08:24<10:29, 195.38it/s]
ROP:  45%|████▍     | 98744/221505 [08:25<10:28, 195.22it/s]
ROP:  45%|████▍     | 98790/221505 [08:25<10:28, 195.27it/s]
ROP:  45%|████▍     | 98958/221505 [08:26<10:26, 195.54it/s]
ROP:  45%|████▍     | 99126/221505 [08:26<10:25, 195.60it/s]
ROP:  45%|████▍     | 99164/221505 [08:26<10:25, 195.63it/s]
ROP:  45%|████▍     | 99282/221505 [08:27<10:24, 195.82it/s]
ROP:  45%|████▍     | 99490/221505 [08:27<10:21, 196.19it/s]
ROP:  45%|████▌     | 99698/221505 [08:27<10:19, 196.56it/s]
ROP:  45%|████▌     | 99906/221505 [08:28<10:18, 196.62it/s]
ROP:  45%|████▌     | 99967/221505 [08:28<10:17, 196.69it/s]
ROP:  45%|████▌     | 100028/221505 [08:28<10:17, 196.74it/s]
ROP:  45%|████▌     | 100089/221505 [08:28<10:16, 196.82it/s]
ROP:  45%|████▌     | 100150/221505 [08:28<10:16, 196.81it/s]
ROP:  45%|████▌     | 100386/221505 [08:29<10:14, 197.21it/s]
ROP:  45%|████▌     | 100622/221505 [08:29<10:12, 197.31it/s]
ROP:  46%|████▌     | 100919/221505 [08:30<10:09, 197.86it/s]
ROP:  46%|████▌     | 101216/221505 [08:30<10:06, 198.31it/s]
ROP:  46%|████▌     | 101513/221505 [08:30<10:03, 198.84it/s]
ROP:  46%|████▌     | 101810/221505 [08:30<10:00, 199.37it/s]
ROP:  46%|████▌     | 102127/221505 [08:30<09:57, 199.94it/s]
ROP:  46%|████▌     | 102444/221505 [08:30<09:53, 200.52it/s]
ROP:  46%|████▋     | 102815/221505 [08:31<09:49, 201.20it/s]
ROP:  47%|████▋     | 103186/221505 [08:31<09:46, 201.80it/s]
ROP:  47%|████▋     | 103557/221505 [08:31<09:42, 202.46it/s]
ROP:  47%|████▋     | 103928/221505 [08:31<09:39, 203.02it/s]
ROP:  47%|████▋     | 104299/221505 [08:34<09:38, 202.77it/s]
ROP:  47%|████▋     | 104315/221505 [08:34<09:38, 202.69it/s]
ROP:  47%|████▋     | 104331/221505 [08:35<09:38, 202.54it/s]
ROP:  47%|████▋     | 104347/221505 [08:35<09:38, 202.45it/s]
ROP:  47%|████▋     | 104363/221505 [08:35<09:38, 202.33it/s]
ROP:  47%|████▋     | 104379/221505 [08:36<09:39, 202.25it/s]
ROP:  47%|████▋     | 104395/221505 [08:36<09:39, 202.18it/s]
ROP:  47%|████▋     | 104411/221505 [08:36<09:39, 202.15it/s]
ROP:  47%|████▋     | 104429/221505 [08:36<09:39, 202.15it/s]
ROP:  47%|████▋     | 104447/221505 [08:37<09:39, 201.96it/s]
ROP:  47%|████▋     | 104461/221505 [08:37<09:39, 201.95it/s]
ROP:  47%|████▋     | 104475/221505 [08:37<09:39, 201.94it/s]
ROP:  47%|████▋     | 104489/221505 [08:37<09:39, 201.87it/s]
ROP:  47%|████▋     | 104503/221505 [08:37<09:39, 201.82it/s]
ROP:  47%|████▋     | 104517/221505 [08:37<09:39, 201.80it/s]
ROP:  47%|████▋     | 104531/221505 [08:38<09:39, 201.76it/s]
ROP:  47%|████▋     | 104545/221505 [08:38<09:40, 201.64it/s]
ROP:  47%|████▋     | 104559/221505 [08:38<09:40, 201.54it/s]
ROP:  47%|████▋     | 104573/221505 [08:39<09:40, 201.42it/s]
ROP:  47%|████▋     | 104587/221505 [08:39<09:40, 201.33it/s]
ROP:  47%|████▋     | 104601/221505 [08:39<09:40, 201.24it/s]
ROP:  47%|████▋     | 104615/221505 [08:40<09:41, 201.14it/s]
ROP:  47%|████▋     | 104633/221505 [08:40<09:41, 201.12it/s]
ROP:  47%|████▋     | 104651/221505 [08:40<09:41, 200.99it/s]
ROP:  47%|████▋     | 104676/221505 [08:40<09:41, 200.98it/s]
ROP:  47%|████▋     | 104701/221505 [08:41<09:41, 200.85it/s]
ROP:  47%|████▋     | 104726/221505 [08:41<09:41, 200.85it/s]
ROP:  47%|████▋     | 104753/221505 [08:41<09:41, 200.86it/s]
ROP:  47%|████▋     | 104854/221505 [08:41<09:40, 201.01it/s]
ROP:  47%|████▋     | 104955/221505 [08:41<09:39, 201.14it/s]
ROP:  47%|████▋     | 105056/221505 [08:42<09:38, 201.21it/s]
ROP:  47%|████▋     | 105157/221505 [08:42<09:37, 201.36it/s]
ROP:  48%|████▊     | 105258/221505 [08:42<09:37, 201.43it/s]
ROP:  48%|████▊     | 105359/221505 [08:42<09:36, 201.46it/s]
ROP:  48%|████▊     | 105460/221505 [08:43<09:35, 201.51it/s]
ROP:  48%|████▊     | 105561/221505 [08:43<09:34, 201.65it/s]
ROP:  48%|████▊     | 105662/221505 [08:43<09:34, 201.79it/s]
ROP:  48%|████▊     | 105763/221505 [08:43<09:33, 201.90it/s]
ROP:  48%|████▊     | 105864/221505 [08:44<09:32, 201.99it/s]
ROP:  48%|████▊     | 105965/221505 [08:44<09:32, 201.86it/s]
ROP:  48%|████▊     | 105980/221505 [08:45<09:32, 201.85it/s]
ROP:  48%|████▊     | 106044/221505 [08:45<09:31, 201.93it/s]
ROP:  48%|████▊     | 106124/221505 [08:45<09:31, 202.04it/s]
ROP:  48%|████▊     | 106208/221505 [08:45<09:30, 202.15it/s]
ROP:  48%|████▊     | 106292/221505 [08:46<09:30, 202.06it/s]
ROP:  48%|████▊     | 106305/221505 [08:46<09:30, 202.04it/s]
ROP:  48%|████▊     | 106334/221505 [08:46<09:30, 202.05it/s]
ROP:  48%|████▊     | 106398/221505 [08:46<09:29, 202.13it/s]
ROP:  48%|████▊     | 106462/221505 [08:47<09:29, 202.00it/s]
ROP:  48%|████▊     | 106508/221505 [08:47<09:29, 202.05it/s]
ROP:  48%|████▊     | 106554/221505 [08:47<09:29, 202.00it/s]
ROP:  48%|████▊     | 106629/221505 [08:47<09:28, 202.07it/s]
ROP:  48%|████▊     | 106704/221505 [08:47<09:27, 202.14it/s]
ROP:  48%|████▊     | 106779/221505 [08:48<09:27, 202.16it/s]
ROP:  48%|████▊     | 106854/221505 [08:48<09:26, 202.26it/s]
ROP:  48%|████▊     | 106929/221505 [08:48<09:26, 202.28it/s]
ROP:  48%|████▊     | 107011/221505 [08:48<09:25, 202.39it/s]
ROP:  48%|████▊     | 107093/221505 [08:49<09:25, 202.39it/s]
ROP:  48%|████▊     | 107282/221505 [08:49<09:23, 202.71it/s]
ROP:  49%|████▊     | 107516/221505 [08:49<09:21, 203.09it/s]
ROP:  49%|████▊     | 107516/221505 [08:50<09:22, 202.79it/s]
ROP:  49%|████▊     | 107691/221505 [08:50<09:20, 203.10it/s]
ROP:  49%|████▊     | 107731/221505 [08:50<09:20, 203.13it/s]
ROP:  49%|████▊     | 107771/221505 [08:50<09:20, 203.04it/s]
ROP:  49%|████▊     | 107811/221505 [08:51<09:20, 203.01it/s]
ROP:  49%|████▊     | 107852/221505 [08:51<09:19, 203.02it/s]
ROP:  49%|████▊     | 107893/221505 [08:51<09:19, 202.99it/s]
ROP:  49%|████▊     | 107934/221505 [08:51<09:19, 203.02it/s]
ROP:  49%|████▊     | 107975/221505 [08:51<09:19, 203.04it/s]
ROP:  49%|████▉     | 108016/221505 [08:51<09:18, 203.07it/s]
ROP:  49%|████▉     | 108086/221505 [08:52<09:18, 203.16it/s]
ROP:  49%|████▉     | 108156/221505 [08:52<09:17, 203.21it/s]
ROP:  49%|████▉     | 108226/221505 [08:52<09:17, 203.26it/s]
ROP:  49%|████▉     | 108296/221505 [08:52<09:16, 203.27it/s]
ROP:  49%|████▉     | 108389/221505 [08:52<09:16, 203.38it/s]
ROP:  49%|████▉     | 108522/221505 [08:53<09:14, 203.59it/s]
ROP:  49%|████▉     | 108655/221505 [08:53<09:13, 203.75it/s]
ROP:  49%|████▉     | 108788/221505 [08:53<09:12, 203.87it/s]
ROP:  49%|████▉     | 108921/221505 [08:53<09:11, 204.02it/s]
ROP:  49%|████▉     | 109106/221505 [08:53<09:10, 204.33it/s]
ROP:  49%|████▉     | 109334/221505 [08:54<09:07, 204.71it/s]
ROP:  49%|████▉     | 109562/221505 [08:54<09:05, 205.04it/s]
ROP:  50%|████▉     | 109790/221505 [08:54<09:04, 205.25it/s]
ROP:  50%|████▉     | 109853/221505 [08:55<09:03, 205.33it/s]
ROP:  50%|████▉     | 109921/221505 [08:55<09:03, 205.42it/s]
ROP:  50%|████▉     | 110090/221505 [08:55<09:01, 205.69it/s]
ROP:  50%|████▉     | 110259/221505 [08:55<09:00, 205.96it/s]
ROP:  50%|████▉     | 110428/221505 [08:55<08:58, 206.17it/s]
ROP:  50%|████▉     | 110631/221505 [08:55<08:56, 206.51it/s]
ROP:  50%|█████     | 110834/221505 [08:56<08:55, 206.71it/s]
ROP:  50%|█████     | 111037/221505 [08:56<08:53, 206.96it/s]
ROP:  50%|█████     | 111240/221505 [08:57<08:53, 206.80it/s]
ROP:  50%|█████     | 111310/221505 [08:58<08:52, 206.88it/s]
ROP:  50%|█████     | 111380/221505 [08:58<08:52, 206.76it/s]
ROP:  50%|█████     | 111450/221505 [08:58<08:52, 206.84it/s]
ROP:  50%|█████     | 111520/221505 [08:59<08:51, 206.88it/s]
ROP:  50%|█████     | 111590/221505 [08:59<08:51, 206.96it/s]
ROP:  50%|█████     | 111660/221505 [08:59<08:50, 207.00it/s]
ROP:  50%|█████     | 111730/221505 [08:59<08:50, 206.97it/s]
ROP:  50%|█████     | 111800/221505 [09:00<08:50, 206.95it/s]
ROP:  51%|█████     | 111870/221505 [09:00<08:49, 206.89it/s]
ROP:  51%|█████     | 111936/221505 [09:00<08:49, 206.97it/s]
ROP:  51%|█████     | 112002/221505 [09:01<08:49, 206.83it/s]
ROP:  51%|█████     | 112019/221505 [09:01<08:49, 206.80it/s]
ROP:  51%|█████     | 112036/221505 [09:01<08:49, 206.74it/s]
ROP:  51%|█████     | 112053/221505 [09:02<08:49, 206.66it/s]
ROP:  51%|█████     | 112070/221505 [09:02<08:49, 206.59it/s]
ROP:  51%|█████     | 112087/221505 [09:02<08:49, 206.57it/s]
ROP:  51%|█████     | 112104/221505 [09:02<08:49, 206.53it/s]
ROP:  51%|█████     | 112150/221505 [09:02<08:49, 206.55it/s]
ROP:  51%|█████     | 112255/221505 [09:03<08:48, 206.70it/s]
ROP:  51%|█████     | 112360/221505 [09:03<08:48, 206.70it/s]
ROP:  51%|█████     | 112423/221505 [09:03<08:47, 206.75it/s]
ROP:  51%|█████     | 112486/221505 [09:04<08:47, 206.73it/s]
ROP:  51%|█████     | 112549/221505 [09:04<08:47, 206.58it/s]
ROP:  51%|█████     | 112561/221505 [09:05<08:47, 206.53it/s]
ROP:  51%|█████     | 112614/221505 [09:05<08:47, 206.59it/s]
ROP:  51%|█████     | 112667/221505 [09:05<08:46, 206.54it/s]
ROP:  51%|█████     | 112731/221505 [09:05<08:46, 206.61it/s]
ROP:  51%|█████     | 112795/221505 [09:06<08:46, 206.54it/s]
ROP:  51%|█████     | 112820/221505 [09:06<08:46, 206.54it/s]
ROP:  51%|█████     | 112845/221505 [09:06<08:46, 206.51it/s]
ROP:  51%|█████     | 112870/221505 [09:06<08:46, 206.51it/s]
ROP:  51%|█████     | 112928/221505 [09:06<08:45, 206.58it/s]
ROP:  51%|█████     | 112986/221505 [09:06<08:45, 206.61it/s]
ROP:  51%|█████     | 113044/221505 [09:07<08:44, 206.60it/s]
ROP:  51%|█████     | 113130/221505 [09:07<08:44, 206.71it/s]
ROP:  51%|█████     | 113216/221505 [09:07<08:43, 206.77it/s]
ROP:  51%|█████     | 113376/221505 [09:07<08:42, 207.02it/s]
ROP:  51%|█████▏    | 113536/221505 [09:09<08:42, 206.67it/s]
ROP:  51%|█████▏    | 113675/221505 [09:09<08:41, 206.88it/s]
ROP:  51%|█████▏    | 113865/221505 [09:09<08:39, 207.18it/s]
ROP:  51%|█████▏    | 114055/221505 [09:09<08:38, 207.37it/s]
ROP:  52%|█████▏    | 114245/221505 [09:11<08:37, 207.34it/s]
ROP:  52%|█████▏    | 114295/221505 [09:11<08:36, 207.39it/s]
ROP:  52%|█████▏    | 114345/221505 [09:11<08:36, 207.32it/s]
ROP:  52%|█████▏    | 114395/221505 [09:11<08:36, 207.36it/s]
ROP:  52%|█████▏    | 114462/221505 [09:11<08:36, 207.43it/s]
ROP:  52%|█████▏    | 114529/221505 [09:12<08:35, 207.46it/s]
ROP:  52%|█████▏    | 114596/221505 [09:12<08:35, 207.48it/s]
ROP:  52%|█████▏    | 114663/221505 [09:12<08:34, 207.53it/s]
ROP:  52%|█████▏    | 114730/221505 [09:12<08:34, 207.56it/s]
ROP:  52%|█████▏    | 114799/221505 [09:12<08:33, 207.60it/s]
ROP:  52%|█████▏    | 114911/221505 [09:13<08:33, 207.72it/s]
ROP:  52%|█████▏    | 115023/221505 [09:13<08:32, 207.82it/s]
ROP:  52%|█████▏    | 115135/221505 [09:13<08:31, 207.89it/s]
ROP:  52%|█████▏    | 115247/221505 [09:14<08:30, 207.99it/s]
ROP:  52%|█████▏    | 115359/221505 [09:14<08:30, 208.03it/s]
ROP:  52%|█████▏    | 115471/221505 [09:14<08:29, 208.12it/s]
ROP:  52%|█████▏    | 115583/221505 [09:16<08:29, 207.73it/s]
ROP:  52%|█████▏    | 115591/221505 [09:16<08:30, 207.66it/s]
ROP:  52%|█████▏    | 115603/221505 [09:16<08:30, 207.62it/s]
ROP:  52%|█████▏    | 115630/221505 [09:16<08:29, 207.62it/s]
ROP:  52%|█████▏    | 115657/221505 [09:17<08:30, 207.48it/s]
ROP:  52%|█████▏    | 115663/221505 [09:17<08:30, 207.38it/s]
ROP:  52%|█████▏    | 115690/221505 [09:17<08:30, 207.39it/s]
ROP:  52%|█████▏    | 115721/221505 [09:17<08:30, 207.40it/s]
ROP:  52%|█████▏    | 115752/221505 [09:18<08:30, 207.18it/s]
ROP:  52%|█████▏    | 115761/221505 [09:18<08:30, 207.15it/s]
ROP:  52%|█████▏    | 115775/221505 [09:18<08:30, 207.13it/s]
ROP:  52%|█████▏    | 115789/221505 [09:19<08:30, 207.11it/s]
ROP:  52%|█████▏    | 115803/221505 [09:19<08:30, 207.09it/s]
ROP:  52%|█████▏    | 115817/221505 [09:19<08:30, 207.07it/s]
ROP:  52%|█████▏    | 115948/221505 [09:19<08:29, 207.20it/s]
ROP:  52%|█████▏    | 115948/221505 [09:20<08:29, 206.98it/s]
ROP:  52%|█████▏    | 116053/221505 [09:20<08:29, 207.17it/s]
ROP:  52%|█████▏    | 116075/221505 [09:20<08:28, 207.17it/s]
ROP:  52%|█████▏    | 116097/221505 [09:20<08:28, 207.14it/s]
ROP:  52%|█████▏    | 116171/221505 [09:20<08:28, 207.22it/s]
ROP:  52%|█████▏    | 116245/221505 [09:21<08:28, 207.19it/s]
ROP:  53%|█████▎    | 116319/221505 [09:21<08:27, 207.20it/s]
ROP:  53%|█████▎    | 116393/221505 [09:21<08:27, 207.27it/s]
ROP:  53%|█████▎    | 116521/221505 [09:21<08:26, 207.45it/s]
ROP:  53%|█████▎    | 116649/221505 [09:21<08:25, 207.60it/s]
ROP:  53%|█████▎    | 116790/221505 [09:22<08:23, 207.81it/s]
ROP:  53%|█████▎    | 116931/221505 [09:22<08:22, 208.02it/s]
ROP:  53%|█████▎    | 117196/221505 [09:22<08:20, 208.46it/s]
ROP:  53%|█████▎    | 117503/221505 [09:22<08:17, 208.97it/s]
ROP:  53%|█████▎    | 117885/221505 [09:22<08:14, 209.58it/s]
ROP:  53%|█████▎    | 118267/221505 [09:24<08:12, 209.57it/s]
ROP:  53%|█████▎    | 118288/221505 [09:24<08:12, 209.53it/s]
ROP:  53%|█████▎    | 118309/221505 [09:24<08:12, 209.52it/s]
ROP:  53%|█████▎    | 118330/221505 [09:24<08:12, 209.50it/s]
ROP:  53%|█████▎    | 118480/221505 [09:24<08:11, 209.72it/s]
ROP:  54%|█████▎    | 118639/221505 [09:25<08:09, 209.94it/s]
ROP:  54%|█████▎    | 118798/221505 [09:25<08:09, 210.00it/s]
ROP:  54%|█████▎    | 118855/221505 [09:25<08:08, 210.05it/s]
ROP:  54%|█████▎    | 118912/221505 [09:26<08:08, 210.09it/s]
ROP:  54%|█████▎    | 118976/221505 [09:26<08:07, 210.10it/s]
ROP:  54%|█████▎    | 119040/221505 [09:26<08:07, 210.04it/s]
ROP:  54%|█████▍    | 119104/221505 [09:27<08:07, 209.91it/s]
ROP:  54%|█████▍    | 119114/221505 [09:27<08:07, 209.89it/s]
ROP:  54%|█████▍    | 119124/221505 [09:27<08:07, 209.86it/s]
ROP:  54%|█████▍    | 119134/221505 [09:27<08:07, 209.82it/s]
ROP:  54%|█████▍    | 119194/221505 [09:27<08:07, 209.89it/s]
ROP:  54%|█████▍    | 119254/221505 [09:28<08:07, 209.68it/s]
ROP:  54%|█████▍    | 119262/221505 [09:28<08:07, 209.63it/s]
ROP:  54%|█████▍    | 119327/221505 [09:29<08:07, 209.71it/s]
ROP:  54%|█████▍    | 119392/221505 [09:29<08:06, 209.75it/s]
ROP:  54%|█████▍    | 119457/221505 [09:29<08:06, 209.78it/s]
ROP:  54%|█████▍    | 119546/221505 [09:29<08:05, 209.88it/s]
ROP:  54%|█████▍    | 119635/221505 [09:29<08:05, 209.91it/s]
ROP:  54%|█████▍    | 119742/221505 [09:30<08:04, 210.05it/s]
ROP:  54%|█████▍    | 119879/221505 [09:30<08:03, 210.25it/s]
ROP:  54%|█████▍    | 120016/221505 [09:30<08:02, 210.39it/s]
ROP:  54%|█████▍    | 120153/221505 [09:32<08:02, 209.99it/s]
ROP:  54%|█████▍    | 120211/221505 [09:32<08:02, 210.05it/s]
ROP:  54%|█████▍    | 120269/221505 [09:32<08:02, 210.03it/s]
ROP:  54%|█████▍    | 120327/221505 [09:32<08:01, 210.04it/s]
ROP:  54%|█████▍    | 120385/221505 [09:33<08:01, 210.00it/s]
ROP:  54%|█████▍    | 120460/221505 [09:33<08:00, 210.07it/s]
ROP:  54%|█████▍    | 120554/221505 [09:33<08:00, 210.20it/s]
ROP:  54%|█████▍    | 120648/221505 [09:34<07:59, 210.15it/s]
ROP:  55%|█████▍    | 120762/221505 [09:34<07:59, 210.29it/s]
ROP:  55%|█████▍    | 120876/221505 [09:34<07:58, 210.41it/s]
ROP:  55%|█████▍    | 120990/221505 [09:34<07:57, 210.47it/s]
ROP:  55%|█████▍    | 121104/221505 [09:35<07:56, 210.58it/s]
ROP:  55%|█████▍    | 121218/221505 [09:35<07:56, 210.63it/s]
ROP:  55%|█████▍    | 121332/221505 [09:35<07:55, 210.69it/s]
ROP:  55%|█████▍    | 121446/221505 [09:36<07:54, 210.72it/s]
ROP:  55%|█████▍    | 121560/221505 [09:36<07:53, 210.87it/s]
ROP:  55%|█████▍    | 121674/221505 [09:36<07:53, 210.99it/s]
ROP:  55%|█████▍    | 121788/221505 [09:36<07:52, 211.09it/s]
ROP:  55%|█████▌    | 121902/221505 [09:37<07:51, 211.09it/s]
ROP:  55%|█████▌    | 121944/221505 [09:37<07:51, 211.12it/s]
ROP:  55%|█████▌    | 122024/221505 [09:37<07:51, 211.20it/s]
ROP:  55%|█████▌    | 122104/221505 [09:38<07:50, 211.17it/s]
ROP:  55%|█████▌    | 122235/221505 [09:38<07:49, 211.35it/s]
ROP:  55%|█████▌    | 122366/221505 [09:38<07:48, 211.50it/s]
ROP:  55%|█████▌    | 122497/221505 [09:39<07:48, 211.52it/s]
ROP:  55%|█████▌    | 122538/221505 [09:39<07:47, 211.54it/s]
ROP:  55%|█████▌    | 122579/221505 [09:39<07:47, 211.54it/s]
ROP:  55%|█████▌    | 122620/221505 [09:39<07:47, 211.55it/s]
ROP:  55%|█████▌    | 122686/221505 [09:39<07:46, 211.62it/s]
ROP:  55%|█████▌    | 122752/221505 [09:39<07:46, 211.66it/s]
ROP:  55%|█████▌    | 122818/221505 [09:40<07:46, 211.54it/s]
ROP:  55%|█████▌    | 122829/221505 [09:40<07:46, 211.51it/s]
ROP:  55%|█████▌    | 122840/221505 [09:41<07:46, 211.37it/s]
ROP:  55%|█████▌    | 122874/221505 [09:41<07:46, 211.39it/s]
ROP:  55%|█████▌    | 122908/221505 [09:41<07:46, 211.38it/s]
ROP:  56%|█████▌    | 122976/221505 [09:41<07:45, 211.45it/s]
ROP:  56%|█████▌    | 123044/221505 [09:41<07:45, 211.53it/s]
ROP:  56%|█████▌    | 123112/221505 [09:41<07:45, 211.58it/s]
ROP:  56%|█████▌    | 123194/221505 [09:42<07:44, 211.67it/s]
ROP:  56%|█████▌    | 123301/221505 [09:42<07:43, 211.79it/s]
ROP:  56%|█████▌    | 123408/221505 [09:42<07:42, 211.89it/s]
ROP:  56%|█████▌    | 123515/221505 [09:42<07:42, 211.88it/s]
ROP:  56%|█████▌    | 123596/221505 [09:43<07:41, 211.98it/s]
ROP:  56%|█████▌    | 123677/221505 [09:43<07:41, 212.00it/s]
ROP:  56%|█████▌    | 123758/221505 [09:43<07:41, 212.03it/s]
ROP:  56%|█████▌    | 123839/221505 [09:43<07:40, 212.11it/s]
ROP:  56%|█████▌    | 123920/221505 [09:44<07:40, 212.07it/s]
ROP:  56%|█████▌    | 123959/221505 [09:44<07:39, 212.09it/s]
ROP:  56%|█████▌    | 124042/221505 [09:44<07:39, 212.20it/s]
ROP:  56%|█████▌    | 124125/221505 [09:44<07:38, 212.24it/s]
ROP:  56%|█████▌    | 124208/221505 [09:44<07:38, 212.34it/s]
ROP:  56%|█████▌    | 124291/221505 [09:45<07:37, 212.43it/s]
ROP:  56%|█████▌    | 124374/221505 [09:45<07:37, 212.47it/s]
ROP:  56%|█████▌    | 124500/221505 [09:45<07:36, 212.65it/s]
ROP:  56%|█████▋    | 124626/221505 [09:45<07:35, 212.78it/s]
ROP:  56%|█████▋    | 124752/221505 [09:45<07:34, 212.90it/s]
ROP:  56%|█████▋    | 124878/221505 [09:46<07:33, 212.93it/s]
ROP:  56%|█████▋    | 125004/221505 [09:46<07:32, 213.11it/s]
ROP:  56%|█████▋    | 125130/221505 [09:46<07:32, 213.18it/s]
ROP:  57%|█████▋    | 125256/221505 [09:47<07:31, 213.32it/s]
ROP:  57%|█████▋    | 125382/221505 [09:47<07:30, 213.31it/s]
ROP:  57%|█████▋    | 125402/221505 [09:48<07:30, 213.20it/s]
ROP:  57%|█████▋    | 125422/221505 [09:48<07:30, 213.16it/s]
ROP:  57%|█████▋    | 125454/221505 [09:48<07:30, 213.16it/s]
ROP:  57%|█████▋    | 125486/221505 [09:49<07:30, 213.00it/s]
ROP:  57%|█████▋    | 125536/221505 [09:49<07:30, 213.02it/s]
ROP:  57%|█████▋    | 125605/221505 [09:49<07:30, 213.10it/s]
ROP:  57%|█████▋    | 125674/221505 [09:49<07:29, 213.14it/s]
ROP:  57%|█████▋    | 125743/221505 [09:49<07:29, 213.18it/s]
ROP:  57%|█████▋    | 125812/221505 [09:50<07:28, 213.14it/s]
ROP:  57%|█████▋    | 125881/221505 [09:50<07:28, 213.11it/s]
ROP:  57%|█████▋    | 126150/221505 [09:50<07:26, 213.53it/s]
ROP:  57%|█████▋    | 126521/221505 [09:50<07:23, 214.09it/s]
ROP:  57%|█████▋    | 126892/221505 [09:51<07:21, 214.39it/s]
ROP:  57%|█████▋    | 126933/221505 [09:52<07:21, 214.37it/s]
ROP:  57%|█████▋    | 126995/221505 [09:52<07:20, 214.43it/s]
ROP:  57%|█████▋    | 127200/221505 [09:52<07:19, 214.72it/s]
ROP:  58%|█████▊    | 127405/221505 [09:53<07:18, 214.55it/s]
ROP:  58%|█████▊    | 127448/221505 [09:53<07:18, 214.58it/s]
ROP:  58%|█████▊    | 127491/221505 [09:54<07:18, 214.51it/s]
ROP:  58%|█████▊    | 127535/221505 [09:54<07:18, 214.53it/s]
ROP:  58%|█████▊    | 127579/221505 [09:54<07:17, 214.50it/s]
ROP:  58%|█████▊    | 127623/221505 [09:55<07:18, 214.31it/s]
ROP:  58%|█████▊    | 127691/221505 [09:55<07:17, 214.39it/s]
ROP:  58%|█████▊    | 127759/221505 [09:55<07:17, 214.46it/s]
ROP:  58%|█████▊    | 127886/221505 [09:55<07:16, 214.63it/s]
ROP:  58%|█████▊    | 128013/221505 [09:56<07:15, 214.71it/s]
ROP:  58%|█████▊    | 128140/221505 [09:56<07:14, 214.65it/s]
ROP:  58%|█████▊    | 128180/221505 [09:57<07:14, 214.68it/s]
ROP:  58%|█████▊    | 128220/221505 [09:57<07:14, 214.65it/s]
ROP:  58%|█████▊    | 128404/221505 [09:57<07:13, 214.92it/s]
ROP:  58%|█████▊    | 128588/221505 [09:57<07:11, 215.09it/s]
ROP:  58%|█████▊    | 128772/221505 [09:58<07:11, 215.07it/s]
ROP:  58%|█████▊    | 128793/221505 [09:58<07:11, 215.07it/s]
ROP:  58%|█████▊    | 128814/221505 [09:59<07:11, 215.04it/s]
ROP:  58%|█████▊    | 128937/221505 [09:59<07:10, 215.21it/s]
ROP:  58%|█████▊    | 129060/221505 [09:59<07:09, 215.26it/s]
ROP:  58%|█████▊    | 129183/221505 [09:59<07:08, 215.41it/s]
ROP:  58%|█████▊    | 129306/221505 [09:59<07:07, 215.52it/s]
ROP:  58%|█████▊    | 129429/221505 [10:00<07:06, 215.67it/s]
ROP:  58%|█████▊    | 129552/221505 [10:00<07:06, 215.83it/s]
ROP:  59%|█████▊    | 129675/221505 [10:00<07:05, 215.87it/s]
ROP:  59%|█████▊    | 129864/221505 [10:00<07:03, 216.15it/s]
ROP:  59%|█████▊    | 130053/221505 [10:00<07:02, 216.42it/s]
ROP:  59%|█████▉    | 130242/221505 [10:01<07:01, 216.58it/s]
ROP:  59%|█████▉    | 130431/221505 [10:02<07:00, 216.41it/s]
ROP:  59%|█████▉    | 130455/221505 [10:02<07:00, 216.40it/s]
ROP:  59%|█████▉    | 130479/221505 [10:03<07:00, 216.24it/s]
ROP:  59%|█████▉    | 130606/221505 [10:03<07:00, 216.42it/s]
ROP:  59%|█████▉    | 130733/221505 [10:04<06:59, 216.31it/s]
ROP:  59%|█████▉    | 130778/221505 [10:04<06:59, 216.32it/s]
ROP:  59%|█████▉    | 130834/221505 [10:04<06:59, 216.37it/s]
ROP:  59%|█████▉    | 130890/221505 [10:05<06:58, 216.28it/s]
ROP:  59%|█████▉    | 130946/221505 [10:05<06:58, 216.33it/s]
ROP:  59%|█████▉    | 131002/221505 [10:05<06:58, 216.38it/s]
ROP:  59%|█████▉    | 131058/221505 [10:06<06:58, 216.26it/s]
ROP:  59%|█████▉    | 131068/221505 [10:06<06:58, 216.16it/s]
ROP:  59%|█████▉    | 131079/221505 [10:06<06:58, 216.13it/s]
ROP:  59%|█████▉    | 131228/221505 [10:06<06:57, 216.34it/s]
ROP:  59%|█████▉    | 131377/221505 [10:06<06:56, 216.44it/s]
ROP:  59%|█████▉    | 131760/221505 [10:07<06:53, 217.04it/s]
ROP:  60%|█████▉    | 132143/221505 [10:07<06:50, 217.55it/s]
ROP:  60%|█████▉    | 132526/221505 [10:07<06:47, 218.12it/s]
ROP:  60%|██████    | 132909/221505 [10:09<06:46, 218.19it/s]
ROP:  60%|██████    | 132980/221505 [10:09<06:45, 218.27it/s]
ROP:  60%|██████    | 133051/221505 [10:09<06:45, 218.22it/s]
ROP:  60%|██████    | 133122/221505 [10:10<06:45, 218.16it/s]
ROP:  60%|██████    | 133193/221505 [10:10<06:45, 218.05it/s]
ROP:  60%|██████    | 133245/221505 [10:10<06:44, 218.08it/s]
ROP:  60%|██████    | 133297/221505 [10:11<06:44, 218.08it/s]
ROP:  60%|██████    | 133380/221505 [10:11<06:43, 218.18it/s]
ROP:  60%|██████    | 133463/221505 [10:11<06:43, 218.25it/s]
ROP:  60%|██████    | 133633/221505 [10:11<06:42, 218.47it/s]
ROP:  60%|██████    | 133803/221505 [10:11<06:41, 218.68it/s]
ROP:  60%|██████    | 133973/221505 [10:12<06:40, 218.64it/s]
ROP:  61%|██████    | 134040/221505 [10:12<06:39, 218.71it/s]
ROP:  61%|██████    | 134107/221505 [10:12<06:39, 218.78it/s]
ROP:  61%|██████    | 134175/221505 [10:13<06:39, 218.86it/s]
ROP:  61%|██████    | 134243/221505 [10:13<06:38, 218.87it/s]
ROP:  61%|██████    | 134311/221505 [10:13<06:38, 218.90it/s]
ROP:  61%|██████    | 134469/221505 [10:13<06:37, 219.11it/s]
ROP:  61%|██████    | 134627/221505 [10:14<06:36, 219.17it/s]
ROP:  61%|██████    | 134657/221505 [10:14<06:36, 219.12it/s]
ROP:  61%|██████    | 134872/221505 [10:14<06:34, 219.43it/s]
ROP:  61%|██████    | 135087/221505 [10:15<06:33, 219.60it/s]
ROP:  61%|██████    | 135302/221505 [10:16<06:32, 219.62it/s]
ROP:  61%|██████    | 135531/221505 [10:16<06:30, 219.95it/s]
ROP:  61%|██████▏   | 135760/221505 [10:17<06:29, 220.03it/s]
ROP:  61%|██████▏   | 135788/221505 [10:17<06:29, 220.03it/s]
ROP:  61%|██████▏   | 135834/221505 [10:17<06:29, 220.07it/s]
ROP:  61%|██████▏   | 135880/221505 [10:17<06:29, 220.08it/s]
ROP:  61%|██████▏   | 135926/221505 [10:17<06:28, 220.08it/s]
ROP:  61%|██████▏   | 135984/221505 [10:17<06:28, 220.14it/s]
ROP:  61%|██████▏   | 136042/221505 [10:17<06:28, 220.16it/s]
ROP:  61%|██████▏   | 136105/221505 [10:18<06:27, 220.22it/s]
ROP:  61%|██████▏   | 136168/221505 [10:18<06:27, 220.27it/s]
ROP:  62%|██████▏   | 136231/221505 [10:18<06:27, 220.33it/s]
ROP:  62%|██████▏   | 136294/221505 [10:19<06:27, 220.17it/s]
ROP:  62%|██████▏   | 136315/221505 [10:19<06:26, 220.16it/s]
ROP:  62%|██████▏   | 136336/221505 [10:19<06:26, 220.14it/s]
ROP:  62%|██████▏   | 136557/221505 [10:19<06:25, 220.46it/s]
ROP:  62%|██████▏   | 136819/221505 [10:19<06:23, 220.84it/s]
ROP:  62%|██████▏   | 136819/221505 [10:20<06:23, 220.61it/s]
ROP:  62%|██████▏   | 136971/221505 [10:20<06:22, 220.85it/s]
ROP:  62%|██████▏   | 137036/221505 [10:20<06:22, 220.92it/s]
ROP:  62%|██████▏   | 137105/221505 [10:20<06:21, 220.98it/s]
ROP:  62%|██████▏   | 137200/221505 [10:20<06:21, 221.10it/s]
ROP:  62%|██████▏   | 137295/221505 [10:21<06:21, 220.88it/s]
ROP:  62%|██████▏   | 137334/221505 [10:21<06:21, 220.89it/s]
ROP:  62%|██████▏   | 137540/221505 [10:21<06:19, 221.16it/s]
ROP:  62%|██████▏   | 137746/221505 [10:23<06:19, 220.75it/s]
ROP:  62%|██████▏   | 137933/221505 [10:24<06:18, 221.02it/s]
ROP:  62%|██████▏   | 138355/221505 [10:24<06:15, 221.65it/s]
ROP:  63%|██████▎   | 138777/221505 [10:24<06:12, 222.07it/s]
ROP:  63%|██████▎   | 138837/221505 [10:25<06:12, 221.85it/s]
ROP:  63%|██████▎   | 138868/221505 [10:25<06:12, 221.84it/s]
ROP:  63%|██████▎   | 138899/221505 [10:26<06:12, 221.79it/s]
ROP:  63%|██████▎   | 138930/221505 [10:26<06:12, 221.80it/s]
ROP:  63%|██████▎   | 138992/221505 [10:26<06:11, 221.85it/s]
ROP:  63%|██████▎   | 139054/221505 [10:26<06:11, 221.87it/s]
ROP:  63%|██████▎   | 139116/221505 [10:26<06:11, 221.89it/s]
ROP:  63%|██████▎   | 139178/221505 [10:27<06:10, 221.91it/s]
ROP:  63%|██████▎   | 139273/221505 [10:27<06:10, 222.02it/s]
ROP:  63%|██████▎   | 139368/221505 [10:28<06:10, 221.68it/s]
ROP:  63%|██████▎   | 139409/221505 [10:28<06:10, 221.69it/s]
ROP:  63%|██████▎   | 139450/221505 [10:29<06:10, 221.66it/s]
ROP:  63%|██████▎   | 139491/221505 [10:29<06:10, 221.64it/s]
ROP:  63%|██████▎   | 139532/221505 [10:29<06:09, 221.60it/s]
ROP:  63%|██████▎   | 139573/221505 [10:30<06:09, 221.53it/s]
ROP:  63%|██████▎   | 139614/221505 [10:30<06:09, 221.55it/s]
ROP:  63%|██████▎   | 139679/221505 [10:30<06:09, 221.61it/s]
ROP:  63%|██████▎   | 139744/221505 [10:30<06:08, 221.63it/s]
ROP:  63%|██████▎   | 139809/221505 [10:30<06:08, 221.64it/s]
ROP:  63%|██████▎   | 139874/221505 [10:30<06:08, 221.69it/s]
ROP:  63%|██████▎   | 139939/221505 [10:31<06:07, 221.71it/s]
ROP:  63%|██████▎   | 140004/221505 [10:31<06:07, 221.55it/s]
ROP:  63%|██████▎   | 140037/221505 [10:32<06:07, 221.57it/s]
ROP:  63%|██████▎   | 140070/221505 [10:32<06:07, 221.53it/s]
ROP:  63%|██████▎   | 140103/221505 [10:32<06:07, 221.54it/s]
ROP:  63%|██████▎   | 140136/221505 [10:32<06:07, 221.46it/s]
ROP:  63%|██████▎   | 140192/221505 [10:32<06:07, 221.50it/s]
ROP:  63%|██████▎   | 140248/221505 [10:33<06:06, 221.50it/s]
ROP:  63%|██████▎   | 140355/221505 [10:33<06:06, 221.63it/s]
ROP:  63%|██████▎   | 140504/221505 [10:33<06:05, 221.83it/s]
ROP:  63%|██████▎   | 140653/221505 [10:33<06:04, 222.02it/s]
ROP:  64%|██████▎   | 140802/221505 [10:33<06:03, 222.14it/s]
ROP:  64%|██████▎   | 140951/221505 [10:34<06:02, 222.13it/s]
ROP:  64%|██████▎   | 140973/221505 [10:34<06:02, 222.13it/s]
ROP:  64%|██████▎   | 141097/221505 [10:34<06:01, 222.29it/s]
ROP:  64%|██████▍   | 141221/221505 [10:34<06:00, 222.45it/s]
ROP:  64%|██████▍   | 141345/221505 [10:35<06:00, 222.46it/s]
ROP:  64%|██████▍   | 141383/221505 [10:35<06:00, 222.48it/s]
ROP:  64%|██████▍   | 141421/221505 [10:35<05:59, 222.46it/s]
ROP:  64%|██████▍   | 141459/221505 [10:35<05:59, 222.47it/s]
ROP:  64%|██████▍   | 141563/221505 [10:36<05:59, 222.57it/s]
ROP:  64%|██████▍   | 141667/221505 [10:36<05:58, 222.61it/s]
ROP:  64%|██████▍   | 141771/221505 [10:37<05:58, 222.55it/s]
ROP:  64%|██████▍   | 141800/221505 [10:37<05:58, 222.55it/s]
ROP:  64%|██████▍   | 141829/221505 [10:37<05:58, 222.52it/s]
ROP:  64%|██████▍   | 141858/221505 [10:37<05:57, 222.51it/s]
ROP:  64%|██████▍   | 141959/221505 [10:37<05:57, 222.62it/s]
ROP:  64%|██████▍   | 142060/221505 [10:38<05:56, 222.61it/s]
ROP:  64%|██████▍   | 142161/221505 [10:38<05:56, 222.71it/s]
ROP:  64%|██████▍   | 142262/221505 [10:38<05:55, 222.77it/s]
ROP:  64%|██████▍   | 142363/221505 [10:39<05:55, 222.72it/s]
ROP:  64%|██████▍   | 142380/221505 [10:39<05:55, 222.67it/s]
ROP:  64%|██████▍   | 142397/221505 [10:39<05:55, 222.63it/s]
ROP:  64%|██████▍   | 142650/221505 [10:39<05:53, 222.99it/s]
ROP:  65%|██████▍   | 142903/221505 [10:40<05:52, 223.02it/s]
ROP:  65%|██████▍   | 142985/221505 [10:40<05:51, 223.09it/s]
ROP:  65%|██████▍   | 143067/221505 [10:41<05:51, 222.98it/s]
ROP:  65%|██████▍   | 143079/221505 [10:42<05:51, 222.84it/s]
ROP:  65%|██████▍   | 143091/221505 [10:42<05:51, 222.81it/s]
ROP:  65%|██████▍   | 143111/221505 [10:42<05:51, 222.81it/s]
ROP:  65%|██████▍   | 143139/221505 [10:42<05:51, 222.81it/s]
ROP:  65%|██████▍   | 143167/221505 [10:42<05:51, 222.79it/s]
ROP:  65%|██████▍   | 143209/221505 [10:42<05:51, 222.79it/s]
ROP:  65%|██████▍   | 143251/221505 [10:42<05:51, 222.82it/s]
ROP:  65%|██████▍   | 143293/221505 [10:43<05:51, 222.79it/s]
ROP:  65%|██████▍   | 143335/221505 [10:43<05:50, 222.81it/s]
ROP:  65%|██████▍   | 143435/221505 [10:43<05:50, 222.88it/s]
ROP:  65%|██████▍   | 143535/221505 [10:45<05:50, 222.51it/s]
ROP:  65%|██████▍   | 143568/221505 [10:45<05:50, 222.51it/s]
ROP:  65%|██████▍   | 143601/221505 [10:45<05:50, 222.43it/s]
ROP:  65%|██████▍   | 143634/221505 [10:45<05:50, 222.39it/s]
ROP:  65%|██████▍   | 143834/221505 [10:45<05:48, 222.67it/s]
ROP:  65%|██████▌   | 144034/221505 [10:46<05:47, 222.73it/s]
ROP:  65%|██████▌   | 144062/221505 [10:46<05:47, 222.67it/s]
ROP:  65%|██████▌   | 144150/221505 [10:47<05:47, 222.76it/s]
ROP:  65%|██████▌   | 144238/221505 [10:47<05:46, 222.80it/s]
ROP:  65%|██████▌   | 144440/221505 [10:47<05:45, 223.08it/s]
ROP:  65%|██████▌   | 144642/221505 [10:48<05:44, 222.91it/s]
ROP:  65%|██████▌   | 144738/221505 [10:49<05:44, 223.01it/s]
ROP:  65%|██████▌   | 144834/221505 [10:49<05:43, 223.10it/s]
ROP:  65%|██████▌   | 144930/221505 [10:49<05:43, 223.09it/s]
ROP:  65%|██████▌   | 145026/221505 [10:50<05:42, 223.11it/s]
ROP:  66%|██████▌   | 145122/221505 [10:50<05:42, 223.13it/s]
ROP:  66%|██████▌   | 145218/221505 [10:50<05:41, 223.20it/s]
ROP:  66%|██████▌   | 145327/221505 [10:50<05:41, 223.32it/s]
ROP:  66%|██████▌   | 145436/221505 [10:51<05:40, 223.36it/s]
ROP:  66%|██████▌   | 145545/221505 [10:51<05:39, 223.44it/s]
ROP:  66%|██████▌   | 145654/221505 [10:51<05:39, 223.48it/s]
ROP:  66%|██████▌   | 145763/221505 [10:52<05:38, 223.44it/s]
ROP:  66%|██████▌   | 145782/221505 [10:52<05:38, 223.40it/s]
ROP:  66%|██████▌   | 145801/221505 [10:52<05:38, 223.33it/s]
ROP:  66%|██████▌   | 145986/221505 [10:52<05:37, 223.58it/s]
ROP:  66%|██████▌   | 146171/221505 [10:54<05:37, 223.33it/s]
ROP:  66%|██████▌   | 146190/221505 [10:54<05:37, 223.33it/s]
ROP:  66%|██████▌   | 146209/221505 [10:54<05:37, 223.29it/s]
ROP:  66%|██████▌   | 146428/221505 [10:54<05:35, 223.58it/s]
ROP:  66%|██████▌   | 146647/221505 [10:56<05:35, 223.42it/s]
ROP:  66%|██████▌   | 146672/221505 [10:56<05:34, 223.42it/s]
ROP:  66%|██████▌   | 146697/221505 [10:56<05:34, 223.37it/s]
ROP:  66%|██████▌   | 146722/221505 [10:57<05:34, 223.31it/s]
ROP:  66%|██████▌   | 146747/221505 [10:57<05:34, 223.27it/s]
ROP:  66%|██████▋   | 146772/221505 [10:57<05:34, 223.12it/s]
ROP:  66%|██████▋   | 146833/221505 [10:57<05:34, 223.17it/s]
ROP:  66%|██████▋   | 146894/221505 [10:58<05:34, 223.20it/s]
ROP:  66%|██████▋   | 146955/221505 [10:58<05:33, 223.25it/s]
ROP:  66%|██████▋   | 147035/221505 [10:58<05:33, 223.34it/s]
ROP:  66%|██████▋   | 147115/221505 [10:58<05:33, 223.37it/s]
ROP:  66%|██████▋   | 147202/221505 [10:58<05:32, 223.46it/s]
ROP:  66%|██████▋   | 147289/221505 [10:59<05:32, 223.50it/s]
ROP:  67%|██████▋   | 147376/221505 [10:59<05:31, 223.38it/s]
ROP:  67%|██████▋   | 147388/221505 [10:59<05:31, 223.33it/s]
ROP:  67%|██████▋   | 147465/221505 [11:00<05:31, 223.40it/s]
ROP:  67%|██████▋   | 147542/221505 [11:00<05:31, 223.45it/s]
ROP:  67%|██████▋   | 147652/221505 [11:00<05:30, 223.58it/s]
ROP:  67%|██████▋   | 147762/221505 [11:00<05:29, 223.66it/s]
ROP:  67%|██████▋   | 147872/221505 [11:01<05:29, 223.56it/s]
ROP:  67%|██████▋   | 147921/221505 [11:01<05:29, 223.60it/s]
ROP:  67%|██████▋   | 147970/221505 [11:01<05:28, 223.55it/s]
ROP:  67%|██████▋   | 148056/221505 [11:02<05:28, 223.65it/s]
ROP:  67%|██████▋   | 148142/221505 [11:02<05:27, 223.72it/s]
ROP:  67%|██████▋   | 148228/221505 [11:02<05:27, 223.64it/s]
ROP:  67%|██████▋   | 148266/221505 [11:02<05:27, 223.65it/s]
ROP:  67%|██████▋   | 148362/221505 [11:03<05:26, 223.76it/s]
ROP:  67%|██████▋   | 148458/221505 [11:03<05:26, 223.74it/s]
ROP:  67%|██████▋   | 148704/221505 [11:03<05:24, 224.07it/s]
ROP:  67%|██████▋   | 149045/221505 [11:03<05:22, 224.53it/s]
ROP:  67%|██████▋   | 149386/221505 [11:04<05:20, 224.70it/s]
ROP:  67%|██████▋   | 149420/221505 [11:05<05:20, 224.66it/s]
ROP:  67%|██████▋   | 149454/221505 [11:05<05:20, 224.60it/s]
ROP:  67%|██████▋   | 149488/221505 [11:05<05:20, 224.61it/s]
ROP:  68%|██████▊   | 149627/221505 [11:05<05:19, 224.79it/s]
ROP:  68%|██████▊   | 149776/221505 [11:05<05:18, 224.97it/s]
ROP:  68%|██████▊   | 149925/221505 [11:06<05:18, 225.09it/s]
ROP:  68%|██████▊   | 150074/221505 [11:06<05:17, 225.17it/s]
ROP:  68%|██████▊   | 150223/221505 [11:07<05:16, 224.97it/s]
ROP:  68%|██████▊   | 150259/221505 [11:07<05:16, 224.97it/s]
ROP:  68%|██████▊   | 150295/221505 [11:08<05:16, 224.96it/s]
ROP:  68%|██████▊   | 150357/221505 [11:08<05:16, 225.00it/s]
ROP:  68%|██████▊   | 150419/221505 [11:08<05:15, 225.06it/s]
ROP:  68%|██████▊   | 150481/221505 [11:08<05:15, 225.01it/s]
ROP:  68%|██████▊   | 150580/221505 [11:08<05:15, 225.11it/s]
ROP:  68%|██████▊   | 150679/221505 [11:09<05:14, 225.09it/s]
ROP:  68%|██████▊   | 150709/221505 [11:09<05:14, 225.10it/s]
ROP:  68%|██████▊   | 150755/221505 [11:09<05:14, 225.13it/s]
ROP:  68%|██████▊   | 150801/221505 [11:09<05:14, 225.09it/s]
ROP:  68%|██████▊   | 150847/221505 [11:10<05:14, 224.97it/s]
ROP:  68%|██████▊   | 150875/221505 [11:10<05:13, 224.97it/s]
ROP:  68%|██████▊   | 150903/221505 [11:10<05:13, 224.93it/s]
ROP:  68%|██████▊   | 150945/221505 [11:11<05:13, 224.95it/s]
ROP:  68%|██████▊   | 150987/221505 [11:11<05:13, 224.81it/s]
ROP:  68%|██████▊   | 150995/221505 [11:11<05:13, 224.75it/s]
ROP:  68%|██████▊   | 151049/221505 [11:11<05:13, 224.79it/s]
ROP:  68%|██████▊   | 151105/221505 [11:12<05:13, 224.83it/s]
ROP:  68%|██████▊   | 151166/221505 [11:12<05:12, 224.83it/s]
ROP:  68%|██████▊   | 151227/221505 [11:12<05:12, 224.81it/s]
ROP:  68%|██████▊   | 151288/221505 [11:13<05:12, 224.77it/s]
ROP:  68%|██████▊   | 151349/221505 [11:13<05:12, 224.76it/s]
ROP:  68%|██████▊   | 151410/221505 [11:13<05:11, 224.70it/s]
ROP:  68%|██████▊   | 151471/221505 [11:14<05:11, 224.70it/s]
ROP:  68%|██████▊   | 151532/221505 [11:14<05:11, 224.75it/s]
ROP:  68%|██████▊   | 151593/221505 [11:14<05:11, 224.62it/s]
ROP:  68%|██████▊   | 151634/221505 [11:14<05:11, 224.65it/s]
ROP:  68%|██████▊   | 151678/221505 [11:15<05:10, 224.68it/s]
ROP:  68%|██████▊   | 151722/221505 [11:15<05:10, 224.66it/s]
ROP:  69%|██████▊   | 151766/221505 [11:15<05:10, 224.66it/s]
ROP:  69%|██████▊   | 151813/221505 [11:15<05:10, 224.69it/s]
ROP:  69%|██████▊   | 151860/221505 [11:16<05:10, 224.63it/s]
ROP:  69%|██████▊   | 151907/221505 [11:16<05:09, 224.64it/s]
ROP:  69%|██████▊   | 151954/221505 [11:16<05:09, 224.56it/s]
ROP:  69%|██████▊   | 152001/221505 [11:17<05:09, 224.45it/s]
ROP:  69%|██████▊   | 152027/221505 [11:17<05:09, 224.45it/s]
ROP:  69%|██████▊   | 152072/221505 [11:17<05:09, 224.48it/s]
ROP:  69%|██████▊   | 152117/221505 [11:17<05:09, 224.46it/s]
ROP:  69%|██████▊   | 152162/221505 [11:18<05:08, 224.42it/s]
ROP:  69%|██████▊   | 152207/221505 [11:18<05:08, 224.38it/s]
ROP:  69%|██████▊   | 152252/221505 [11:18<05:08, 224.38it/s]
ROP:  69%|██████▉   | 152297/221505 [11:18<05:08, 224.35it/s]
ROP:  69%|██████▉   | 152342/221505 [11:19<05:08, 224.34it/s]
ROP:  69%|██████▉   | 152419/221505 [11:19<05:07, 224.41it/s]
ROP:  69%|██████▉   | 152496/221505 [11:19<05:07, 224.47it/s]
ROP:  69%|██████▉   | 152642/221505 [11:19<05:06, 224.64it/s]
ROP:  69%|██████▉   | 152788/221505 [11:19<05:05, 224.81it/s]
ROP:  69%|██████▉   | 152934/221505 [11:19<05:04, 224.98it/s]
ROP:  69%|██████▉   | 153102/221505 [11:19<05:03, 225.19it/s]
ROP:  69%|██████▉   | 153270/221505 [11:20<05:03, 225.12it/s]
ROP:  69%|██████▉   | 153561/221505 [11:20<05:01, 225.51it/s]
ROP:  69%|██████▉   | 153852/221505 [11:22<04:59, 225.57it/s]
ROP:  69%|██████▉   | 153884/221505 [11:22<04:59, 225.57it/s]
ROP:  69%|██████▉   | 153916/221505 [11:22<04:59, 225.56it/s]
ROP:  70%|██████▉   | 153987/221505 [11:22<04:59, 225.61it/s]
ROP:  70%|██████▉   | 154058/221505 [11:22<04:58, 225.67it/s]
ROP:  70%|██████▉   | 154129/221505 [11:23<04:58, 225.64it/s]
ROP:  70%|██████▉   | 154200/221505 [11:23<04:58, 225.58it/s]
ROP:  70%|██████▉   | 154278/221505 [11:23<04:57, 225.66it/s]
ROP:  70%|██████▉   | 154356/221505 [11:24<04:57, 225.47it/s]
ROP:  70%|██████▉   | 154378/221505 [11:24<04:57, 225.46it/s]
ROP:  70%|██████▉   | 154400/221505 [11:24<04:57, 225.43it/s]
ROP:  70%|██████▉   | 154461/221505 [11:25<04:57, 225.46it/s]
ROP:  70%|██████▉   | 154522/221505 [11:25<04:57, 225.29it/s]
ROP:  70%|██████▉   | 154532/221505 [11:26<04:57, 225.24it/s]
ROP:  70%|██████▉   | 154542/221505 [11:26<04:57, 225.16it/s]
ROP:  70%|██████▉   | 154694/221505 [11:26<04:56, 225.35it/s]
ROP:  70%|██████▉   | 154846/221505 [11:26<04:55, 225.45it/s]
ROP:  70%|██████▉   | 154998/221505 [11:27<04:54, 225.56it/s]
ROP:  70%|███████   | 155150/221505 [11:27<04:54, 225.56it/s]
ROP:  70%|███████   | 155204/221505 [11:27<04:53, 225.60it/s]
ROP:  70%|███████   | 155258/221505 [11:28<04:53, 225.58it/s]
ROP:  70%|███████   | 155312/221505 [11:28<04:53, 225.62it/s]
ROP:  70%|███████   | 155442/221505 [11:28<04:52, 225.77it/s]
ROP:  70%|███████   | 155572/221505 [11:29<04:52, 225.77it/s]
ROP:  70%|███████   | 155708/221505 [11:29<04:51, 225.94it/s]
ROP:  70%|███████   | 155844/221505 [11:29<04:50, 226.01it/s]
ROP:  70%|███████   | 155844/221505 [11:30<04:50, 225.80it/s]
ROP:  70%|███████   | 155935/221505 [11:30<04:50, 225.93it/s]
ROP:  70%|███████   | 156093/221505 [11:30<04:49, 226.12it/s]
ROP:  71%|███████   | 156251/221505 [11:31<04:48, 225.98it/s]
ROP:  71%|███████   | 156340/221505 [11:31<04:48, 226.07it/s]
ROP:  71%|███████   | 156429/221505 [11:32<04:48, 225.82it/s]
ROP:  71%|███████   | 156437/221505 [11:32<04:48, 225.76it/s]
ROP:  71%|███████   | 156445/221505 [11:33<04:48, 225.69it/s]
ROP:  71%|███████   | 156473/221505 [11:33<04:48, 225.69it/s]
ROP:  71%|███████   | 156577/221505 [11:33<04:47, 225.81it/s]
ROP:  71%|███████   | 156681/221505 [11:33<04:46, 225.90it/s]
ROP:  71%|███████   | 156785/221505 [11:33<04:46, 225.93it/s]
ROP:  71%|███████   | 156889/221505 [11:34<04:46, 225.86it/s]
ROP:  71%|███████   | 156905/221505 [11:34<04:46, 225.83it/s]
ROP:  71%|███████   | 156975/221505 [11:34<04:45, 225.87it/s]
ROP:  71%|███████   | 157109/221505 [11:35<04:44, 226.02it/s]
ROP:  71%|███████   | 157243/221505 [11:35<04:44, 226.07it/s]
ROP:  71%|███████   | 157377/221505 [11:36<04:43, 226.06it/s]
ROP:  71%|███████   | 157402/221505 [11:36<04:43, 226.05it/s]
ROP:  71%|███████   | 157427/221505 [11:36<04:43, 226.05it/s]
ROP:  71%|███████   | 157528/221505 [11:36<04:42, 226.15it/s]
ROP:  71%|███████   | 157629/221505 [11:36<04:42, 226.24it/s]
ROP:  71%|███████   | 157730/221505 [11:36<04:41, 226.31it/s]
ROP:  71%|███████▏  | 157845/221505 [11:37<04:41, 226.44it/s]
ROP:  71%|███████▏  | 157966/221505 [11:37<04:40, 226.56it/s]
ROP:  71%|███████▏  | 158087/221505 [11:37<04:39, 226.60it/s]
ROP:  71%|███████▏  | 158208/221505 [11:38<04:39, 226.51it/s]
ROP:  71%|███████▏  | 158223/221505 [11:38<04:39, 226.43it/s]
ROP:  71%|███████▏  | 158238/221505 [11:38<04:39, 226.39it/s]
ROP:  71%|███████▏  | 158253/221505 [11:39<04:39, 226.34it/s]
ROP:  71%|███████▏  | 158305/221505 [11:39<04:39, 226.38it/s]
ROP:  71%|███████▏  | 158357/221505 [11:39<04:39, 226.25it/s]
ROP:  72%|███████▏  | 158385/221505 [11:40<04:38, 226.24it/s]
ROP:  72%|███████▏  | 158492/221505 [11:40<04:38, 226.36it/s]
ROP:  72%|███████▏  | 158599/221505 [11:40<04:37, 226.38it/s]
ROP:  72%|███████▏  | 158706/221505 [11:40<04:37, 226.46it/s]
ROP:  72%|███████▏  | 158813/221505 [11:41<04:36, 226.55it/s]
ROP:  72%|███████▏  | 158931/221505 [11:41<04:36, 226.68it/s]
ROP:  72%|███████▏  | 159147/221505 [11:41<04:34, 226.96it/s]
ROP:  72%|███████▏  | 159363/221505 [11:41<04:33, 227.12it/s]
ROP:  72%|███████▏  | 159579/221505 [11:41<04:32, 227.37it/s]
ROP:  72%|███████▏  | 159853/221505 [11:41<04:30, 227.72it/s]
ROP:  72%|███████▏  | 160127/221505 [11:42<04:29, 228.04it/s]
ROP:  72%|███████▏  | 160401/221505 [11:43<04:27, 228.13it/s]
ROP:  72%|███████▏  | 160490/221505 [11:43<04:27, 228.21it/s]
ROP:  72%|███████▏  | 160579/221505 [11:43<04:26, 228.30it/s]
ROP:  73%|███████▎  | 160668/221505 [11:43<04:26, 228.24it/s]
ROP:  73%|███████▎  | 160712/221505 [11:44<04:26, 228.27it/s]
ROP:  73%|███████▎  | 160756/221505 [11:44<04:26, 228.30it/s]
ROP:  73%|███████▎  | 160880/221505 [11:44<04:25, 228.44it/s]
ROP:  73%|███████▎  | 161004/221505 [11:44<04:24, 228.38it/s]
ROP:  73%|███████▎  | 161037/221505 [11:45<04:24, 228.40it/s]
ROP:  73%|███████▎  | 161070/221505 [11:45<04:24, 228.41it/s]
ROP:  73%|███████▎  | 161168/221505 [11:45<04:24, 228.51it/s]
ROP:  73%|███████▎  | 161266/221505 [11:45<04:23, 228.54it/s]
ROP:  73%|███████▎  | 161364/221505 [11:46<04:23, 228.56it/s]
ROP:  73%|███████▎  | 161462/221505 [11:46<04:22, 228.57it/s]
ROP:  73%|███████▎  | 161560/221505 [11:46<04:22, 228.53it/s]
ROP:  73%|███████▎  | 161632/221505 [11:47<04:21, 228.59it/s]
ROP:  73%|███████▎  | 161704/221505 [11:47<04:21, 228.65it/s]
ROP:  73%|███████▎  | 161879/221505 [11:47<04:20, 228.87it/s]
ROP:  73%|███████▎  | 162054/221505 [11:47<04:19, 229.00it/s]
ROP:  73%|███████▎  | 162229/221505 [11:48<04:18, 229.08it/s]
ROP:  73%|███████▎  | 162404/221505 [11:49<04:18, 229.04it/s]
ROP:  73%|███████▎  | 162439/221505 [11:49<04:17, 229.05it/s]
ROP:  73%|███████▎  | 162476/221505 [11:49<04:17, 229.06it/s]
ROP:  73%|███████▎  | 162513/221505 [11:49<04:17, 229.07it/s]
ROP:  73%|███████▎  | 162550/221505 [11:49<04:17, 229.01it/s]
ROP:  73%|███████▎  | 162587/221505 [11:50<04:17, 228.96it/s]
ROP:  73%|███████▎  | 162664/221505 [11:50<04:16, 229.03it/s]
ROP:  73%|███████▎  | 162741/221505 [11:50<04:16, 229.03it/s]
ROP:  74%|███████▎  | 162818/221505 [11:51<04:16, 228.95it/s]
ROP:  74%|███████▎  | 162985/221505 [11:51<04:15, 229.11it/s]
ROP:  74%|███████▎  | 163152/221505 [11:52<04:14, 228.86it/s]
ROP:  74%|███████▎  | 163180/221505 [11:53<04:14, 228.86it/s]
ROP:  74%|███████▎  | 163208/221505 [11:53<04:14, 228.80it/s]
ROP:  74%|███████▎  | 163236/221505 [11:53<04:14, 228.69it/s]
ROP:  74%|███████▎  | 163264/221505 [11:53<04:14, 228.66it/s]
ROP:  74%|███████▎  | 163292/221505 [11:54<04:14, 228.60it/s]
ROP:  74%|███████▎  | 163320/221505 [11:54<04:14, 228.60it/s]
ROP:  74%|███████▎  | 163348/221505 [11:54<04:14, 228.60it/s]
ROP:  74%|███████▍  | 163376/221505 [11:55<04:14, 228.42it/s]
ROP:  74%|███████▍  | 163401/221505 [11:55<04:14, 228.41it/s]
ROP:  74%|███████▍  | 163427/221505 [11:55<04:14, 228.39it/s]
ROP:  74%|███████▍  | 163453/221505 [11:55<04:14, 228.39it/s]
ROP:  74%|███████▍  | 163479/221505 [11:56<04:14, 228.30it/s]
ROP:  74%|███████▍  | 163505/221505 [11:56<04:14, 228.26it/s]
ROP:  74%|███████▍  | 163531/221505 [11:56<04:14, 228.21it/s]
ROP:  74%|███████▍  | 163570/221505 [11:56<04:13, 228.22it/s]
ROP:  74%|███████▍  | 163609/221505 [11:56<04:13, 228.20it/s]
ROP:  74%|███████▍  | 163682/221505 [11:57<04:13, 228.27it/s]
ROP:  74%|███████▍  | 163755/221505 [11:57<04:13, 228.25it/s]
ROP:  74%|███████▍  | 163828/221505 [11:57<04:12, 228.21it/s]
ROP:  74%|███████▍  | 163901/221505 [11:57<04:12, 228.27it/s]
ROP:  74%|███████▍  | 163974/221505 [11:58<04:12, 228.26it/s]
ROP:  74%|███████▍  | 164047/221505 [11:58<04:11, 228.30it/s]
ROP:  74%|███████▍  | 164120/221505 [11:58<04:11, 228.27it/s]
ROP:  74%|███████▍  | 164193/221505 [11:59<04:11, 228.31it/s]
ROP:  74%|███████▍  | 164266/221505 [11:59<04:10, 228.33it/s]
ROP:  74%|███████▍  | 164266/221505 [12:00<04:10, 228.09it/s]
ROP:  74%|███████▍  | 164331/221505 [12:00<04:10, 228.15it/s]
ROP:  74%|███████▍  | 164397/221505 [12:00<04:10, 228.19it/s]
ROP:  74%|███████▍  | 164463/221505 [12:00<04:09, 228.22it/s]
ROP:  74%|███████▍  | 164529/221505 [12:01<04:09, 228.17it/s]
ROP:  74%|███████▍  | 164595/221505 [12:01<04:09, 228.14it/s]
ROP:  74%|███████▍  | 164661/221505 [12:01<04:09, 228.15it/s]
ROP:  74%|███████▍  | 164727/221505 [12:02<04:09, 227.97it/s]
ROP:  74%|███████▍  | 164806/221505 [12:02<04:08, 228.04it/s]
ROP:  74%|███████▍  | 164885/221505 [12:03<04:08, 228.03it/s]
ROP:  74%|███████▍  | 164999/221505 [12:03<04:07, 228.15it/s]
ROP:  75%|███████▍  | 165113/221505 [12:03<04:07, 228.24it/s]
ROP:  75%|███████▍  | 165227/221505 [12:04<04:06, 228.20it/s]
ROP:  75%|███████▍  | 165245/221505 [12:04<04:06, 228.17it/s]
ROP:  75%|███████▍  | 165426/221505 [12:04<04:05, 228.39it/s]
ROP:  75%|███████▍  | 165607/221505 [12:05<04:04, 228.38it/s]
ROP:  75%|███████▍  | 165650/221505 [12:05<04:04, 228.40it/s]
ROP:  75%|███████▍  | 165693/221505 [12:05<04:04, 228.42it/s]
ROP:  75%|███████▍  | 165736/221505 [12:05<04:04, 228.41it/s]
ROP:  75%|███████▍  | 165823/221505 [12:05<04:03, 228.50it/s]
ROP:  75%|███████▍  | 165969/221505 [12:05<04:02, 228.67it/s]
ROP:  75%|███████▍  | 166115/221505 [12:06<04:02, 228.59it/s]
ROP:  75%|███████▌  | 166204/221505 [12:06<04:01, 228.67it/s]
ROP:  75%|███████▌  | 166293/221505 [12:07<04:01, 228.67it/s]
ROP:  75%|███████▌  | 166382/221505 [12:08<04:01, 228.44it/s]
ROP:  75%|███████▌  | 166409/221505 [12:08<04:01, 228.44it/s]
ROP:  75%|███████▌  | 166442/221505 [12:08<04:01, 228.45it/s]
ROP:  75%|███████▌  | 166492/221505 [12:08<04:00, 228.48it/s]
ROP:  75%|███████▌  | 166542/221505 [12:08<04:00, 228.46it/s]
ROP:  75%|███████▌  | 166592/221505 [12:09<04:00, 228.45it/s]
ROP:  75%|███████▌  | 166642/221505 [12:09<04:00, 228.47it/s]
ROP:  75%|███████▌  | 166692/221505 [12:09<03:59, 228.45it/s]
ROP:  75%|███████▌  | 166785/221505 [12:09<03:59, 228.52it/s]
ROP:  75%|███████▌  | 166878/221505 [12:10<03:59, 228.39it/s]
ROP:  75%|███████▌  | 166897/221505 [12:10<03:59, 228.38it/s]
ROP:  75%|███████▌  | 166963/221505 [12:10<03:58, 228.42it/s]
ROP:  75%|███████▌  | 167099/221505 [12:11<03:58, 228.57it/s]
ROP:  75%|███████▌  | 167235/221505 [12:11<03:57, 228.61it/s]
ROP:  76%|███████▌  | 167371/221505 [12:11<03:56, 228.67it/s]
ROP:  76%|███████▌  | 167507/221505 [12:12<03:56, 228.68it/s]
ROP:  76%|███████▌  | 167625/221505 [12:12<03:55, 228.79it/s]
ROP:  76%|███████▌  | 167743/221505 [12:12<03:54, 228.90it/s]
ROP:  76%|███████▌  | 167861/221505 [12:13<03:54, 228.98it/s]
ROP:  76%|███████▌  | 167979/221505 [12:13<03:53, 229.09it/s]
ROP:  76%|███████▌  | 168098/221505 [12:13<03:53, 229.21it/s]
ROP:  76%|███████▌  | 168230/221505 [12:13<03:52, 229.35it/s]
ROP:  76%|███████▌  | 168362/221505 [12:14<03:51, 229.16it/s]
ROP:  76%|███████▌  | 168374/221505 [12:14<03:51, 229.14it/s]
ROP:  76%|███████▌  | 168458/221505 [12:14<03:51, 229.22it/s]
ROP:  76%|███████▌  | 168542/221505 [12:15<03:51, 229.18it/s]
ROP:  76%|███████▌  | 168634/221505 [12:15<03:50, 229.26it/s]
ROP:  76%|███████▌  | 168726/221505 [12:15<03:50, 229.35it/s]
ROP:  76%|███████▌  | 168818/221505 [12:15<03:49, 229.40it/s]
ROP:  76%|███████▋  | 168910/221505 [12:16<03:49, 229.40it/s]
ROP:  76%|███████▋  | 169002/221505 [12:16<03:48, 229.46it/s]
ROP:  76%|███████▋  | 169094/221505 [12:16<03:48, 229.47it/s]
ROP:  76%|███████▋  | 169186/221505 [12:17<03:47, 229.53it/s]
ROP:  76%|███████▋  | 169289/221505 [12:17<03:47, 229.63it/s]
ROP:  76%|███████▋  | 169392/221505 [12:18<03:47, 229.48it/s]
ROP:  77%|███████▋  | 169472/221505 [12:18<03:46, 229.55it/s]
ROP:  77%|███████▋  | 169562/221505 [12:18<03:46, 229.64it/s]
ROP:  77%|███████▋  | 169652/221505 [12:18<03:45, 229.60it/s]
ROP:  77%|███████▋  | 169702/221505 [12:19<03:45, 229.61it/s]
ROP:  77%|███████▋  | 169778/221505 [12:19<03:45, 229.68it/s]
ROP:  77%|███████▋  | 169854/221505 [12:19<03:44, 229.69it/s]
ROP:  77%|███████▋  | 169930/221505 [12:19<03:44, 229.76it/s]
ROP:  77%|███████▋  | 170006/221505 [12:19<03:44, 229.80it/s]
ROP:  77%|███████▋  | 170082/221505 [12:19<03:43, 229.85it/s]
ROP:  77%|███████▋  | 170162/221505 [12:20<03:43, 229.93it/s]
ROP:  77%|███████▋  | 170242/221505 [12:21<03:43, 229.74it/s]
ROP:  77%|███████▋  | 170251/221505 [12:21<03:43, 229.68it/s]
ROP:  77%|███████▋  | 170303/221505 [12:21<03:42, 229.70it/s]
ROP:  77%|███████▋  | 170355/221505 [12:22<03:42, 229.40it/s]
ROP:  77%|███████▋  | 170416/221505 [12:22<03:42, 229.43it/s]
ROP:  77%|███████▋  | 170502/221505 [12:22<03:42, 229.52it/s]
ROP:  77%|███████▋  | 170588/221505 [12:23<03:41, 229.47it/s]
ROP:  77%|███████▋  | 170676/221505 [12:23<03:41, 229.52it/s]
ROP:  77%|███████▋  | 170764/221505 [12:23<03:41, 229.53it/s]
ROP:  77%|███████▋  | 170852/221505 [12:24<03:40, 229.36it/s]
ROP:  77%|███████▋  | 170863/221505 [12:25<03:40, 229.34it/s]
ROP:  77%|███████▋  | 170919/221505 [12:25<03:40, 229.36it/s]
ROP:  77%|███████▋  | 171059/221505 [12:25<03:39, 229.51it/s]
ROP:  77%|███████▋  | 171199/221505 [12:25<03:39, 229.63it/s]
ROP:  77%|███████▋  | 171548/221505 [12:25<03:37, 230.06it/s]
ROP:  78%|███████▊  | 171897/221505 [12:26<03:35, 230.19it/s]
ROP:  78%|███████▊  | 171951/221505 [12:26<03:35, 230.21it/s]
ROP:  78%|███████▊  | 172005/221505 [12:27<03:35, 229.99it/s]
ROP:  78%|███████▊  | 172048/221505 [12:28<03:35, 230.00it/s]
ROP:  78%|███████▊  | 172091/221505 [12:28<03:34, 230.00it/s]
ROP:  78%|███████▊  | 172141/221505 [12:28<03:34, 230.03it/s]
ROP:  78%|███████▊  | 172191/221505 [12:28<03:34, 230.03it/s]
ROP:  78%|███████▊  | 172265/221505 [12:28<03:33, 230.10it/s]
ROP:  78%|███████▊  | 172382/221505 [12:28<03:33, 230.20it/s]
ROP:  78%|███████▊  | 172499/221505 [12:29<03:32, 230.08it/s]
ROP:  78%|███████▊  | 172537/221505 [12:29<03:32, 230.09it/s]
ROP:  78%|███████▊  | 172575/221505 [12:30<03:32, 230.06it/s]
ROP:  78%|███████▊  | 172622/221505 [12:30<03:32, 230.08it/s]
ROP:  78%|███████▊  | 172669/221505 [12:30<03:32, 230.01it/s]
ROP:  78%|███████▊  | 172756/221505 [12:31<03:31, 229.99it/s]
ROP:  78%|███████▊  | 172843/221505 [12:31<03:31, 230.01it/s]
ROP:  78%|███████▊  | 172930/221505 [12:31<03:31, 230.06it/s]
ROP:  78%|███████▊  | 173079/221505 [12:31<03:30, 230.23it/s]
ROP:  78%|███████▊  | 173228/221505 [12:32<03:29, 230.17it/s]
ROP:  78%|███████▊  | 173458/221505 [12:32<03:28, 230.44it/s]
ROP:  78%|███████▊  | 173712/221505 [12:32<03:27, 230.74it/s]
ROP:  79%|███████▊  | 173966/221505 [12:33<03:25, 230.83it/s]
ROP:  79%|███████▊  | 174043/221505 [12:33<03:25, 230.89it/s]
ROP:  79%|███████▊  | 174120/221505 [12:34<03:25, 230.91it/s]
ROP:  79%|███████▊  | 174197/221505 [12:34<03:24, 230.97it/s]
ROP:  79%|███████▊  | 174434/221505 [12:34<03:23, 231.25it/s]
ROP:  79%|███████▉  | 174671/221505 [12:34<03:22, 231.45it/s]
ROP:  79%|███████▉  | 174908/221505 [12:35<03:21, 231.60it/s]
ROP:  79%|███████▉  | 175123/221505 [12:35<03:20, 231.84it/s]
ROP:  79%|███████▉  | 175338/221505 [12:36<03:19, 231.90it/s]
ROP:  79%|███████▉  | 175368/221505 [12:36<03:18, 231.90it/s]
ROP:  79%|███████▉  | 175408/221505 [12:36<03:18, 231.90it/s]
ROP:  79%|███████▉  | 175462/221505 [12:36<03:18, 231.94it/s]
ROP:  79%|███████▉  | 175516/221505 [12:36<03:18, 231.95it/s]
ROP:  79%|███████▉  | 175570/221505 [12:36<03:18, 231.95it/s]
ROP:  79%|███████▉  | 175864/221505 [12:37<03:16, 232.31it/s]
ROP:  80%|███████▉  | 176158/221505 [12:37<03:15, 232.53it/s]
ROP:  80%|███████▉  | 176238/221505 [12:37<03:14, 232.59it/s]
ROP:  80%|███████▉  | 176318/221505 [12:38<03:14, 232.54it/s]
ROP:  80%|███████▉  | 176398/221505 [12:39<03:14, 232.39it/s]
ROP:  80%|███████▉  | 176457/221505 [12:39<03:13, 232.43it/s]
ROP:  80%|███████▉  | 176528/221505 [12:39<03:13, 232.49it/s]
ROP:  80%|███████▉  | 176599/221505 [12:39<03:13, 232.49it/s]
ROP:  80%|███████▉  | 176670/221505 [12:39<03:12, 232.49it/s]
ROP:  80%|███████▉  | 176741/221505 [12:40<03:12, 232.37it/s]
ROP:  80%|███████▉  | 176782/221505 [12:40<03:12, 232.39it/s]
ROP:  80%|███████▉  | 176823/221505 [12:40<03:12, 232.36it/s]
ROP:  80%|███████▉  | 176864/221505 [12:41<03:12, 232.38it/s]
ROP:  80%|███████▉  | 176905/221505 [12:41<03:11, 232.39it/s]
ROP:  80%|███████▉  | 176975/221505 [12:41<03:11, 232.46it/s]
ROP:  80%|███████▉  | 177104/221505 [12:41<03:10, 232.57it/s]
ROP:  80%|████████  | 177233/221505 [12:42<03:10, 232.57it/s]
ROP:  80%|████████  | 177257/221505 [12:42<03:10, 232.56it/s]
ROP:  80%|████████  | 177281/221505 [12:42<03:10, 232.51it/s]
ROP:  80%|████████  | 177305/221505 [12:42<03:10, 232.40it/s]
ROP:  80%|████████  | 177329/221505 [12:43<03:10, 232.33it/s]
ROP:  80%|████████  | 177353/221505 [12:43<03:10, 232.28it/s]
ROP:  80%|████████  | 177425/221505 [12:43<03:09, 232.33it/s]
ROP:  80%|████████  | 177583/221505 [12:43<03:08, 232.50it/s]
ROP:  80%|████████  | 177741/221505 [12:44<03:08, 232.57it/s]
ROP:  80%|████████  | 177899/221505 [12:45<03:07, 232.44it/s]
ROP:  80%|████████  | 177937/221505 [12:45<03:07, 232.45it/s]
ROP:  80%|████████  | 178006/221505 [12:45<03:07, 232.50it/s]
ROP:  80%|████████  | 178075/221505 [12:46<03:06, 232.43it/s]
ROP:  80%|████████  | 178101/221505 [12:46<03:06, 232.42it/s]
ROP:  80%|████████  | 178127/221505 [12:46<03:06, 232.33it/s]
ROP:  80%|████████  | 178153/221505 [12:46<03:06, 232.32it/s]
ROP:  80%|████████  | 178191/221505 [12:46<03:06, 232.33it/s]
ROP:  80%|████████  | 178229/221505 [12:47<03:06, 232.34it/s]
ROP:  80%|████████  | 178285/221505 [12:47<03:05, 232.37it/s]
ROP:  81%|████████  | 178341/221505 [12:47<03:05, 232.30it/s]
ROP:  81%|████████  | 178397/221505 [12:47<03:05, 232.29it/s]
ROP:  81%|████████  | 178453/221505 [12:48<03:05, 232.28it/s]
ROP:  81%|████████  | 178509/221505 [12:48<03:05, 232.25it/s]
ROP:  81%|████████  | 178574/221505 [12:48<03:04, 232.30it/s]
ROP:  81%|████████  | 178654/221505 [12:48<03:04, 232.37it/s]
ROP:  81%|████████  | 178734/221505 [12:49<03:04, 232.40it/s]
ROP:  81%|████████  | 178814/221505 [12:49<03:03, 232.34it/s]
ROP:  81%|████████  | 178830/221505 [12:49<03:03, 232.31it/s]
ROP:  81%|████████  | 178877/221505 [12:49<03:03, 232.34it/s]
ROP:  81%|████████  | 178877/221505 [12:50<03:03, 232.19it/s]
ROP:  81%|████████  | 178892/221505 [12:50<03:03, 232.20it/s]
ROP:  81%|████████  | 178940/221505 [12:50<03:03, 232.23it/s]
ROP:  81%|████████  | 178988/221505 [12:50<03:03, 232.26it/s]
ROP:  81%|████████  | 179055/221505 [12:50<03:02, 232.29it/s]
ROP:  81%|████████  | 179122/221505 [12:50<03:02, 232.34it/s]
ROP:  81%|████████  | 179270/221505 [12:51<03:01, 232.50it/s]
ROP:  81%|████████  | 179418/221505 [12:51<03:00, 232.54it/s]
ROP:  81%|████████  | 179566/221505 [12:51<03:00, 232.70it/s]
ROP:  81%|████████  | 179714/221505 [12:52<02:59, 232.78it/s]
ROP:  81%|████████  | 179862/221505 [12:52<02:58, 232.85it/s]
ROP:  81%|████████▏ | 180010/221505 [12:53<02:58, 232.85it/s]
ROP:  81%|████████▏ | 180034/221505 [12:53<02:58, 232.84it/s]
ROP:  81%|████████▏ | 180058/221505 [12:53<02:58, 232.83it/s]
ROP:  81%|████████▏ | 180082/221505 [12:53<02:57, 232.80it/s]
ROP:  81%|████████▏ | 180109/221505 [12:53<02:57, 232.79it/s]
ROP:  81%|████████▏ | 180136/221505 [12:53<02:57, 232.75it/s]
ROP:  81%|████████▏ | 180163/221505 [12:54<02:57, 232.74it/s]
ROP:  81%|████████▏ | 180198/221505 [12:54<02:57, 232.75it/s]
ROP:  81%|████████▏ | 180308/221505 [12:54<02:56, 232.86it/s]
ROP:  81%|████████▏ | 180418/221505 [12:55<02:56, 232.76it/s]
ROP:  81%|████████▏ | 180517/221505 [12:55<02:56, 232.84it/s]
ROP:  82%|████████▏ | 180616/221505 [12:55<02:55, 232.85it/s]
ROP:  82%|████████▏ | 180715/221505 [12:55<02:55, 232.94it/s]
ROP:  82%|████████▏ | 180814/221505 [12:55<02:54, 233.04it/s]
ROP:  82%|████████▏ | 180913/221505 [12:56<02:54, 233.12it/s]
ROP:  82%|████████▏ | 181012/221505 [12:56<02:53, 233.17it/s]
ROP:  82%|████████▏ | 181111/221505 [12:56<02:53, 233.17it/s]
ROP:  82%|████████▏ | 181210/221505 [12:57<02:52, 233.16it/s]
ROP:  82%|████████▏ | 181309/221505 [12:57<02:52, 233.26it/s]
ROP:  82%|████████▏ | 181408/221505 [12:57<02:51, 233.29it/s]
ROP:  82%|████████▏ | 181507/221505 [12:57<02:51, 233.33it/s]
ROP:  82%|████████▏ | 181606/221505 [12:58<02:50, 233.35it/s]
ROP:  82%|████████▏ | 181705/221505 [12:58<02:50, 233.42it/s]
ROP:  82%|████████▏ | 181804/221505 [12:58<02:50, 233.46it/s]
ROP:  82%|████████▏ | 181903/221505 [12:59<02:49, 233.50it/s]
ROP:  82%|████████▏ | 182002/221505 [12:59<02:49, 233.41it/s]
ROP:  82%|████████▏ | 182016/221505 [13:00<02:49, 233.35it/s]
ROP:  82%|████████▏ | 182053/221505 [13:00<02:49, 233.34it/s]
ROP:  82%|████████▏ | 182106/221505 [13:00<02:48, 233.35it/s]
ROP:  82%|████████▏ | 182164/221505 [13:00<02:48, 233.37it/s]
ROP:  82%|████████▏ | 182222/221505 [13:00<02:48, 233.36it/s]
ROP:  82%|████████▏ | 182280/221505 [13:01<02:48, 233.38it/s]
ROP:  82%|████████▏ | 182357/221505 [13:01<02:47, 233.43it/s]
ROP:  82%|████████▏ | 182434/221505 [13:01<02:47, 233.35it/s]
ROP:  82%|████████▏ | 182447/221505 [13:01<02:47, 233.33it/s]
ROP:  82%|████████▏ | 182468/221505 [13:02<02:47, 233.31it/s]
ROP:  82%|████████▏ | 182489/221505 [13:02<02:47, 233.27it/s]
ROP:  82%|████████▏ | 182541/221505 [13:02<02:47, 233.30it/s]
ROP:  82%|████████▏ | 182593/221505 [13:02<02:46, 233.24it/s]
ROP:  82%|████████▏ | 182681/221505 [13:02<02:46, 233.31it/s]
ROP:  83%|████████▎ | 182769/221505 [13:03<02:46, 233.28it/s]
ROP:  83%|████████▎ | 182861/221505 [13:03<02:45, 233.37it/s]
ROP:  83%|████████▎ | 182953/221505 [13:03<02:45, 233.44it/s]
ROP:  83%|████████▎ | 183045/221505 [13:04<02:44, 233.44it/s]
ROP:  83%|████████▎ | 183169/221505 [13:04<02:44, 233.55it/s]
ROP:  83%|████████▎ | 183293/221505 [13:04<02:43, 233.58it/s]
ROP:  83%|████████▎ | 183417/221505 [13:05<02:43, 233.63it/s]
ROP:  83%|████████▎ | 183541/221505 [13:05<02:42, 233.76it/s]
ROP:  83%|████████▎ | 183665/221505 [13:05<02:41, 233.88it/s]
ROP:  83%|████████▎ | 183789/221505 [13:05<02:41, 233.99it/s]
ROP:  83%|████████▎ | 183913/221505 [13:05<02:40, 234.03it/s]
ROP:  83%|████████▎ | 184037/221505 [13:06<02:40, 234.06it/s]
ROP:  83%|████████▎ | 184161/221505 [13:06<02:39, 234.06it/s]
ROP:  83%|████████▎ | 184200/221505 [13:06<02:39, 234.06it/s]
ROP:  83%|████████▎ | 184239/221505 [13:07<02:39, 234.08it/s]
ROP:  83%|████████▎ | 184278/221505 [13:07<02:39, 234.06it/s]
ROP:  83%|████████▎ | 184317/221505 [13:07<02:38, 234.04it/s]
ROP:  83%|████████▎ | 184356/221505 [13:07<02:38, 234.02it/s]
ROP:  83%|████████▎ | 184419/221505 [13:07<02:38, 234.07it/s]
ROP:  83%|████████▎ | 184494/221505 [13:07<02:38, 234.13it/s]
ROP:  83%|████████▎ | 184594/221505 [13:08<02:37, 234.21it/s]
ROP:  83%|████████▎ | 184694/221505 [13:08<02:37, 234.12it/s]
ROP:  83%|████████▎ | 184708/221505 [13:09<02:37, 234.06it/s]
ROP:  83%|████████▎ | 184728/221505 [13:09<02:37, 234.04it/s]
ROP:  83%|████████▎ | 184748/221505 [13:09<02:37, 233.98it/s]
ROP:  83%|████████▎ | 184768/221505 [13:10<02:37, 233.88it/s]
ROP:  83%|████████▎ | 184788/221505 [13:10<02:37, 233.83it/s]
ROP:  83%|████████▎ | 184840/221505 [13:10<02:36, 233.86it/s]
ROP:  83%|████████▎ | 184892/221505 [13:10<02:36, 233.80it/s]
ROP:  84%|████████▎ | 184968/221505 [13:10<02:36, 233.86it/s]
ROP:  84%|████████▎ | 185044/221505 [13:11<02:35, 233.77it/s]
ROP:  84%|████████▎ | 185079/221505 [13:11<02:35, 233.76it/s]
ROP:  84%|████████▎ | 185114/221505 [13:11<02:35, 233.77it/s]
ROP:  84%|████████▎ | 185149/221505 [13:12<02:35, 233.77it/s]
ROP:  84%|████████▎ | 185184/221505 [13:12<02:35, 233.67it/s]
ROP:  84%|████████▎ | 185280/221505 [13:12<02:34, 233.76it/s]
ROP:  84%|████████▎ | 185376/221505 [13:13<02:34, 233.72it/s]
ROP:  84%|████████▎ | 185395/221505 [13:13<02:34, 233.71it/s]
ROP:  84%|████████▍ | 185628/221505 [13:13<02:33, 233.97it/s]
ROP:  84%|████████▍ | 185861/221505 [13:13<02:32, 234.13it/s]
ROP:  84%|████████▍ | 186094/221505 [13:14<02:31, 234.24it/s]
ROP:  84%|████████▍ | 186131/221505 [13:14<02:31, 234.20it/s]
ROP:  84%|████████▍ | 186310/221505 [13:14<02:30, 234.40it/s]
ROP:  84%|████████▍ | 186489/221505 [13:15<02:29, 234.58it/s]
ROP:  84%|████████▍ | 186668/221505 [13:15<02:28, 234.66it/s]
ROP:  84%|████████▍ | 186847/221505 [13:16<02:27, 234.70it/s]
ROP:  84%|████████▍ | 186898/221505 [13:16<02:27, 234.72it/s]
ROP:  84%|████████▍ | 186949/221505 [13:16<02:27, 234.74it/s]
ROP:  84%|████████▍ | 187000/221505 [13:16<02:27, 234.68it/s]
ROP:  84%|████████▍ | 187051/221505 [13:16<02:26, 234.71it/s]
ROP:  84%|████████▍ | 187135/221505 [13:17<02:26, 234.78it/s]
ROP:  85%|████████▍ | 187219/221505 [13:17<02:26, 234.76it/s]
ROP:  85%|████████▍ | 187303/221505 [13:17<02:25, 234.83it/s]
ROP:  85%|████████▍ | 187387/221505 [13:17<02:25, 234.85it/s]
ROP:  85%|████████▍ | 187506/221505 [13:18<02:24, 234.95it/s]
ROP:  85%|████████▍ | 187625/221505 [13:18<02:24, 234.93it/s]
ROP:  85%|████████▍ | 187646/221505 [13:18<02:24, 234.86it/s]
ROP:  85%|████████▍ | 187730/221505 [13:19<02:23, 234.92it/s]
ROP:  85%|████████▍ | 187909/221505 [13:19<02:22, 235.12it/s]
ROP:  85%|████████▍ | 188088/221505 [13:19<02:22, 235.21it/s]
ROP:  85%|████████▍ | 188267/221505 [13:20<02:21, 235.27it/s]
ROP:  85%|████████▌ | 188300/221505 [13:20<02:21, 235.26it/s]
ROP:  85%|████████▌ | 188333/221505 [13:20<02:21, 235.23it/s]
ROP:  85%|████████▌ | 188366/221505 [13:20<02:20, 235.18it/s]
ROP:  85%|████████▌ | 188410/221505 [13:21<02:20, 235.19it/s]
ROP:  85%|████████▌ | 188454/221505 [13:21<02:20, 235.15it/s]
ROP:  85%|████████▌ | 188498/221505 [13:21<02:20, 235.16it/s]
ROP:  85%|████████▌ | 188599/221505 [13:21<02:19, 235.21it/s]
ROP:  85%|████████▌ | 188700/221505 [13:22<02:19, 235.20it/s]
ROP:  85%|████████▌ | 188801/221505 [13:22<02:19, 235.18it/s]
ROP:  85%|████████▌ | 188902/221505 [13:23<02:18, 235.22it/s]
ROP:  85%|████████▌ | 189003/221505 [13:23<02:18, 235.23it/s]
ROP:  85%|████████▌ | 189104/221505 [13:23<02:17, 235.33it/s]
ROP:  85%|████████▌ | 189205/221505 [13:23<02:17, 235.37it/s]
ROP:  85%|████████▌ | 189306/221505 [13:24<02:16, 235.31it/s]
ROP:  85%|████████▌ | 189365/221505 [13:24<02:16, 235.35it/s]
ROP:  86%|████████▌ | 189424/221505 [13:24<02:16, 235.35it/s]
ROP:  86%|████████▌ | 189515/221505 [13:24<02:15, 235.43it/s]
ROP:  86%|████████▌ | 189652/221505 [13:25<02:15, 235.56it/s]
ROP:  86%|████████▌ | 189789/221505 [13:25<02:14, 235.62it/s]
ROP:  86%|████████▌ | 189926/221505 [13:25<02:13, 235.73it/s]
ROP:  86%|████████▌ | 190063/221505 [13:26<02:13, 235.81it/s]
ROP:  86%|████████▌ | 190200/221505 [13:26<02:12, 235.91it/s]
ROP:  86%|████████▌ | 190337/221505 [13:28<02:12, 235.51it/s]
ROP:  86%|████████▌ | 190345/221505 [13:28<02:12, 235.46it/s]
ROP:  86%|████████▌ | 190353/221505 [13:28<02:12, 235.37it/s]
ROP:  86%|████████▌ | 190361/221505 [13:28<02:12, 235.31it/s]
ROP:  86%|████████▌ | 190407/221505 [13:29<02:12, 235.34it/s]
ROP:  86%|████████▌ | 190453/221505 [13:29<02:12, 235.19it/s]
ROP:  86%|████████▌ | 190545/221505 [13:29<02:11, 235.26it/s]
ROP:  86%|████████▌ | 190637/221505 [13:30<02:11, 235.19it/s]
ROP:  86%|████████▌ | 190665/221505 [13:30<02:11, 235.19it/s]
ROP:  86%|████████▌ | 190693/221505 [13:31<02:11, 235.01it/s]
ROP:  86%|████████▌ | 190697/221505 [13:31<02:11, 234.98it/s]
ROP:  86%|████████▌ | 190710/221505 [13:31<02:11, 234.96it/s]
ROP:  86%|████████▌ | 190723/221505 [13:31<02:11, 234.93it/s]
ROP:  86%|████████▌ | 190736/221505 [13:31<02:10, 234.91it/s]
ROP:  86%|████████▌ | 190749/221505 [13:32<02:10, 234.88it/s]
ROP:  86%|████████▌ | 190795/221505 [13:32<02:10, 234.91it/s]
ROP:  86%|████████▌ | 190841/221505 [13:32<02:10, 234.87it/s]
ROP:  86%|████████▌ | 190887/221505 [13:32<02:10, 234.87it/s]
ROP:  86%|████████▌ | 190933/221505 [13:32<02:10, 234.90it/s]
ROP:  86%|████████▌ | 190979/221505 [13:32<02:09, 234.92it/s]
ROP:  86%|████████▋ | 191168/221505 [13:33<02:09, 235.12it/s]
ROP:  86%|████████▋ | 191357/221505 [13:33<02:08, 235.24it/s]
ROP:  86%|████████▋ | 191546/221505 [13:34<02:07, 235.09it/s]
ROP:  87%|████████▋ | 191684/221505 [13:34<02:06, 235.22it/s]
ROP:  87%|████████▋ | 191822/221505 [13:35<02:06, 235.08it/s]
ROP:  87%|████████▋ | 191908/221505 [13:36<02:05, 235.15it/s]
ROP:  87%|████████▋ | 191994/221505 [13:36<02:05, 235.17it/s]
ROP:  87%|████████▋ | 192080/221505 [13:36<02:05, 235.21it/s]
ROP:  87%|████████▋ | 192191/221505 [13:36<02:04, 235.32it/s]
ROP:  87%|████████▋ | 192302/221505 [13:36<02:04, 235.38it/s]
ROP:  87%|████████▋ | 192413/221505 [13:37<02:03, 235.45it/s]
ROP:  87%|████████▋ | 192524/221505 [13:37<02:03, 235.48it/s]
ROP:  87%|████████▋ | 192635/221505 [13:37<02:02, 235.55it/s]
ROP:  87%|████████▋ | 192746/221505 [13:38<02:02, 235.62it/s]
ROP:  87%|████████▋ | 192857/221505 [13:38<02:01, 235.65it/s]
ROP:  87%|████████▋ | 192968/221505 [13:38<02:01, 235.70it/s]
ROP:  87%|████████▋ | 193303/221505 [13:38<01:59, 236.08it/s]
ROP:  87%|████████▋ | 193703/221505 [13:38<01:57, 236.54it/s]
ROP:  88%|████████▊ | 194103/221505 [13:39<01:55, 236.94it/s]
ROP:  88%|████████▊ | 194503/221505 [13:39<01:53, 237.38it/s]
ROP:  88%|████████▊ | 194903/221505 [13:39<01:51, 237.69it/s]
ROP:  88%|████████▊ | 194968/221505 [13:40<01:51, 237.74it/s]
ROP:  88%|████████▊ | 195292/221505 [13:40<01:50, 238.09it/s]
ROP:  88%|████████▊ | 195616/221505 [13:42<01:48, 237.97it/s]
ROP:  88%|████████▊ | 195743/221505 [13:42<01:48, 238.08it/s]
ROP:  88%|████████▊ | 195870/221505 [13:42<01:47, 238.11it/s]
ROP:  89%|████████▊ | 196077/221505 [13:42<01:46, 238.32it/s]
ROP:  89%|████████▊ | 196284/221505 [13:43<01:45, 238.48it/s]
ROP:  89%|████████▊ | 196491/221505 [13:44<01:44, 238.40it/s]
ROP:  89%|████████▊ | 196545/221505 [13:44<01:44, 238.41it/s]
ROP:  89%|████████▉ | 196599/221505 [13:44<01:44, 238.41it/s]
ROP:  89%|████████▉ | 196805/221505 [13:44<01:43, 238.62it/s]
ROP:  89%|████████▉ | 197054/221505 [13:44<01:42, 238.88it/s]
ROP:  89%|████████▉ | 197303/221505 [13:45<01:41, 239.09it/s]
ROP:  89%|████████▉ | 197552/221505 [13:45<01:40, 239.34it/s]
ROP:  89%|████████▉ | 197801/221505 [13:47<01:39, 239.10it/s]
ROP:  89%|████████▉ | 198060/221505 [13:47<01:37, 239.36it/s]
ROP:  90%|████████▉ | 198319/221505 [13:49<01:36, 239.15it/s]
ROP:  90%|████████▉ | 198516/221505 [13:49<01:36, 239.36it/s]
ROP:  90%|████████▉ | 198713/221505 [13:49<01:35, 239.52it/s]
ROP:  90%|████████▉ | 198910/221505 [13:49<01:34, 239.67it/s]
ROP:  90%|████████▉ | 199107/221505 [13:50<01:33, 239.86it/s]
ROP:  90%|████████▉ | 199304/221505 [13:51<01:32, 239.66it/s]
ROP:  90%|████████▉ | 199318/221505 [13:51<01:32, 239.62it/s]
ROP:  90%|████████▉ | 199340/221505 [13:51<01:32, 239.61it/s]
ROP:  90%|█████████ | 199362/221505 [13:52<01:32, 239.57it/s]
ROP:  90%|█████████ | 199437/221505 [13:52<01:32, 239.63it/s]
ROP:  90%|█████████ | 199630/221505 [13:52<01:31, 239.82it/s]
ROP:  90%|█████████ | 199823/221505 [13:52<01:30, 240.00it/s]
ROP:  90%|█████████ | 200016/221505 [13:52<01:29, 240.17it/s]
ROP:  90%|█████████ | 200209/221505 [13:53<01:28, 240.32it/s]
ROP:  90%|█████████ | 200437/221505 [13:53<01:27, 240.55it/s]
ROP:  91%|█████████ | 200665/221505 [13:53<01:26, 240.73it/s]
ROP:  91%|█████████ | 201008/221505 [13:53<01:25, 241.11it/s]
ROP:  91%|█████████ | 201351/221505 [13:53<01:23, 241.49it/s]
ROP:  91%|█████████ | 201694/221505 [13:54<01:21, 241.69it/s]
ROP:  91%|█████████ | 201952/221505 [13:54<01:20, 241.97it/s]
ROP:  91%|█████████▏| 202210/221505 [13:54<01:19, 242.23it/s]
ROP:  91%|█████████▏| 202468/221505 [13:55<01:18, 242.39it/s]
ROP:  92%|█████████▏| 202731/221505 [13:55<01:17, 242.67it/s]
ROP:  92%|█████████▏| 202994/221505 [13:55<01:16, 242.92it/s]
ROP:  92%|█████████▏| 203257/221505 [13:56<01:15, 243.11it/s]
ROP:  92%|█████████▏| 203522/221505 [13:56<01:13, 243.40it/s]
ROP:  92%|█████████▏| 203787/221505 [13:56<01:12, 243.69it/s]
ROP:  92%|█████████▏| 204167/221505 [13:56<01:11, 244.11it/s]
ROP:  92%|█████████▏| 204547/221505 [13:56<01:09, 244.52it/s]
ROP:  93%|█████████▎| 204927/221505 [13:56<01:07, 244.94it/s]
ROP:  93%|█████████▎| 205307/221505 [13:58<01:06, 244.80it/s]
ROP:  93%|█████████▎| 205469/221505 [13:58<01:05, 244.96it/s]
ROP:  93%|█████████▎| 205778/221505 [13:58<01:04, 245.30it/s]
ROP:  93%|█████████▎| 206087/221505 [13:59<01:02, 245.54it/s]
ROP:  93%|█████████▎| 206087/221505 [14:00<01:02, 245.23it/s]
ROP:  93%|█████████▎| 206267/221505 [14:00<01:02, 245.42it/s]
ROP:  93%|█████████▎| 206283/221505 [14:00<01:02, 245.40it/s]
ROP:  93%|█████████▎| 206299/221505 [14:00<01:01, 245.37it/s]
ROP:  93%|█████████▎| 206323/221505 [14:00<01:01, 245.35it/s]
ROP:  93%|█████████▎| 206347/221505 [14:01<01:01, 245.26it/s]
ROP:  93%|█████████▎| 206371/221505 [14:01<01:01, 245.11it/s]
ROP:  93%|█████████▎| 206394/221505 [14:02<01:01, 245.09it/s]
ROP:  93%|█████████▎| 206417/221505 [14:02<01:01, 245.00it/s]
ROP:  93%|█████████▎| 206588/221505 [14:02<01:00, 245.18it/s]
ROP:  93%|█████████▎| 206916/221505 [14:02<00:59, 245.54it/s]
ROP:  94%|█████████▎| 207244/221505 [14:03<00:58, 245.84it/s]
ROP:  94%|█████████▎| 207572/221505 [14:03<00:56, 246.12it/s]
ROP:  94%|█████████▍| 207953/221505 [14:03<00:54, 246.54it/s]
ROP:  94%|█████████▍| 208334/221505 [14:03<00:53, 246.88it/s]
ROP:  94%|█████████▍| 208715/221505 [14:05<00:51, 246.79it/s]
ROP:  94%|█████████▍| 208736/221505 [14:06<00:51, 246.66it/s]
ROP:  94%|█████████▍| 208745/221505 [14:06<00:51, 246.63it/s]
ROP:  94%|█████████▍| 208754/221505 [14:06<00:51, 246.55it/s]
ROP:  94%|█████████▍| 208836/221505 [14:06<00:51, 246.62it/s]
ROP:  94%|█████████▍| 208918/221505 [14:07<00:51, 246.44it/s]
ROP:  94%|█████████▍| 208933/221505 [14:07<00:51, 246.43it/s]
ROP:  94%|█████████▍| 209000/221505 [14:07<00:50, 246.48it/s]
ROP:  94%|█████████▍| 209067/221505 [14:08<00:50, 246.49it/s]
ROP:  94%|█████████▍| 209134/221505 [14:08<00:50, 246.47it/s]
ROP:  94%|█████████▍| 209201/221505 [14:08<00:49, 246.47it/s]
ROP:  94%|█████████▍| 209268/221505 [14:09<00:49, 246.47it/s]
ROP:  95%|█████████▍| 209335/221505 [14:09<00:49, 246.47it/s]
ROP:  95%|█████████▍| 209442/221505 [14:09<00:48, 246.54it/s]
ROP:  95%|█████████▍| 209577/221505 [14:09<00:48, 246.67it/s]
ROP:  95%|█████████▍| 209712/221505 [14:09<00:47, 246.75it/s]
ROP:  95%|█████████▍| 209847/221505 [14:10<00:47, 246.76it/s]
ROP:  95%|█████████▍| 209904/221505 [14:10<00:47, 246.80it/s]
ROP:  95%|█████████▍| 209961/221505 [14:11<00:46, 246.71it/s]
ROP:  95%|█████████▍| 210043/221505 [14:11<00:46, 246.76it/s]
ROP:  95%|█████████▍| 210125/221505 [14:11<00:46, 246.67it/s]
ROP:  95%|█████████▍| 210138/221505 [14:12<00:46, 246.61it/s]
ROP:  95%|█████████▍| 210242/221505 [14:12<00:45, 246.70it/s]
ROP:  95%|█████████▍| 210346/221505 [14:13<00:45, 246.49it/s]
ROP:  95%|█████████▍| 210400/221505 [14:13<00:45, 246.51it/s]
ROP:  95%|█████████▌| 210454/221505 [14:14<00:44, 246.38it/s]
ROP:  95%|█████████▌| 210524/221505 [14:14<00:44, 246.33it/s]
ROP:  95%|█████████▌| 210594/221505 [14:14<00:44, 246.34it/s]
ROP:  95%|█████████▌| 210664/221505 [14:15<00:44, 246.35it/s]
ROP:  95%|█████████▌| 210734/221505 [14:15<00:43, 246.26it/s]
ROP:  95%|█████████▌| 210868/221505 [14:15<00:43, 246.39it/s]
ROP:  95%|█████████▌| 211002/221505 [14:16<00:42, 246.42it/s]
ROP:  95%|█████████▌| 211136/221505 [14:16<00:42, 246.41it/s]
ROP:  95%|█████████▌| 211160/221505 [14:17<00:41, 246.39it/s]
ROP:  95%|█████████▌| 211184/221505 [14:17<00:41, 246.29it/s]
ROP:  95%|█████████▌| 211208/221505 [14:17<00:41, 246.26it/s]
ROP:  95%|█████████▌| 211232/221505 [14:17<00:41, 246.26it/s]
ROP:  95%|█████████▌| 211256/221505 [14:17<00:41, 246.23it/s]
ROP:  95%|█████████▌| 211280/221505 [14:18<00:41, 246.02it/s]
ROP:  95%|█████████▌| 211304/221505 [14:18<00:41, 246.00it/s]
ROP:  95%|█████████▌| 211328/221505 [14:19<00:41, 245.98it/s]
ROP:  95%|█████████▌| 211376/221505 [14:19<00:41, 245.99it/s]
ROP:  95%|█████████▌| 211447/221505 [14:19<00:40, 246.03it/s]
ROP:  95%|█████████▌| 211518/221505 [14:20<00:40, 245.85it/s]
ROP:  95%|█████████▌| 211526/221505 [14:20<00:40, 245.81it/s]
ROP:  95%|█████████▌| 211534/221505 [14:20<00:40, 245.76it/s]
ROP:  96%|█████████▌| 211542/221505 [14:20<00:40, 245.72it/s]
ROP:  96%|█████████▌| 211550/221505 [14:21<00:40, 245.66it/s]
ROP:  96%|█████████▌| 211558/221505 [14:21<00:40, 245.63it/s]
ROP:  96%|█████████▌| 211566/221505 [14:21<00:40, 245.58it/s]
ROP:  96%|█████████▌| 211578/221505 [14:21<00:40, 245.56it/s]
ROP:  96%|█████████▌| 211590/221505 [14:21<00:40, 245.51it/s]
ROP:  96%|█████████▌| 211602/221505 [14:22<00:40, 245.47it/s]
ROP:  96%|█████████▌| 211614/221505 [14:22<00:40, 245.44it/s]
ROP:  96%|█████████▌| 211626/221505 [14:22<00:40, 245.39it/s]
ROP:  96%|█████████▌| 211662/221505 [14:22<00:40, 245.39it/s]
ROP:  96%|█████████▌| 211698/221505 [14:22<00:39, 245.37it/s]
ROP:  96%|█████████▌| 211734/221505 [14:23<00:39, 245.32it/s]
ROP:  96%|█████████▌| 211770/221505 [14:23<00:39, 245.21it/s]
ROP:  96%|█████████▌| 211779/221505 [14:23<00:39, 245.19it/s]
ROP:  96%|█████████▌| 211788/221505 [14:23<00:39, 245.13it/s]
ROP:  96%|█████████▌| 211797/221505 [14:24<00:39, 245.08it/s]
ROP:  96%|█████████▌| 211808/221505 [14:24<00:39, 245.05it/s]
ROP:  96%|█████████▌| 211819/221505 [14:24<00:39, 244.96it/s]
ROP:  96%|█████████▌| 211830/221505 [14:25<00:39, 244.89it/s]
ROP:  96%|█████████▌| 211841/221505 [14:25<00:39, 244.77it/s]
ROP:  96%|█████████▌| 211852/221505 [14:25<00:39, 244.71it/s]
ROP:  96%|█████████▌| 211863/221505 [14:25<00:39, 244.67it/s]
ROP:  96%|█████████▌| 211874/221505 [14:26<00:39, 244.62it/s]
ROP:  96%|█████████▌| 211885/221505 [14:26<00:39, 244.55it/s]
ROP:  96%|█████████▌| 211896/221505 [14:26<00:39, 244.49it/s]
ROP:  96%|█████████▌| 211907/221505 [14:26<00:39, 244.44it/s]
ROP:  96%|█████████▌| 211918/221505 [14:27<00:39, 244.38it/s]
ROP:  96%|█████████▌| 211929/221505 [14:27<00:39, 244.31it/s]
ROP:  96%|█████████▌| 211940/221505 [14:27<00:39, 244.18it/s]
ROP:  96%|█████████▌| 211951/221505 [14:28<00:39, 244.09it/s]
ROP:  96%|█████████▌| 212060/221505 [14:28<00:38, 244.19it/s]
ROP:  96%|█████████▌| 212169/221505 [14:29<00:38, 244.00it/s]
ROP:  96%|█████████▌| 212179/221505 [14:29<00:38, 243.96it/s]
ROP:  96%|█████████▌| 212189/221505 [14:30<00:38, 243.88it/s]
ROP:  96%|█████████▌| 212199/221505 [14:30<00:38, 243.85it/s]
ROP:  96%|█████████▌| 212209/221505 [14:30<00:38, 243.82it/s]
ROP:  96%|█████████▌| 212219/221505 [14:30<00:38, 243.76it/s]
ROP:  96%|█████████▌| 212229/221505 [14:31<00:38, 243.65it/s]
ROP:  96%|█████████▌| 212239/221505 [14:31<00:38, 243.61it/s]
ROP:  96%|█████████▌| 212249/221505 [14:31<00:38, 243.56it/s]
ROP:  96%|█████████▌| 212259/221505 [14:31<00:37, 243.49it/s]
ROP:  96%|█████████▌| 212269/221505 [14:32<00:37, 243.41it/s]
ROP:  96%|█████████▌| 212279/221505 [14:32<00:37, 243.36it/s]
ROP:  96%|█████████▌| 212289/221505 [14:32<00:37, 243.29it/s]
ROP:  96%|█████████▌| 212299/221505 [14:32<00:37, 243.23it/s]
ROP:  96%|█████████▌| 212309/221505 [14:33<00:37, 243.18it/s]
ROP:  96%|█████████▌| 212319/221505 [14:33<00:37, 243.09it/s]
ROP:  96%|█████████▌| 212329/221505 [14:33<00:37, 243.02it/s]
ROP:  96%|█████████▌| 212339/221505 [14:33<00:37, 242.99it/s]
ROP:  96%|█████████▌| 212349/221505 [14:33<00:37, 242.96it/s]
ROP:  96%|█████████▌| 212636/221505 [14:34<00:36, 243.26it/s]
ROP:  96%|█████████▌| 212923/221505 [14:34<00:35, 243.45it/s]
ROP:  96%|█████████▋| 213210/221505 [14:37<00:34, 243.09it/s]
ROP:  96%|█████████▋| 213242/221505 [14:37<00:33, 243.09it/s]
ROP:  96%|█████████▋| 213360/221505 [14:37<00:33, 243.19it/s]
ROP:  96%|█████████▋| 213478/221505 [14:37<00:33, 243.21it/s]
ROP:  96%|█████████▋| 213596/221505 [14:38<00:32, 243.18it/s]
ROP:  96%|█████████▋| 213616/221505 [14:38<00:32, 243.07it/s]
ROP:  96%|█████████▋| 213636/221505 [14:39<00:32, 243.00it/s]
ROP:  96%|█████████▋| 213656/221505 [14:39<00:32, 242.92it/s]
ROP:  96%|█████████▋| 213676/221505 [14:39<00:32, 242.84it/s]
ROP:  96%|█████████▋| 213696/221505 [14:40<00:32, 242.76it/s]
ROP:  96%|█████████▋| 213716/221505 [14:40<00:32, 242.68it/s]
ROP:  96%|█████████▋| 213736/221505 [14:40<00:32, 242.63it/s]
ROP:  97%|█████████▋| 213756/221505 [14:41<00:31, 242.52it/s]
ROP:  97%|█████████▋| 213776/221505 [14:41<00:31, 242.47it/s]
ROP:  97%|█████████▋| 213836/221505 [14:41<00:31, 242.51it/s]
ROP:  97%|█████████▋| 213896/221505 [14:41<00:31, 242.52it/s]
ROP:  97%|█████████▋| 213956/221505 [14:42<00:31, 242.53it/s]
ROP:  97%|█████████▋| 214016/221505 [14:42<00:30, 242.48it/s]
ROP:  97%|█████████▋| 214076/221505 [14:43<00:30, 242.34it/s]
ROP:  97%|█████████▋| 214085/221505 [14:43<00:30, 242.30it/s]
ROP:  97%|█████████▋| 214099/221505 [14:43<00:30, 242.28it/s]
ROP:  97%|█████████▋| 214113/221505 [14:43<00:30, 242.26it/s]
ROP:  97%|█████████▋| 214127/221505 [14:43<00:30, 242.25it/s]
ROP:  97%|█████████▋| 214141/221505 [14:44<00:30, 242.20it/s]
ROP:  97%|█████████▋| 214365/221505 [14:44<00:29, 242.41it/s]
ROP:  97%|█████████▋| 214589/221505 [14:47<00:28, 241.87it/s]
ROP:  97%|█████████▋| 214629/221505 [14:47<00:28, 241.88it/s]
ROP:  97%|█████████▋| 214669/221505 [14:47<00:28, 241.75it/s]
ROP:  97%|█████████▋| 214676/221505 [14:48<00:28, 241.73it/s]
ROP:  97%|█████████▋| 214685/221505 [14:48<00:28, 241.71it/s]
ROP:  97%|█████████▋| 214694/221505 [14:48<00:28, 241.68it/s]
ROP:  97%|█████████▋| 214703/221505 [14:48<00:28, 241.65it/s]
ROP:  97%|█████████▋| 214713/221505 [14:48<00:28, 241.63it/s]
ROP:  97%|█████████▋| 214723/221505 [14:48<00:28, 241.61it/s]
ROP:  97%|█████████▋| 214733/221505 [14:49<00:28, 241.54it/s]
ROP:  97%|█████████▋| 214762/221505 [14:49<00:27, 241.54it/s]
ROP:  97%|█████████▋| 214791/221505 [14:49<00:27, 241.53it/s]
ROP:  97%|█████████▋| 214820/221505 [14:49<00:27, 241.40it/s]
ROP:  97%|█████████▋| 214829/221505 [14:50<00:27, 241.37it/s]
ROP:  97%|█████████▋| 214838/221505 [14:50<00:27, 241.33it/s]
ROP:  97%|█████████▋| 214848/221505 [14:50<00:27, 241.30it/s]
ROP:  97%|█████████▋| 214862/221505 [14:50<00:27, 241.28it/s]
ROP:  97%|█████████▋| 214876/221505 [14:50<00:27, 241.27it/s]
ROP:  97%|█████████▋| 214890/221505 [14:50<00:27, 241.23it/s]
ROP:  97%|█████████▋| 214904/221505 [14:50<00:27, 241.20it/s]
ROP:  97%|█████████▋| 214918/221505 [14:51<00:27, 241.18it/s]
ROP:  97%|█████████▋| 214932/221505 [14:51<00:27, 241.11it/s]
ROP:  97%|█████████▋| 214946/221505 [14:51<00:27, 241.04it/s]
ROP:  97%|█████████▋| 214960/221505 [14:51<00:27, 240.99it/s]
ROP:  97%|█████████▋| 214974/221505 [14:52<00:27, 240.96it/s]
ROP:  97%|█████████▋| 214988/221505 [14:52<00:27, 240.93it/s]
ROP:  97%|█████████▋| 215002/221505 [14:52<00:26, 240.91it/s]
ROP:  97%|█████████▋| 215016/221505 [14:52<00:26, 240.78it/s]
ROP:  97%|█████████▋| 215022/221505 [14:53<00:26, 240.75it/s]
ROP:  97%|█████████▋| 215028/221505 [14:53<00:26, 240.67it/s]
ROP:  97%|█████████▋| 215037/221505 [14:53<00:26, 240.64it/s]
ROP:  97%|█████████▋| 215046/221505 [14:53<00:26, 240.62it/s]
ROP:  97%|█████████▋| 215055/221505 [14:54<00:26, 240.53it/s]
ROP:  97%|█████████▋| 215065/221505 [14:54<00:26, 240.50it/s]
ROP:  97%|█████████▋| 215075/221505 [14:54<00:26, 240.45it/s]
ROP:  97%|█████████▋| 215085/221505 [14:54<00:26, 240.40it/s]
ROP:  97%|█████████▋| 215095/221505 [14:54<00:26, 240.36it/s]
ROP:  97%|█████████▋| 215105/221505 [14:55<00:26, 240.24it/s]
ROP:  97%|█████████▋| 215115/221505 [14:55<00:26, 240.20it/s]
ROP:  97%|█████████▋| 215125/221505 [14:55<00:26, 240.14it/s]
ROP:  97%|█████████▋| 215135/221505 [14:55<00:26, 240.11it/s]
ROP:  97%|█████████▋| 215145/221505 [14:56<00:26, 240.03it/s]
ROP:  97%|█████████▋| 215155/221505 [14:56<00:26, 239.98it/s]
ROP:  97%|█████████▋| 215165/221505 [14:56<00:26, 239.93it/s]
ROP:  97%|█████████▋| 215224/221505 [14:56<00:26, 239.97it/s]
ROP:  97%|█████████▋| 215283/221505 [14:57<00:25, 239.94it/s]
ROP:  97%|█████████▋| 215342/221505 [14:57<00:25, 239.98it/s]
ROP:  97%|█████████▋| 215418/221505 [14:57<00:25, 239.96it/s]
ROP:  97%|█████████▋| 215494/221505 [14:58<00:25, 239.82it/s]
ROP:  97%|█████████▋| 215503/221505 [14:58<00:25, 239.79it/s]
ROP:  97%|█████████▋| 215513/221505 [14:58<00:24, 239.77it/s]
ROP:  97%|█████████▋| 215523/221505 [14:59<00:24, 239.71it/s]
ROP:  97%|█████████▋| 215563/221505 [14:59<00:24, 239.72it/s]
ROP:  97%|█████████▋| 215603/221505 [14:59<00:24, 239.74it/s]
ROP:  97%|█████████▋| 215660/221505 [14:59<00:24, 239.77it/s]
ROP:  97%|█████████▋| 215717/221505 [14:59<00:24, 239.74it/s]
ROP:  97%|█████████▋| 215774/221505 [15:00<00:23, 239.73it/s]
ROP:  97%|█████████▋| 215831/221505 [15:00<00:23, 239.63it/s]
ROP:  98%|█████████▊| 216058/221505 [15:00<00:22, 239.85it/s]
ROP:  98%|█████████▊| 216285/221505 [15:01<00:21, 240.05it/s]
ROP:  98%|█████████▊| 216512/221505 [15:02<00:20, 240.01it/s]
ROP:  98%|█████████▊| 216574/221505 [15:02<00:20, 240.05it/s]
ROP:  98%|█████████▊| 216636/221505 [15:02<00:20, 240.02it/s]
ROP:  98%|█████████▊| 216854/221505 [15:02<00:19, 240.24it/s]
ROP:  98%|█████████▊| 217072/221505 [15:03<00:18, 240.39it/s]
ROP:  98%|█████████▊| 217290/221505 [15:03<00:17, 240.54it/s]
ROP:  98%|█████████▊| 217508/221505 [15:03<00:16, 240.69it/s]
ROP:  98%|█████████▊| 217726/221505 [15:04<00:15, 240.81it/s]
ROP:  98%|█████████▊| 217944/221505 [15:05<00:14, 240.71it/s]
ROP:  98%|█████████▊| 218031/221505 [15:05<00:14, 240.77it/s]
ROP:  98%|█████████▊| 218149/221505 [15:05<00:13, 240.88it/s]
ROP:  99%|█████████▊| 218267/221505 [15:05<00:13, 240.97it/s]
ROP:  99%|█████████▊| 218385/221505 [15:06<00:12, 240.93it/s]
ROP:  99%|█████████▊| 218431/221505 [15:06<00:12, 240.95it/s]
ROP:  99%|█████████▊| 218553/221505 [15:06<00:12, 241.06it/s]
ROP:  99%|█████████▊| 218675/221505 [15:06<00:11, 241.16it/s]
ROP:  99%|█████████▉| 218854/221505 [15:06<00:10, 241.33it/s]
ROP:  99%|█████████▉| 219071/221505 [15:07<00:10, 241.53it/s]
ROP:  99%|█████████▉| 219288/221505 [15:07<00:09, 241.73it/s]
ROP:  99%|█████████▉| 219505/221505 [15:07<00:08, 241.91it/s]
ROP:  99%|█████████▉| 219722/221505 [15:07<00:07, 242.06it/s]
ROP:  99%|█████████▉| 219939/221505 [15:08<00:06, 242.12it/s]
ROP:  99%|█████████▉| 220067/221505 [15:08<00:05, 242.23it/s]
ROP:  99%|█████████▉| 220195/221505 [15:09<00:05, 242.23it/s]
ROP:  99%|█████████▉| 220268/221505 [15:09<00:05, 242.28it/s]
ROP:  99%|█████████▉| 220341/221505 [15:09<00:04, 242.28it/s]
ROP: 100%|█████████▉| 220414/221505 [15:09<00:04, 242.32it/s]
ROP: 100%|█████████▉| 220500/221505 [15:09<00:04, 242.38it/s]
ROP: 100%|█████████▉| 220630/221505 [15:09<00:03, 242.48it/s]
ROP: 100%|█████████▉| 220760/221505 [15:10<00:03, 242.55it/s]
ROP: 100%|█████████▉| 220890/221505 [15:10<00:02, 242.62it/s]
ROP: 100%|█████████▉| 221020/221505 [15:10<00:01, 242.67it/s]
ROP: 100%|█████████▉| 221150/221505 [15:11<00:01, 242.67it/s]
ROP: 100%|█████████▉| 221181/221505 [15:11<00:01, 242.67it/s]
ROP: 100%|█████████▉| 221212/221505 [15:11<00:01, 242.68it/s]
ROP: 100%|█████████▉| 221289/221505 [15:11<00:00, 242.73it/s]
ROP: 100%|█████████▉| 221433/221505 [15:11<00:00, 242.86it/s]
ROP: 100%|██████████| 221505/221505 [15:11<00:00, 242.93it/s]
WARNING  | 2026-10-02 13:28:07,848 | angrop.chain_builder.sys_caller | writing to 0x61e000
WARNING  | 2026-10-02 13:28:10,770 | angr.storage.memory_mixins.default_filler_mixin | The program is accessing memory with an unspecified value. This could indicate unwanted behavior.
WARNING  | 2026-10-02 13:28:10,770 | angr.storage.memory_mixins.default_filler_mixin | angr will cope with this by generating an unconstrained symbolic variable and continuing. You can resolve this by:
WARNING  | 2026-10-02 13:28:10,770 | angr.storage.memory_mixins.default_filler_mixin | 1) setting a value to the initial state
WARNING  | 2026-10-02 13:28:10,770 | angr.storage.memory_mixins.default_filler_mixin | 2) adding the state option ZERO_FILL_UNCONSTRAINED_{MEMORY,REGISTERS}, to make unknown regions hold null
WARNING  | 2026-10-02 13:28:10,770 | angr.storage.memory_mixins.default_filler_mixin | 3) adding the state option SYMBOL_FILL_UNCONSTRAINED_{MEMORY,REGISTERS}, to suppress these messages.
WARNING  | 2026-10-02 13:28:10,770 | angr.storage.memory_mixins.default_filler_mixin | Filling memory at 0x7fff0010 with 4 unconstrained bytes referenced from 0x423a00 (gnu_get_libc_version+0x20 in libc.so.6 (0x23a00))
WARNING  | 2026-10-02 13:28:10,910 | angrop.chain_builder.func_caller | passing deprecated arguments {'use_partial_controllers': False} to angrop.chain_builder.FuncCaller
WARNING  | 2026-10-02 13:28:11,252 | angr.storage.memory_mixins.default_filler_mixin | Filling register eax with 4 unconstrained bytes referenced from 0x53ee60 (inet6_rth_getaddr+0x20 in libc.so.6 (0x13ee60))
WARNING  | 2026-10-02 13:28:11,252 | angr.storage.memory_mixins.default_filler_mixin | Filling register edx with 4 unconstrained bytes referenced from 0x53ee60 (inet6_rth_getaddr+0x20 in libc.so.6 (0x13ee60))
Traceback (most recent call last):
  File "/home/jalconchel/rop3-eval/utils/angrop_worker.py", line 180, in <module>
    sys.exit(main())
             ^^^^^^
  File "/home/jalconchel/rop3-eval/utils/angrop_worker.py", line 176, in main
    return _emit(found, extract, seconds, status, text, error=err)
           ^^^^^^^^^^^^^^^^^^^^^^^^^^^^^^^^^^^^^^^^^^^^^^^^^^^^^^^
  File "/home/jalconchel/rop3-eval/utils/angrop_worker.py", line 96, in _emit
    print(json.dumps(out))
          ^^^^^^^^^^^^^^^
  File "/home/jalconchel/miniconda3/envs/rop-eval/lib/python3.12/json/__init__.py", line 231, in dumps
    return _default_encoder.encode(obj)
           ^^^^^^^^^^^^^^^^^^^^^^^^^^^^
  File "/home/jalconchel/miniconda3/envs/rop-eval/lib/python3.12/json/encoder.py", line 200, in encode
    chunks = self.iterencode(o, _one_shot=True)
             ^^^^^^^^^^^^^^^^^^^^^^^^^^^^^^^^^^
  File "/home/jalconchel/miniconda3/envs/rop-eval/lib/python3.12/json/encoder.py", line 258, in iterencode
    return _iterencode(o, 0)
           ^^^^^^^^^^^^^^^^^
  File "/home/jalconchel/miniconda3/envs/rop-eval/lib/python3.12/json/encoder.py", line 180, in default
    raise TypeError(f'Object of type {o.__class__.__name__} '
TypeError: Object of type bytes is not JSON serializable

=== angrop | libc_debian_amd64.so | mprotect_amd64 | status=error | 2026-10-02T13:50:37
WARNING  | 2026-10-02 13:35:58,911 | cle.loader     | Symbol imported without a known size; emulation may fail if it is used non-opaqely: __libc_enable_secure, _dl_argv. See https://docs.angr.io/extending-angr/environment#simdata
WARNING  | 2026-10-02 13:36:00,105 | angrop.gadget_finder | Enabling fast mode for large binary

ROP:   0%|          | 0/213608 [00:00<?, ?it/s]
ROP:   0%|          | 56/213608 [00:00<06:57, 511.05it/s]
ROP:   0%|          | 112/213608 [00:00<21:29, 165.52it/s]
ROP:   0%|          | 123/213608 [00:00<23:37, 150.65it/s]
ROP:   0%|          | 134/213608 [00:00<24:24, 145.72it/s]
ROP:   0%|          | 172/213608 [00:01<22:28, 158.33it/s]
ROP:   0%|          | 210/213608 [00:02<36:03, 98.63it/s] 
ROP:   0%|          | 228/213608 [00:02<35:17, 100.78it/s]
ROP:   0%|          | 246/213608 [00:02<36:27, 97.55it/s] 
ROP:   0%|          | 264/213608 [00:02<39:18, 90.45it/s]
ROP:   0%|          | 282/213608 [00:03<44:02, 80.74it/s]
ROP:   0%|          | 286/213608 [00:03<45:08, 78.75it/s]
ROP:   0%|          | 297/213608 [00:03<44:53, 79.21it/s]
ROP:   0%|          | 308/213608 [00:04<47:10, 75.35it/s]
ROP:   0%|          | 319/213608 [00:04<50:11, 70.83it/s]
ROP:   0%|          | 364/213608 [00:04<44:58, 79.02it/s]
ROP:   0%|          | 414/213608 [00:04<40:25, 87.89it/s]
ROP:   0%|          | 464/213608 [00:05<38:56, 91.23it/s]
ROP:   0%|          | 514/213608 [00:05<40:12, 88.34it/s]
ROP:   0%|          | 521/213608 [00:06<41:11, 86.23it/s]
ROP:   0%|          | 533/213608 [00:06<41:11, 86.20it/s]
ROP:   0%|          | 565/213608 [00:06<39:37, 89.59it/s]
ROP:   0%|          | 612/213608 [00:06<37:09, 95.53it/s]
ROP:   0%|          | 665/213608 [00:06<34:50, 101.86it/s]
ROP:   0%|          | 729/213608 [00:06<32:30, 109.13it/s]
ROP:   0%|          | 793/213608 [00:07<32:34, 108.90it/s]
ROP:   0%|          | 857/213608 [00:07<30:41, 115.51it/s]
ROP:   0%|          | 921/213608 [00:07<29:02, 122.03it/s]
ROP:   0%|          | 985/213608 [00:07<27:45, 127.63it/s]
ROP:   0%|          | 1057/213608 [00:07<26:23, 134.24it/s]
ROP:   1%|          | 1129/213608 [00:08<26:42, 132.55it/s]
ROP:   1%|          | 1160/213608 [00:08<26:22, 134.21it/s]
ROP:   1%|          | 1209/213608 [00:08<25:41, 137.75it/s]
ROP:   1%|          | 1258/213608 [00:09<26:05, 135.67it/s]
ROP:   1%|          | 1334/213608 [00:09<24:51, 142.32it/s]
ROP:   1%|          | 1410/213608 [00:09<24:04, 146.85it/s]
ROP:   1%|          | 1486/213608 [00:10<24:18, 145.44it/s]
ROP:   1%|          | 1515/213608 [00:10<24:04, 146.84it/s]
ROP:   1%|          | 1595/213608 [00:10<23:08, 152.73it/s]
ROP:   1%|          | 1675/213608 [00:10<22:29, 157.02it/s]
ROP:   1%|          | 1755/213608 [00:10<21:43, 162.47it/s]
ROP:   1%|          | 1835/213608 [00:11<21:10, 166.65it/s]
ROP:   1%|          | 1915/213608 [00:11<20:38, 170.86it/s]
ROP:   1%|          | 1995/213608 [00:11<20:23, 172.92it/s]
ROP:   1%|          | 2075/213608 [00:11<20:14, 174.14it/s]
ROP:   1%|          | 2155/213608 [00:12<19:58, 176.43it/s]
ROP:   1%|          | 2235/213608 [00:12<20:12, 174.29it/s]
ROP:   1%|          | 2270/213608 [00:12<20:04, 175.50it/s]
ROP:   1%|          | 2305/213608 [00:13<20:04, 175.43it/s]
ROP:   1%|          | 2340/213608 [00:13<19:55, 176.66it/s]
ROP:   1%|          | 2375/213608 [00:13<19:52, 177.20it/s]
ROP:   1%|          | 2411/213608 [00:13<19:43, 178.48it/s]
ROP:   1%|          | 2447/213608 [00:13<19:41, 178.66it/s]
ROP:   1%|          | 2487/213608 [00:13<19:31, 180.19it/s]
ROP:   1%|          | 2594/213608 [00:13<18:55, 185.79it/s]
ROP:   1%|▏         | 2701/213608 [00:14<18:41, 188.05it/s]
ROP:   1%|▏         | 2808/213608 [00:14<18:19, 191.66it/s]
ROP:   1%|▏         | 2915/213608 [00:14<18:02, 194.69it/s]
ROP:   1%|▏         | 3022/213608 [00:15<17:49, 196.93it/s]
ROP:   1%|▏         | 3129/213608 [00:15<17:21, 202.16it/s]
ROP:   2%|▏         | 3236/213608 [00:16<17:22, 201.77it/s]
ROP:   2%|▏         | 3269/213608 [00:16<17:19, 202.37it/s]
ROP:   2%|▏         | 3324/213608 [00:16<17:08, 204.51it/s]
ROP:   2%|▏         | 3390/213608 [00:16<16:54, 207.29it/s]
ROP:   2%|▏         | 3456/213608 [00:16<16:47, 208.60it/s]
ROP:   2%|▏         | 3579/213608 [00:16<16:18, 214.73it/s]
ROP:   2%|▏         | 3702/213608 [00:17<16:08, 216.68it/s]
ROP:   2%|▏         | 3825/213608 [00:17<15:48, 221.15it/s]
ROP:   2%|▏         | 3948/213608 [00:17<15:38, 223.46it/s]
ROP:   2%|▏         | 4078/213608 [00:17<15:12, 229.51it/s]
ROP:   2%|▏         | 4208/213608 [00:18<15:03, 231.82it/s]
ROP:   2%|▏         | 4338/213608 [00:18<14:59, 232.57it/s]
ROP:   2%|▏         | 4376/213608 [00:18<14:57, 233.06it/s]
ROP:   2%|▏         | 4414/213608 [00:19<15:18, 227.78it/s]
ROP:   2%|▏         | 4421/213608 [00:19<15:22, 226.78it/s]
ROP:   2%|▏         | 4502/213608 [00:19<15:11, 229.48it/s]
ROP:   2%|▏         | 4583/213608 [00:20<15:33, 223.83it/s]
ROP:   2%|▏         | 4619/213608 [00:20<15:31, 224.30it/s]
ROP:   2%|▏         | 4655/213608 [00:20<15:31, 224.29it/s]
ROP:   2%|▏         | 4691/213608 [00:20<15:29, 224.85it/s]
ROP:   2%|▏         | 4727/213608 [00:20<15:27, 225.19it/s]
ROP:   2%|▏         | 4806/213608 [00:21<15:17, 227.47it/s]
ROP:   2%|▏         | 4885/213608 [00:21<15:12, 228.73it/s]
ROP:   2%|▏         | 4964/213608 [00:21<15:12, 228.62it/s]
ROP:   2%|▏         | 5043/213608 [00:21<15:07, 229.73it/s]
ROP:   2%|▏         | 5138/213608 [00:22<14:54, 233.00it/s]
ROP:   2%|▏         | 5233/213608 [00:22<14:54, 233.02it/s]
ROP:   2%|▏         | 5328/213608 [00:22<14:58, 231.91it/s]
ROP:   3%|▎         | 5361/213608 [00:23<14:57, 232.11it/s]
ROP:   3%|▎         | 5415/213608 [00:23<14:51, 233.44it/s]
ROP:   3%|▎         | 5469/213608 [00:23<14:48, 234.17it/s]
ROP:   3%|▎         | 5528/213608 [00:23<14:43, 235.46it/s]
ROP:   3%|▎         | 5587/213608 [00:23<14:43, 235.36it/s]
ROP:   3%|▎         | 5646/213608 [00:23<14:40, 236.20it/s]
ROP:   3%|▎         | 5752/213608 [00:24<14:27, 239.55it/s]
ROP:   3%|▎         | 5858/213608 [00:25<14:59, 231.04it/s]
ROP:   3%|▎         | 5928/213608 [00:25<14:52, 232.73it/s]
ROP:   3%|▎         | 5998/213608 [00:25<14:56, 231.62it/s]
ROP:   3%|▎         | 6068/213608 [00:26<14:58, 230.86it/s]
ROP:   3%|▎         | 6138/213608 [00:27<15:21, 225.20it/s]
ROP:   3%|▎         | 6157/213608 [00:27<15:22, 224.89it/s]
ROP:   3%|▎         | 6176/213608 [00:27<15:29, 223.16it/s]
ROP:   3%|▎         | 6231/213608 [00:27<15:25, 224.11it/s]
ROP:   3%|▎         | 6286/213608 [00:28<15:41, 220.24it/s]
ROP:   3%|▎         | 6295/213608 [00:28<15:44, 219.53it/s]
ROP:   3%|▎         | 6304/213608 [00:28<15:49, 218.36it/s]
ROP:   3%|▎         | 6313/213608 [00:29<15:53, 217.45it/s]
ROP:   3%|▎         | 6322/213608 [00:29<15:55, 216.85it/s]
ROP:   3%|▎         | 6331/213608 [00:29<16:02, 215.40it/s]
ROP:   3%|▎         | 6340/213608 [00:29<16:04, 214.84it/s]
ROP:   3%|▎         | 6349/213608 [00:29<16:07, 214.13it/s]
ROP:   3%|▎         | 6358/213608 [00:29<16:13, 212.95it/s]
ROP:   3%|▎         | 6367/213608 [00:30<16:17, 212.09it/s]
ROP:   3%|▎         | 6376/213608 [00:30<16:19, 211.54it/s]
ROP:   3%|▎         | 6385/213608 [00:30<16:24, 210.41it/s]
ROP:   3%|▎         | 6394/213608 [00:30<16:27, 209.93it/s]
ROP:   3%|▎         | 6403/213608 [00:30<16:31, 208.90it/s]
ROP:   3%|▎         | 6412/213608 [00:30<16:38, 207.42it/s]
ROP:   3%|▎         | 6421/213608 [00:31<16:45, 206.14it/s]
ROP:   3%|▎         | 6430/213608 [00:31<16:55, 203.93it/s]
ROP:   3%|▎         | 6439/213608 [00:31<16:59, 203.16it/s]
ROP:   3%|▎         | 6449/213608 [00:31<17:02, 202.63it/s]
ROP:   3%|▎         | 6459/213608 [00:32<17:09, 201.27it/s]
ROP:   3%|▎         | 6469/213608 [00:32<17:14, 200.28it/s]
ROP:   3%|▎         | 6479/213608 [00:32<17:20, 199.09it/s]
ROP:   3%|▎         | 6489/213608 [00:32<17:28, 197.58it/s]
ROP:   3%|▎         | 6499/213608 [00:32<17:30, 197.18it/s]
ROP:   3%|▎         | 6515/213608 [00:33<17:33, 196.54it/s]
ROP:   3%|▎         | 6543/213608 [00:33<17:32, 196.78it/s]
ROP:   3%|▎         | 6613/213608 [00:33<17:24, 198.20it/s]
ROP:   3%|▎         | 6683/213608 [00:33<17:24, 198.03it/s]
ROP:   3%|▎         | 6753/213608 [00:34<17:24, 198.02it/s]
ROP:   3%|▎         | 6823/213608 [00:34<17:20, 198.67it/s]
ROP:   3%|▎         | 6893/213608 [00:34<17:27, 197.28it/s]
ROP:   3%|▎         | 6905/213608 [00:35<17:29, 197.00it/s]
ROP:   3%|▎         | 6920/213608 [00:35<17:31, 196.65it/s]
ROP:   3%|▎         | 6935/213608 [00:35<17:36, 195.55it/s]
ROP:   3%|▎         | 6953/213608 [00:35<17:37, 195.49it/s]
ROP:   3%|▎         | 7027/213608 [00:35<17:28, 196.97it/s]
ROP:   3%|▎         | 7101/213608 [00:35<17:22, 198.07it/s]
ROP:   3%|▎         | 7175/213608 [00:36<17:19, 198.64it/s]
ROP:   3%|▎         | 7249/213608 [00:36<17:13, 199.64it/s]
ROP:   3%|▎         | 7323/213608 [00:36<17:07, 200.81it/s]
ROP:   3%|▎         | 7397/213608 [00:36<16:59, 202.17it/s]
ROP:   3%|▎         | 7471/213608 [00:36<16:56, 202.84it/s]
ROP:   4%|▎         | 7568/213608 [00:36<16:45, 204.89it/s]
ROP:   4%|▎         | 7665/213608 [00:37<16:39, 206.06it/s]
ROP:   4%|▎         | 7762/213608 [00:37<16:31, 207.61it/s]
ROP:   4%|▎         | 7859/213608 [00:37<16:23, 209.21it/s]
ROP:   4%|▎         | 7956/213608 [00:37<16:21, 209.56it/s]
ROP:   4%|▍         | 8053/213608 [00:38<16:16, 210.58it/s]
ROP:   4%|▍         | 8150/213608 [00:38<16:12, 211.32it/s]
ROP:   4%|▍         | 8247/213608 [00:38<16:03, 213.11it/s]
ROP:   4%|▍         | 8344/213608 [00:38<15:56, 214.49it/s]
ROP:   4%|▍         | 8441/213608 [00:39<15:53, 215.21it/s]
ROP:   4%|▍         | 8538/213608 [00:39<15:47, 216.32it/s]
ROP:   4%|▍         | 8635/213608 [00:39<15:40, 217.83it/s]
ROP:   4%|▍         | 8732/213608 [00:39<15:34, 219.23it/s]
ROP:   4%|▍         | 8829/213608 [00:40<15:36, 218.59it/s]
ROP:   4%|▍         | 8847/213608 [00:40<15:39, 217.91it/s]
ROP:   4%|▍         | 8865/213608 [00:40<15:40, 217.73it/s]
ROP:   4%|▍         | 8883/213608 [00:40<15:40, 217.56it/s]
ROP:   4%|▍         | 8901/213608 [00:41<15:45, 216.59it/s]
ROP:   4%|▍         | 8919/213608 [00:41<15:56, 214.03it/s]
ROP:   4%|▍         | 8931/213608 [00:41<15:59, 213.37it/s]
ROP:   4%|▍         | 8943/213608 [00:42<16:05, 212.03it/s]
ROP:   4%|▍         | 9006/213608 [00:42<16:00, 212.96it/s]
ROP:   4%|▍         | 9069/213608 [00:42<15:58, 213.36it/s]
ROP:   4%|▍         | 9132/213608 [00:42<15:56, 213.78it/s]
ROP:   4%|▍         | 9232/213608 [00:42<15:48, 215.43it/s]
ROP:   4%|▍         | 9332/213608 [00:43<15:59, 212.95it/s]
ROP:   4%|▍         | 9395/213608 [00:43<15:54, 213.89it/s]
ROP:   4%|▍         | 9493/213608 [00:44<15:46, 215.63it/s]
ROP:   4%|▍         | 9591/213608 [00:44<15:54, 213.74it/s]
ROP:   4%|▍         | 9603/213608 [00:44<15:55, 213.40it/s]
ROP:   5%|▍         | 9615/213608 [00:45<16:00, 212.46it/s]
ROP:   5%|▍         | 9627/213608 [00:45<16:01, 212.05it/s]
ROP:   5%|▍         | 9644/213608 [00:45<16:02, 211.86it/s]
ROP:   5%|▍         | 9661/213608 [00:45<16:06, 210.99it/s]
ROP:   5%|▍         | 9682/213608 [00:45<16:07, 210.73it/s]
ROP:   5%|▍         | 9703/213608 [00:46<16:11, 209.92it/s]
ROP:   5%|▍         | 9724/213608 [00:46<16:11, 209.77it/s]
ROP:   5%|▍         | 9745/213608 [00:46<16:19, 208.13it/s]
ROP:   5%|▍         | 9766/213608 [00:47<16:21, 207.72it/s]
ROP:   5%|▍         | 9814/213608 [00:47<16:18, 208.29it/s]
ROP:   5%|▍         | 9862/213608 [00:47<16:18, 208.31it/s]
ROP:   5%|▍         | 9910/213608 [00:47<16:19, 207.91it/s]
ROP:   5%|▍         | 9958/213608 [00:47<16:18, 208.10it/s]
ROP:   5%|▍         | 10006/213608 [00:48<16:19, 207.88it/s]
ROP:   5%|▍         | 10054/213608 [00:48<16:18, 208.08it/s]
ROP:   5%|▍         | 10102/213608 [00:48<16:24, 206.71it/s]
ROP:   5%|▍         | 10159/213608 [00:48<16:20, 207.42it/s]
ROP:   5%|▍         | 10216/213608 [00:49<16:25, 206.35it/s]
ROP:   5%|▍         | 10244/213608 [00:49<16:25, 206.31it/s]
ROP:   5%|▍         | 10274/213608 [00:49<16:24, 206.49it/s]
ROP:   5%|▍         | 10304/213608 [00:50<16:27, 205.96it/s]
ROP:   5%|▍         | 10335/213608 [00:50<16:25, 206.17it/s]
ROP:   5%|▍         | 10370/213608 [00:50<16:24, 206.36it/s]
ROP:   5%|▍         | 10405/213608 [00:50<16:23, 206.54it/s]
ROP:   5%|▍         | 10454/213608 [00:50<16:21, 206.99it/s]
ROP:   5%|▍         | 10503/213608 [00:50<16:20, 207.07it/s]
ROP:   5%|▍         | 10578/213608 [00:50<16:16, 208.02it/s]
ROP:   5%|▍         | 10653/213608 [00:51<16:18, 207.35it/s]
ROP:   5%|▍         | 10673/213608 [00:51<16:19, 207.11it/s]
ROP:   5%|▌         | 10730/213608 [00:51<16:17, 207.60it/s]
ROP:   5%|▌         | 10787/213608 [00:52<16:22, 206.42it/s]
ROP:   5%|▌         | 10797/213608 [00:52<16:23, 206.16it/s]
ROP:   5%|▌         | 10838/213608 [00:52<16:22, 206.47it/s]
ROP:   5%|▌         | 10879/213608 [00:52<16:24, 205.82it/s]
ROP:   5%|▌         | 10920/213608 [00:53<16:31, 204.46it/s]
ROP:   5%|▌         | 10962/213608 [00:53<16:29, 204.82it/s]
ROP:   5%|▌         | 11004/213608 [00:54<16:35, 203.60it/s]
ROP:   5%|▌         | 11047/213608 [00:54<16:33, 203.93it/s]
ROP:   5%|▌         | 11090/213608 [00:54<16:34, 203.67it/s]
ROP:   5%|▌         | 11133/213608 [00:54<16:39, 202.55it/s]
ROP:   5%|▌         | 11150/213608 [00:55<16:40, 202.34it/s]
ROP:   5%|▌         | 11167/213608 [00:55<16:45, 201.25it/s]
ROP:   5%|▌         | 11203/213608 [00:55<16:44, 201.53it/s]
ROP:   5%|▌         | 11239/213608 [00:56<16:48, 200.62it/s]
ROP:   5%|▌         | 11275/213608 [00:56<16:48, 200.61it/s]
ROP:   5%|▌         | 11311/213608 [00:56<16:49, 200.30it/s]
ROP:   5%|▌         | 11347/213608 [00:56<16:52, 199.72it/s]
ROP:   5%|▌         | 11397/213608 [00:56<16:50, 200.11it/s]
ROP:   5%|▌         | 11447/213608 [00:57<16:50, 199.96it/s]
ROP:   5%|▌         | 11497/213608 [00:57<16:55, 198.94it/s]
ROP:   5%|▌         | 11509/213608 [00:57<16:57, 198.62it/s]
ROP:   5%|▌         | 11521/213608 [00:58<17:00, 198.12it/s]
ROP:   5%|▌         | 11536/213608 [00:58<17:00, 197.93it/s]
ROP:   5%|▌         | 11551/213608 [00:58<17:01, 197.74it/s]
ROP:   5%|▌         | 11579/213608 [00:58<17:01, 197.84it/s]
ROP:   5%|▌         | 11607/213608 [00:58<17:02, 197.64it/s]
ROP:   5%|▌         | 11635/213608 [00:58<17:01, 197.73it/s]
ROP:   5%|▌         | 11663/213608 [00:58<17:00, 197.82it/s]
ROP:   5%|▌         | 11691/213608 [00:59<17:03, 197.21it/s]
ROP:   5%|▌         | 11719/213608 [00:59<17:07, 196.50it/s]
ROP:   5%|▌         | 11747/213608 [00:59<17:08, 196.31it/s]
ROP:   6%|▌         | 11775/213608 [01:00<17:10, 195.77it/s]
ROP:   6%|▌         | 11810/213608 [01:00<17:10, 195.90it/s]
ROP:   6%|▌         | 11845/213608 [01:00<17:12, 195.41it/s]
ROP:   6%|▌         | 11882/213608 [01:00<17:10, 195.68it/s]
ROP:   6%|▌         | 11919/213608 [01:01<17:14, 194.94it/s]
ROP:   6%|▌         | 11956/213608 [01:01<17:16, 194.51it/s]
ROP:   6%|▌         | 11993/213608 [01:01<17:15, 194.74it/s]
ROP:   6%|▌         | 12030/213608 [01:02<17:19, 193.88it/s]
ROP:   6%|▌         | 12067/213608 [01:02<17:21, 193.45it/s]
ROP:   6%|▌         | 12129/213608 [01:02<17:18, 194.10it/s]
ROP:   6%|▌         | 12191/213608 [01:02<17:17, 194.07it/s]
ROP:   6%|▌         | 12253/213608 [01:03<17:17, 194.15it/s]
ROP:   6%|▌         | 12315/213608 [01:03<17:19, 193.57it/s]
ROP:   6%|▌         | 12336/213608 [01:03<17:20, 193.51it/s]
ROP:   6%|▌         | 12357/213608 [01:04<17:23, 192.89it/s]
ROP:   6%|▌         | 12387/213608 [01:04<17:22, 193.00it/s]
ROP:   6%|▌         | 12417/213608 [01:04<17:25, 192.42it/s]
ROP:   6%|▌         | 12447/213608 [01:04<17:24, 192.53it/s]
ROP:   6%|▌         | 12477/213608 [01:04<17:26, 192.12it/s]
ROP:   6%|▌         | 12507/213608 [01:05<17:29, 191.59it/s]
ROP:   6%|▌         | 12558/213608 [01:05<17:27, 191.88it/s]
ROP:   6%|▌         | 12609/213608 [01:05<17:25, 192.33it/s]
ROP:   6%|▌         | 12660/213608 [01:05<17:26, 192.04it/s]
ROP:   6%|▌         | 12714/213608 [01:06<17:23, 192.54it/s]
ROP:   6%|▌         | 12768/213608 [01:06<17:22, 192.65it/s]
ROP:   6%|▌         | 12822/213608 [01:06<17:21, 192.88it/s]
ROP:   6%|▌         | 12876/213608 [01:06<17:18, 193.28it/s]
ROP:   6%|▌         | 12930/213608 [01:07<17:25, 192.03it/s]
ROP:   6%|▌         | 13016/213608 [01:07<17:19, 192.93it/s]
ROP:   6%|▌         | 13102/213608 [01:08<17:32, 190.52it/s]
ROP:   6%|▌         | 13142/213608 [01:08<17:30, 190.76it/s]
ROP:   6%|▌         | 13182/213608 [01:09<17:30, 190.86it/s]
ROP:   6%|▌         | 13222/213608 [01:09<17:30, 190.82it/s]
ROP:   6%|▌         | 13262/213608 [01:09<17:33, 190.25it/s]
ROP:   6%|▌         | 13302/213608 [01:10<17:45, 187.99it/s]
ROP:   6%|▌         | 13313/213608 [01:10<17:46, 187.88it/s]
ROP:   6%|▋         | 13408/213608 [01:10<17:39, 188.95it/s]
ROP:   6%|▋         | 13503/213608 [01:11<17:33, 189.87it/s]
ROP:   6%|▋         | 13598/213608 [01:11<17:37, 189.08it/s]
ROP:   6%|▋         | 13695/213608 [01:12<17:31, 190.16it/s]
ROP:   6%|▋         | 13792/213608 [01:12<17:33, 189.76it/s]
ROP:   6%|▋         | 13807/213608 [01:12<17:34, 189.48it/s]
ROP:   6%|▋         | 13828/213608 [01:12<17:34, 189.47it/s]
ROP:   6%|▋         | 13849/213608 [01:13<17:36, 189.17it/s]
ROP:   6%|▋         | 13870/213608 [01:13<17:36, 189.08it/s]
ROP:   7%|▋         | 13891/213608 [01:13<17:36, 188.98it/s]
ROP:   7%|▋         | 13920/213608 [01:13<17:36, 189.10it/s]
ROP:   7%|▋         | 13949/213608 [01:13<17:37, 188.76it/s]
ROP:   7%|▋         | 13995/213608 [01:14<17:35, 189.08it/s]
ROP:   7%|▋         | 14041/213608 [01:14<17:35, 189.05it/s]
ROP:   7%|▋         | 14087/213608 [01:14<17:36, 188.78it/s]
ROP:   7%|▋         | 14133/213608 [01:14<17:36, 188.75it/s]
ROP:   7%|▋         | 14179/213608 [01:15<17:37, 188.67it/s]
ROP:   7%|▋         | 14225/213608 [01:15<17:35, 188.90it/s]
ROP:   7%|▋         | 14271/213608 [01:15<17:40, 188.03it/s]
ROP:   7%|▋         | 14279/213608 [01:16<17:41, 187.75it/s]
ROP:   7%|▋         | 14287/213608 [01:16<17:44, 187.28it/s]
ROP:   7%|▋         | 14369/213608 [01:16<17:39, 188.11it/s]
ROP:   7%|▋         | 14451/213608 [01:17<17:46, 186.73it/s]
ROP:   7%|▋         | 14460/213608 [01:17<17:48, 186.42it/s]
ROP:   7%|▋         | 14469/213608 [01:17<17:49, 186.16it/s]
ROP:   7%|▋         | 14517/213608 [01:17<17:47, 186.53it/s]
ROP:   7%|▋         | 14565/213608 [01:18<17:46, 186.66it/s]
ROP:   7%|▋         | 14613/213608 [01:18<17:45, 186.84it/s]
ROP:   7%|▋         | 14661/213608 [01:18<17:49, 185.96it/s]
ROP:   7%|▋         | 14706/213608 [01:18<17:47, 186.28it/s]
ROP:   7%|▋         | 14751/213608 [01:19<17:46, 186.41it/s]
ROP:   7%|▋         | 14796/213608 [01:19<17:45, 186.51it/s]
ROP:   7%|▋         | 14841/213608 [01:19<17:46, 186.33it/s]
ROP:   7%|▋         | 14886/213608 [01:19<17:47, 186.12it/s]
ROP:   7%|▋         | 15019/213608 [01:20<17:38, 187.55it/s]
ROP:   7%|▋         | 15152/213608 [01:21<17:48, 185.80it/s]
ROP:   7%|▋         | 15243/213608 [01:21<17:42, 186.68it/s]
ROP:   7%|▋         | 15334/213608 [01:21<17:39, 187.22it/s]
ROP:   7%|▋         | 15425/213608 [01:22<17:34, 187.88it/s]
ROP:   7%|▋         | 15516/213608 [01:22<17:29, 188.72it/s]
ROP:   7%|▋         | 15607/213608 [01:22<17:25, 189.45it/s]
ROP:   7%|▋         | 15698/213608 [01:22<17:23, 189.59it/s]
ROP:   7%|▋         | 15789/213608 [01:23<17:24, 189.38it/s]
ROP:   7%|▋         | 15823/213608 [01:23<17:23, 189.49it/s]
ROP:   7%|▋         | 15857/213608 [01:23<17:23, 189.50it/s]
ROP:   7%|▋         | 15909/213608 [01:23<17:21, 189.87it/s]
ROP:   7%|▋         | 15961/213608 [01:24<17:21, 189.78it/s]
ROP:   8%|▊         | 16032/213608 [01:24<17:18, 190.26it/s]
ROP:   8%|▊         | 16103/213608 [01:24<17:17, 190.46it/s]
ROP:   8%|▊         | 16465/213608 [01:24<16:53, 194.51it/s]
ROP:   8%|▊         | 16827/213608 [01:24<16:33, 198.07it/s]
ROP:   8%|▊         | 17189/213608 [01:25<16:20, 200.41it/s]
ROP:   8%|▊         | 17239/213608 [01:25<16:18, 200.71it/s]
ROP:   8%|▊         | 17289/213608 [01:26<16:18, 200.72it/s]
ROP:   8%|▊         | 17339/213608 [01:26<16:16, 200.93it/s]
ROP:   8%|▊         | 17556/213608 [01:26<16:04, 203.18it/s]
ROP:   8%|▊         | 17773/213608 [01:26<15:55, 205.06it/s]
ROP:   8%|▊         | 17990/213608 [01:27<15:51, 205.66it/s]
ROP:   8%|▊         | 18017/213608 [01:27<15:52, 205.36it/s]
ROP:   8%|▊         | 18068/213608 [01:27<15:50, 205.70it/s]
ROP:   8%|▊         | 18136/213608 [01:27<15:47, 206.23it/s]
ROP:   9%|▊         | 18204/213608 [01:28<15:45, 206.71it/s]
ROP:   9%|▊         | 18272/213608 [01:28<15:42, 207.15it/s]
ROP:   9%|▊         | 18340/213608 [01:28<15:43, 207.04it/s]
ROP:   9%|▊         | 18433/213608 [01:28<15:39, 207.67it/s]
ROP:   9%|▊         | 18526/213608 [01:29<15:37, 208.10it/s]
ROP:   9%|▊         | 18619/213608 [01:29<15:33, 208.86it/s]
ROP:   9%|▉         | 18712/213608 [01:29<15:36, 208.18it/s]
ROP:   9%|▉         | 18725/213608 [01:30<15:37, 207.92it/s]
ROP:   9%|▉         | 18778/213608 [01:30<15:35, 208.21it/s]
ROP:   9%|▉         | 18831/213608 [01:30<15:37, 207.70it/s]
ROP:   9%|▉         | 18884/213608 [01:31<15:40, 207.05it/s]
ROP:   9%|▉         | 18952/213608 [01:31<15:37, 207.56it/s]
ROP:   9%|▉         | 19020/213608 [01:32<15:44, 205.97it/s]
ROP:   9%|▉         | 19027/213608 [01:32<15:47, 205.42it/s]
ROP:   9%|▉         | 19046/213608 [01:32<15:47, 205.39it/s]
ROP:   9%|▉         | 19127/213608 [01:32<15:43, 206.04it/s]
ROP:   9%|▉         | 19208/213608 [01:33<15:42, 206.29it/s]
ROP:   9%|▉         | 19289/213608 [01:33<15:39, 206.88it/s]
ROP:   9%|▉         | 19370/213608 [01:33<15:37, 207.29it/s]
ROP:   9%|▉         | 19451/213608 [01:34<15:38, 206.82it/s]
ROP:   9%|▉         | 19465/213608 [01:34<15:39, 206.61it/s]
ROP:   9%|▉         | 19484/213608 [01:34<15:39, 206.58it/s]
ROP:   9%|▉         | 19503/213608 [01:34<15:42, 205.87it/s]
ROP:   9%|▉         | 19522/213608 [01:34<15:42, 205.84it/s]
ROP:   9%|▉         | 19577/213608 [01:34<15:41, 206.19it/s]
ROP:   9%|▉         | 19662/213608 [01:35<15:37, 206.85it/s]
ROP:   9%|▉         | 19747/213608 [01:35<15:40, 206.20it/s]
ROP:   9%|▉         | 19857/213608 [01:35<15:35, 207.09it/s]
ROP:   9%|▉         | 19967/213608 [01:36<15:33, 207.35it/s]
ROP:   9%|▉         | 20098/213608 [01:36<15:28, 208.46it/s]
ROP:   9%|▉         | 20229/213608 [01:38<15:38, 206.11it/s]
ROP:  10%|▉         | 20364/213608 [01:38<15:32, 207.26it/s]
ROP:  10%|▉         | 20499/213608 [01:39<15:35, 206.42it/s]
ROP:  10%|▉         | 20512/213608 [01:39<15:36, 206.13it/s]
ROP:  10%|▉         | 20525/213608 [01:39<15:40, 205.30it/s]
ROP:  10%|▉         | 20538/213608 [01:40<15:41, 204.96it/s]
ROP:  10%|▉         | 20551/213608 [01:40<15:42, 204.86it/s]
ROP:  10%|▉         | 20600/213608 [01:40<15:40, 205.15it/s]
ROP:  10%|▉         | 20649/213608 [01:41<15:49, 203.30it/s]
ROP:  10%|▉         | 20787/213608 [01:41<15:43, 204.46it/s]
ROP:  10%|▉         | 20925/213608 [01:41<15:39, 205.17it/s]
ROP:  10%|▉         | 21063/213608 [01:42<15:33, 206.31it/s]
ROP:  10%|▉         | 21201/213608 [01:42<15:27, 207.42it/s]
ROP:  10%|▉         | 21350/213608 [01:42<15:21, 208.64it/s]
ROP:  10%|█         | 21499/213608 [01:42<15:15, 209.80it/s]
ROP:  10%|█         | 21648/213608 [01:42<15:11, 210.61it/s]
ROP:  10%|█         | 21797/213608 [01:43<15:10, 210.70it/s]
ROP:  10%|█         | 21831/213608 [01:43<15:09, 210.81it/s]
ROP:  10%|█         | 21865/213608 [01:43<15:09, 210.73it/s]
ROP:  10%|█         | 21899/213608 [01:43<15:09, 210.82it/s]
ROP:  10%|█         | 21939/213608 [01:44<15:08, 210.92it/s]
ROP:  10%|█         | 21979/213608 [01:44<15:10, 210.44it/s]
ROP:  10%|█         | 22019/213608 [01:44<15:12, 209.97it/s]
ROP:  10%|█         | 22059/213608 [01:45<15:14, 209.56it/s]
ROP:  10%|█         | 22099/213608 [01:45<15:13, 209.58it/s]
ROP:  10%|█         | 22139/213608 [01:46<15:17, 208.60it/s]
ROP:  10%|█         | 22151/213608 [01:46<15:18, 208.48it/s]
ROP:  10%|█         | 22168/213608 [01:46<15:18, 208.39it/s]
ROP:  10%|█         | 22185/213608 [01:46<15:18, 208.32it/s]
ROP:  10%|█         | 22202/213608 [01:46<15:19, 208.19it/s]
ROP:  10%|█         | 22219/213608 [01:46<15:20, 207.99it/s]
ROP:  10%|█         | 22259/213608 [01:46<15:19, 208.10it/s]
ROP:  10%|█         | 22299/213608 [01:47<15:23, 207.10it/s]
ROP:  10%|█         | 22305/213608 [01:47<15:25, 206.80it/s]
ROP:  10%|█         | 22311/213608 [01:48<15:26, 206.53it/s]
ROP:  10%|█         | 22317/213608 [01:48<15:27, 206.22it/s]
ROP:  10%|█         | 22354/213608 [01:48<15:27, 206.29it/s]
ROP:  10%|█         | 22391/213608 [01:48<15:29, 205.80it/s]
ROP:  11%|█         | 22438/213608 [01:48<15:28, 205.97it/s]
ROP:  11%|█         | 22485/213608 [01:49<15:32, 205.05it/s]
ROP:  11%|█         | 22513/213608 [01:49<15:32, 205.01it/s]
ROP:  11%|█         | 22541/213608 [01:50<15:34, 204.36it/s]
ROP:  11%|█         | 22576/213608 [01:50<15:34, 204.47it/s]
ROP:  11%|█         | 22611/213608 [01:50<15:37, 203.76it/s]
ROP:  11%|█         | 22618/213608 [01:51<15:38, 203.53it/s]
ROP:  11%|█         | 22637/213608 [01:51<15:38, 203.49it/s]
ROP:  11%|█         | 22664/213608 [01:51<15:38, 203.55it/s]
ROP:  11%|█         | 22691/213608 [01:51<15:38, 203.45it/s]
ROP:  11%|█         | 22750/213608 [01:51<15:36, 203.77it/s]
ROP:  11%|█         | 22809/213608 [01:52<15:40, 202.96it/s]
ROP:  11%|█         | 22818/213608 [01:52<15:41, 202.65it/s]
ROP:  11%|█         | 22871/213608 [01:52<15:40, 202.85it/s]
ROP:  11%|█         | 22924/213608 [01:53<15:40, 202.85it/s]
ROP:  11%|█         | 23022/213608 [01:53<15:36, 203.53it/s]
ROP:  11%|█         | 23120/213608 [01:53<15:34, 203.78it/s]
ROP:  11%|█         | 23218/213608 [01:53<15:31, 204.41it/s]
ROP:  11%|█         | 23316/213608 [01:53<15:29, 204.80it/s]
ROP:  11%|█         | 23414/213608 [01:54<15:29, 204.68it/s]
ROP:  11%|█         | 23472/213608 [01:54<15:27, 204.93it/s]
ROP:  11%|█         | 23530/213608 [01:54<15:26, 205.21it/s]
ROP:  11%|█         | 23588/213608 [01:54<15:24, 205.48it/s]
ROP:  11%|█         | 23646/213608 [01:55<15:27, 204.86it/s]
ROP:  11%|█         | 23702/213608 [01:55<15:26, 205.06it/s]
ROP:  11%|█         | 23758/213608 [01:55<15:26, 204.89it/s]
ROP:  11%|█         | 23814/213608 [01:56<15:25, 205.05it/s]
ROP:  11%|█         | 23870/213608 [01:56<15:24, 205.14it/s]
ROP:  11%|█         | 23926/213608 [01:56<15:26, 204.73it/s]
ROP:  11%|█         | 23981/213608 [01:56<15:25, 205.00it/s]
ROP:  11%|█▏        | 24036/213608 [01:57<15:24, 205.07it/s]
ROP:  11%|█▏        | 24091/213608 [01:57<15:23, 205.20it/s]
ROP:  11%|█▏        | 24146/213608 [01:57<15:22, 205.43it/s]
ROP:  11%|█▏        | 24205/213608 [01:57<15:20, 205.75it/s]
ROP:  11%|█▏        | 24264/213608 [01:57<15:20, 205.73it/s]
ROP:  11%|█▏        | 24323/213608 [01:58<15:21, 205.50it/s]
ROP:  11%|█▏        | 24382/213608 [01:58<15:19, 205.78it/s]
ROP:  11%|█▏        | 24451/213608 [01:58<15:17, 206.18it/s]
ROP:  11%|█▏        | 24550/213608 [01:58<15:14, 206.74it/s]
ROP:  12%|█▏        | 24649/213608 [01:59<15:12, 207.08it/s]
ROP:  12%|█▏        | 24748/213608 [01:59<15:11, 207.22it/s]
ROP:  12%|█▏        | 24847/213608 [01:59<15:09, 207.51it/s]
ROP:  12%|█▏        | 24946/213608 [02:00<15:07, 207.87it/s]
ROP:  12%|█▏        | 25045/213608 [02:00<15:07, 207.77it/s]
ROP:  12%|█▏        | 25064/213608 [02:01<15:10, 207.06it/s]
ROP:  12%|█▏        | 25072/213608 [02:01<15:11, 206.89it/s]
ROP:  12%|█▏        | 25080/213608 [02:01<15:13, 206.34it/s]
ROP:  12%|█▏        | 25139/213608 [02:01<15:11, 206.66it/s]
ROP:  12%|█▏        | 25198/213608 [02:01<15:11, 206.61it/s]
ROP:  12%|█▏        | 25257/213608 [02:02<15:16, 205.53it/s]
ROP:  12%|█▏        | 25284/213608 [02:03<15:16, 205.56it/s]
ROP:  12%|█▏        | 25311/213608 [02:03<15:16, 205.51it/s]
ROP:  12%|█▏        | 25338/213608 [02:03<15:16, 205.49it/s]
ROP:  12%|█▏        | 25382/213608 [02:03<15:15, 205.68it/s]
ROP:  12%|█▏        | 25426/213608 [02:03<15:14, 205.71it/s]
ROP:  12%|█▏        | 25472/213608 [02:03<15:13, 205.90it/s]
ROP:  12%|█▏        | 25518/213608 [02:03<15:13, 205.91it/s]
ROP:  12%|█▏        | 25565/213608 [02:04<15:12, 206.11it/s]
ROP:  12%|█▏        | 25612/213608 [02:04<15:13, 205.83it/s]
ROP:  12%|█▏        | 25659/213608 [02:04<15:15, 205.38it/s]
ROP:  12%|█▏        | 25679/213608 [02:05<15:15, 205.31it/s]
ROP:  12%|█▏        | 25699/213608 [02:05<15:16, 204.94it/s]
ROP:  12%|█▏        | 25769/213608 [02:05<15:14, 205.31it/s]
ROP:  12%|█▏        | 25839/213608 [02:05<15:14, 205.41it/s]
ROP:  12%|█▏        | 25909/213608 [02:05<15:12, 205.73it/s]
ROP:  12%|█▏        | 25979/213608 [02:06<15:11, 205.94it/s]
ROP:  12%|█▏        | 26057/213608 [02:06<15:08, 206.38it/s]
ROP:  12%|█▏        | 26135/213608 [02:06<15:07, 206.68it/s]
ROP:  12%|█▏        | 26213/213608 [02:06<15:05, 206.87it/s]
ROP:  12%|█▏        | 26291/213608 [02:06<15:04, 207.12it/s]
ROP:  12%|█▏        | 26369/213608 [02:07<15:03, 207.30it/s]
ROP:  12%|█▏        | 26468/213608 [02:07<15:00, 207.90it/s]
ROP:  12%|█▏        | 26567/213608 [02:07<14:57, 208.43it/s]
ROP:  12%|█▏        | 26666/213608 [02:07<14:57, 208.36it/s]
ROP:  12%|█▏        | 26686/213608 [02:08<14:59, 207.90it/s]
ROP:  13%|█▎        | 26706/213608 [02:08<14:59, 207.85it/s]
ROP:  13%|█▎        | 26730/213608 [02:08<14:59, 207.85it/s]
ROP:  13%|█▎        | 26790/213608 [02:08<14:57, 208.13it/s]
ROP:  13%|█▎        | 26850/213608 [02:09<14:57, 208.08it/s]
ROP:  13%|█▎        | 26910/213608 [02:09<14:57, 208.13it/s]
ROP:  13%|█▎        | 26970/213608 [02:09<14:57, 207.91it/s]
ROP:  13%|█▎        | 27030/213608 [02:09<14:56, 208.04it/s]
ROP:  13%|█▎        | 27090/213608 [02:10<14:55, 208.30it/s]
ROP:  13%|█▎        | 27150/213608 [02:10<14:54, 208.43it/s]
ROP:  13%|█▎        | 27268/213608 [02:10<14:50, 209.15it/s]
ROP:  13%|█▎        | 27386/213608 [02:10<14:50, 209.15it/s]
ROP:  13%|█▎        | 27494/213608 [02:11<14:47, 209.80it/s]
ROP:  13%|█▎        | 27602/213608 [02:11<14:43, 210.42it/s]
ROP:  13%|█▎        | 27710/213608 [02:11<14:41, 210.85it/s]
ROP:  13%|█▎        | 27889/213608 [02:11<14:35, 212.01it/s]
ROP:  13%|█▎        | 28068/213608 [02:11<14:30, 213.03it/s]
ROP:  13%|█▎        | 28247/213608 [02:11<14:26, 214.04it/s]
ROP:  13%|█▎        | 28426/213608 [02:12<14:21, 214.92it/s]
ROP:  13%|█▎        | 28605/213608 [02:12<14:17, 215.85it/s]
ROP:  13%|█▎        | 28834/213608 [02:12<14:10, 217.32it/s]
ROP:  14%|█▎        | 29063/213608 [02:12<14:04, 218.54it/s]
ROP:  14%|█▎        | 29347/213608 [02:13<13:55, 220.48it/s]
ROP:  14%|█▍        | 29631/213608 [02:13<13:50, 221.60it/s]
ROP:  14%|█▍        | 29690/213608 [02:13<13:49, 221.85it/s]
ROP:  14%|█▍        | 29749/213608 [02:14<13:48, 222.01it/s]
ROP:  14%|█▍        | 29808/213608 [02:14<13:48, 221.72it/s]
ROP:  14%|█▍        | 29867/213608 [02:14<13:48, 221.81it/s]
ROP:  14%|█▍        | 30009/213608 [02:14<13:44, 222.68it/s]
ROP:  14%|█▍        | 30151/213608 [02:14<13:41, 223.43it/s]
ROP:  14%|█▍        | 30293/213608 [02:15<13:39, 223.62it/s]
ROP:  14%|█▍        | 30362/213608 [02:15<13:38, 223.94it/s]
ROP:  14%|█▍        | 30431/213608 [02:15<13:38, 223.83it/s]
ROP:  14%|█▍        | 30500/213608 [02:16<13:37, 223.99it/s]
ROP:  14%|█▍        | 30569/213608 [02:16<13:36, 224.28it/s]
ROP:  14%|█▍        | 30663/213608 [02:16<13:33, 224.80it/s]
ROP:  14%|█▍        | 30757/213608 [02:16<13:33, 224.69it/s]
ROP:  14%|█▍        | 30851/213608 [02:17<13:32, 224.95it/s]
ROP:  14%|█▍        | 30945/213608 [02:17<13:30, 225.39it/s]
ROP:  15%|█▍        | 31039/213608 [02:17<13:28, 225.69it/s]
ROP:  15%|█▍        | 31133/213608 [02:17<13:27, 226.06it/s]
ROP:  15%|█▍        | 31227/213608 [02:17<13:25, 226.53it/s]
ROP:  15%|█▍        | 31321/213608 [02:18<13:25, 226.39it/s]
ROP:  15%|█▍        | 31415/213608 [02:18<13:24, 226.53it/s]
ROP:  15%|█▍        | 31509/213608 [02:19<13:24, 226.41it/s]
ROP:  15%|█▍        | 31603/213608 [02:19<13:22, 226.70it/s]
ROP:  15%|█▍        | 31697/213608 [02:19<13:21, 226.84it/s]
ROP:  15%|█▍        | 31791/213608 [02:20<13:21, 226.93it/s]
ROP:  15%|█▍        | 31885/213608 [02:20<13:19, 227.32it/s]
ROP:  15%|█▍        | 31979/213608 [02:20<13:18, 227.58it/s]
ROP:  15%|█▌        | 32073/213608 [02:20<13:16, 227.83it/s]
ROP:  15%|█▌        | 32178/213608 [02:20<13:14, 228.41it/s]
ROP:  15%|█▌        | 32338/213608 [02:20<13:10, 229.36it/s]
ROP:  15%|█▌        | 32563/213608 [02:21<13:04, 230.76it/s]
ROP:  15%|█▌        | 32974/213608 [02:21<12:53, 233.47it/s]
ROP:  16%|█▌        | 33385/213608 [02:22<12:48, 234.57it/s]
ROP:  16%|█▌        | 33423/213608 [02:22<12:48, 234.48it/s]
ROP:  16%|█▌        | 33461/213608 [02:22<12:49, 234.26it/s]
ROP:  16%|█▌        | 33534/213608 [02:22<12:47, 234.57it/s]
ROP:  16%|█▌        | 33629/213608 [02:23<12:45, 235.00it/s]
ROP:  16%|█▌        | 33724/213608 [02:24<12:51, 233.06it/s]
ROP:  16%|█▌        | 33752/213608 [02:24<12:51, 233.00it/s]
ROP:  16%|█▌        | 33808/213608 [02:24<12:51, 233.19it/s]
ROP:  16%|█▌        | 33864/213608 [02:25<12:51, 232.87it/s]
ROP:  16%|█▌        | 33920/213608 [02:25<12:51, 232.95it/s]
ROP:  16%|█▌        | 34025/213608 [02:25<12:49, 233.49it/s]
ROP:  16%|█▌        | 34130/213608 [02:26<12:48, 233.44it/s]
ROP:  16%|█▌        | 34235/213608 [02:26<12:48, 233.36it/s]
ROP:  16%|█▌        | 34290/213608 [02:26<12:48, 233.45it/s]
ROP:  16%|█▌        | 34345/213608 [02:27<12:47, 233.48it/s]
ROP:  16%|█▌        | 34400/213608 [02:27<12:48, 233.18it/s]
ROP:  16%|█▌        | 34455/213608 [02:27<12:48, 232.99it/s]
ROP:  16%|█▌        | 34510/213608 [02:28<12:48, 233.17it/s]
ROP:  16%|█▌        | 34565/213608 [02:28<12:48, 233.04it/s]
ROP:  16%|█▌        | 34620/213608 [02:28<12:47, 233.22it/s]
ROP:  16%|█▌        | 34675/213608 [02:28<12:47, 233.18it/s]
ROP:  16%|█▋        | 34730/213608 [02:29<12:49, 232.44it/s]
ROP:  16%|█▋        | 34739/213608 [02:29<12:49, 232.30it/s]
ROP:  16%|█▋        | 34809/213608 [02:29<12:49, 232.50it/s]
ROP:  16%|█▋        | 34879/213608 [02:30<12:50, 232.01it/s]
ROP:  16%|█▋        | 35037/213608 [02:30<12:46, 232.89it/s]
ROP:  16%|█▋        | 35195/213608 [02:31<12:46, 232.72it/s]
ROP:  16%|█▋        | 35222/213608 [02:31<12:46, 232.74it/s]
ROP:  17%|█▋        | 35249/213608 [02:31<12:46, 232.68it/s]
ROP:  17%|█▋        | 35276/213608 [02:31<12:47, 232.44it/s]
ROP:  17%|█▋        | 35320/213608 [02:31<12:46, 232.49it/s]
ROP:  17%|█▋        | 35387/213608 [02:32<12:45, 232.78it/s]
ROP:  17%|█▋        | 35493/213608 [02:32<12:43, 233.31it/s]
ROP:  17%|█▋        | 35599/213608 [02:32<12:42, 233.48it/s]
ROP:  17%|█▋        | 35705/213608 [02:32<12:41, 233.50it/s]
ROP:  17%|█▋        | 35811/213608 [02:33<12:44, 232.63it/s]
ROP:  17%|█▋        | 35905/213608 [02:34<12:42, 233.09it/s]
ROP:  17%|█▋        | 35999/213608 [02:34<12:43, 232.67it/s]
ROP:  17%|█▋        | 36070/213608 [02:34<12:42, 232.83it/s]
ROP:  17%|█▋        | 36141/213608 [02:35<12:42, 232.61it/s]
ROP:  17%|█▋        | 36212/213608 [02:35<12:42, 232.68it/s]
ROP:  17%|█▋        | 36283/213608 [02:35<12:41, 232.97it/s]
ROP:  17%|█▋        | 36361/213608 [02:35<12:39, 233.23it/s]
ROP:  17%|█▋        | 36439/213608 [02:36<12:40, 233.11it/s]
ROP:  17%|█▋        | 36517/213608 [02:36<12:39, 233.02it/s]
ROP:  17%|█▋        | 36595/213608 [02:37<12:40, 232.84it/s]
ROP:  17%|█▋        | 36673/213608 [02:37<12:42, 232.18it/s]
ROP:  17%|█▋        | 36754/213608 [02:38<12:40, 232.53it/s]
ROP:  17%|█▋        | 36835/213608 [02:39<12:45, 230.96it/s]
ROP:  17%|█▋        | 36867/213608 [02:39<12:45, 230.98it/s]
ROP:  17%|█▋        | 36899/213608 [02:39<12:45, 230.89it/s]
ROP:  17%|█▋        | 36953/213608 [02:39<12:44, 231.07it/s]
ROP:  17%|█▋        | 37007/213608 [02:40<12:45, 230.83it/s]
ROP:  17%|█▋        | 37061/213608 [02:40<12:45, 230.71it/s]
ROP:  17%|█▋        | 37115/213608 [02:41<12:47, 230.01it/s]
ROP:  17%|█▋        | 37123/213608 [02:41<12:48, 229.67it/s]
ROP:  17%|█▋        | 37131/213608 [02:41<12:49, 229.43it/s]
ROP:  17%|█▋        | 37139/213608 [02:42<12:49, 229.24it/s]
ROP:  17%|█▋        | 37150/213608 [02:42<12:50, 229.10it/s]
ROP:  17%|█▋        | 37161/213608 [02:42<12:51, 228.80it/s]
ROP:  17%|█▋        | 37172/213608 [02:42<12:52, 228.54it/s]
ROP:  17%|█▋        | 37184/213608 [02:42<12:52, 228.38it/s]
ROP:  17%|█▋        | 37196/213608 [02:42<12:52, 228.31it/s]
ROP:  17%|█▋        | 37285/213608 [02:43<12:50, 228.71it/s]
ROP:  17%|█▋        | 37374/213608 [02:43<12:49, 229.06it/s]
ROP:  18%|█▊        | 37463/213608 [02:43<12:49, 228.79it/s]
ROP:  18%|█▊        | 37526/213608 [02:43<12:48, 229.02it/s]
ROP:  18%|█▊        | 37591/213608 [02:43<12:47, 229.24it/s]
ROP:  18%|█▊        | 37656/213608 [02:44<12:46, 229.47it/s]
ROP:  18%|█▊        | 37721/213608 [02:44<12:46, 229.37it/s]
ROP:  18%|█▊        | 37786/213608 [02:44<12:46, 229.43it/s]
ROP:  18%|█▊        | 37851/213608 [02:44<12:45, 229.53it/s]
ROP:  18%|█▊        | 37916/213608 [02:45<12:46, 229.10it/s]
ROP:  18%|█▊        | 38038/213608 [02:45<12:44, 229.62it/s]
ROP:  18%|█▊        | 38160/213608 [02:46<12:44, 229.47it/s]
ROP:  18%|█▊        | 38205/213608 [02:46<12:44, 229.58it/s]
ROP:  18%|█▊        | 38270/213608 [02:46<12:42, 229.80it/s]
ROP:  18%|█▊        | 38349/213608 [02:46<12:41, 230.11it/s]
ROP:  18%|█▊        | 38428/213608 [02:47<12:42, 229.77it/s]
ROP:  18%|█▊        | 38450/213608 [02:47<12:42, 229.76it/s]
ROP:  18%|█▊        | 38472/213608 [02:47<12:42, 229.68it/s]
ROP:  18%|█▊        | 38500/213608 [02:47<12:42, 229.68it/s]
ROP:  18%|█▊        | 38536/213608 [02:47<12:41, 229.76it/s]
ROP:  18%|█▊        | 38572/213608 [02:47<12:41, 229.78it/s]
ROP:  18%|█▊        | 38608/213608 [02:48<12:41, 229.76it/s]
ROP:  18%|█▊        | 38702/213608 [02:48<12:40, 230.06it/s]
ROP:  18%|█▊        | 38796/213608 [02:48<12:40, 229.80it/s]
ROP:  18%|█▊        | 38914/213608 [02:48<12:38, 230.32it/s]
ROP:  18%|█▊        | 39032/213608 [02:49<12:36, 230.76it/s]
ROP:  18%|█▊        | 39032/213608 [02:50<12:40, 229.58it/s]
ROP:  18%|█▊        | 39124/213608 [02:50<12:38, 230.09it/s]
ROP:  18%|█▊        | 39159/213608 [02:50<12:38, 230.11it/s]
ROP:  18%|█▊        | 39194/213608 [02:50<12:38, 230.05it/s]
ROP:  18%|█▊        | 39229/213608 [02:50<12:37, 230.12it/s]
ROP:  18%|█▊        | 39264/213608 [02:50<12:38, 229.93it/s]
ROP:  18%|█▊        | 39418/213608 [02:50<12:35, 230.63it/s]
ROP:  19%|█▊        | 39572/213608 [02:54<12:45, 227.37it/s]
ROP:  19%|█▊        | 39578/213608 [02:54<12:45, 227.24it/s]
ROP:  19%|█▊        | 39587/213608 [02:54<12:46, 227.13it/s]
ROP:  19%|█▊        | 39596/213608 [02:54<12:47, 226.82it/s]
ROP:  19%|█▊        | 39605/213608 [02:54<12:48, 226.38it/s]
ROP:  19%|█▊        | 39650/213608 [02:55<12:48, 226.48it/s]
ROP:  19%|█▊        | 39695/213608 [02:55<12:50, 225.84it/s]
ROP:  19%|█▊        | 39704/213608 [02:55<12:50, 225.70it/s]
ROP:  19%|█▊        | 39730/213608 [02:56<12:50, 225.68it/s]
ROP:  19%|█▊        | 39775/213608 [02:56<12:49, 225.79it/s]
ROP:  19%|█▊        | 39820/213608 [02:56<12:50, 225.45it/s]
ROP:  19%|█▊        | 39950/213608 [02:56<12:48, 225.95it/s]
ROP:  19%|█▉        | 40080/213608 [02:58<12:51, 225.03it/s]
ROP:  19%|█▉        | 40090/213608 [02:58<12:51, 224.80it/s]
ROP:  19%|█▉        | 40100/213608 [02:58<12:52, 224.57it/s]
ROP:  19%|█▉        | 40110/213608 [02:58<12:53, 224.23it/s]
ROP:  19%|█▉        | 40133/213608 [02:59<12:53, 224.20it/s]
ROP:  19%|█▉        | 40156/213608 [02:59<12:55, 223.70it/s]
ROP:  19%|█▉        | 40164/213608 [02:59<12:55, 223.59it/s]
ROP:  19%|█▉        | 40245/213608 [02:59<12:54, 223.84it/s]
ROP:  19%|█▉        | 40326/213608 [03:00<12:55, 223.35it/s]
ROP:  19%|█▉        | 40348/213608 [03:00<12:55, 223.34it/s]
ROP:  19%|█▉        | 40379/213608 [03:00<12:55, 223.37it/s]
ROP:  19%|█▉        | 40410/213608 [03:01<12:57, 222.85it/s]
ROP:  19%|█▉        | 40432/213608 [03:01<12:57, 222.84it/s]
ROP:  19%|█▉        | 40454/213608 [03:01<12:57, 222.66it/s]
ROP:  19%|█▉        | 40508/213608 [03:01<12:57, 222.77it/s]
ROP:  19%|█▉        | 40562/213608 [03:02<12:58, 222.24it/s]
ROP:  19%|█▉        | 40586/213608 [03:02<12:58, 222.20it/s]
ROP:  19%|█▉        | 40610/213608 [03:02<12:58, 222.14it/s]
ROP:  19%|█▉        | 40634/213608 [03:02<12:58, 222.13it/s]
ROP:  19%|█▉        | 40740/213608 [03:03<12:56, 222.58it/s]
ROP:  19%|█▉        | 40846/213608 [03:03<12:54, 222.96it/s]
ROP:  19%|█▉        | 40952/213608 [03:04<12:59, 221.43it/s]
ROP:  19%|█▉        | 40974/213608 [03:05<12:59, 221.42it/s]
ROP:  19%|█▉        | 40996/213608 [03:05<12:59, 221.39it/s]
ROP:  19%|█▉        | 41044/213608 [03:05<12:59, 221.51it/s]
ROP:  19%|█▉        | 41101/213608 [03:05<12:58, 221.61it/s]
ROP:  19%|█▉        | 41178/213608 [03:05<12:57, 221.89it/s]
ROP:  19%|█▉        | 41269/213608 [03:05<12:55, 222.26it/s]
ROP:  19%|█▉        | 41360/213608 [03:06<12:56, 221.83it/s]
ROP:  19%|█▉        | 41421/213608 [03:06<12:55, 222.03it/s]
ROP:  19%|█▉        | 41482/213608 [03:07<12:55, 221.81it/s]
ROP:  19%|█▉        | 41543/213608 [03:07<12:56, 221.63it/s]
ROP:  20%|█▉        | 41660/213608 [03:07<12:54, 222.11it/s]
ROP:  20%|█▉        | 41777/213608 [03:09<12:59, 220.41it/s]
ROP:  20%|█▉        | 41796/213608 [03:09<12:59, 220.39it/s]
ROP:  20%|█▉        | 41855/213608 [03:09<12:58, 220.55it/s]
ROP:  20%|█▉        | 41914/213608 [03:09<12:58, 220.66it/s]
ROP:  20%|█▉        | 41973/213608 [03:10<12:57, 220.71it/s]
ROP:  20%|█▉        | 42032/213608 [03:10<12:58, 220.27it/s]
ROP:  20%|█▉        | 42065/213608 [03:10<12:58, 220.32it/s]
ROP:  20%|█▉        | 42132/213608 [03:11<12:57, 220.54it/s]
ROP:  20%|█▉        | 42203/213608 [03:11<12:56, 220.74it/s]
ROP:  20%|█▉        | 42274/213608 [03:11<12:55, 220.81it/s]
ROP:  20%|█▉        | 42402/213608 [03:11<12:53, 221.35it/s]
ROP:  20%|█▉        | 42530/213608 [03:13<12:57, 220.10it/s]
ROP:  20%|█▉        | 42544/213608 [03:13<12:57, 220.03it/s]
ROP:  20%|█▉        | 42558/213608 [03:13<12:57, 219.95it/s]
ROP:  20%|█▉        | 42624/213608 [03:13<12:56, 220.11it/s]
ROP:  20%|█▉        | 42690/213608 [03:14<13:00, 219.06it/s]
ROP:  20%|█▉        | 42696/213608 [03:15<13:01, 218.82it/s]
ROP:  20%|█▉        | 42709/213608 [03:15<13:01, 218.71it/s]
ROP:  20%|██        | 42722/213608 [03:15<13:02, 218.32it/s]
ROP:  20%|██        | 42735/213608 [03:15<13:03, 218.12it/s]
ROP:  20%|██        | 42748/213608 [03:16<13:03, 218.05it/s]
ROP:  20%|██        | 42761/213608 [03:16<13:03, 217.96it/s]
ROP:  20%|██        | 42774/213608 [03:16<13:04, 217.87it/s]
ROP:  20%|██        | 42787/213608 [03:16<13:04, 217.83it/s]
ROP:  20%|██        | 42812/213608 [03:16<13:04, 217.81it/s]
ROP:  20%|██        | 42837/213608 [03:16<13:05, 217.52it/s]
ROP:  20%|██        | 42869/213608 [03:17<13:04, 217.57it/s]
ROP:  20%|██        | 42969/213608 [03:17<13:02, 217.94it/s]
ROP:  20%|██        | 43069/213608 [03:18<13:05, 217.04it/s]
ROP:  20%|██        | 43090/213608 [03:18<13:05, 216.98it/s]
ROP:  20%|██        | 43111/213608 [03:19<13:08, 216.22it/s]
ROP:  20%|██        | 43117/213608 [03:19<13:08, 216.13it/s]
ROP:  20%|██        | 43123/213608 [03:19<13:09, 215.97it/s]
ROP:  20%|██        | 43133/213608 [03:19<13:09, 215.86it/s]
ROP:  20%|██        | 43143/213608 [03:20<13:10, 215.68it/s]
ROP:  20%|██        | 43153/213608 [03:20<13:11, 215.37it/s]
ROP:  20%|██        | 43163/213608 [03:20<13:11, 215.23it/s]
ROP:  20%|██        | 43176/213608 [03:20<13:12, 215.10it/s]
ROP:  20%|██        | 43189/213608 [03:20<13:13, 214.87it/s]
ROP:  20%|██        | 43203/213608 [03:21<13:13, 214.76it/s]
ROP:  20%|██        | 43229/213608 [03:21<13:13, 214.74it/s]
ROP:  20%|██        | 43255/213608 [03:21<13:14, 214.50it/s]
ROP:  20%|██        | 43281/213608 [03:21<13:14, 214.35it/s]
ROP:  20%|██        | 43307/213608 [03:22<13:15, 214.06it/s]
ROP:  20%|██        | 43333/213608 [03:22<13:15, 214.06it/s]
ROP:  20%|██        | 43359/213608 [03:22<13:16, 213.75it/s]
ROP:  20%|██        | 43385/213608 [03:22<13:16, 213.73it/s]
ROP:  20%|██        | 43426/213608 [03:23<13:16, 213.77it/s]
ROP:  20%|██        | 43467/213608 [03:23<13:16, 213.63it/s]
ROP:  20%|██        | 43508/213608 [03:23<13:16, 213.53it/s]
ROP:  20%|██        | 43558/213608 [03:23<13:16, 213.63it/s]
ROP:  20%|██        | 43608/213608 [03:24<13:18, 212.88it/s]
ROP:  20%|██        | 43626/213608 [03:24<13:18, 212.85it/s]
ROP:  20%|██        | 43644/213608 [03:25<13:19, 212.62it/s]
ROP:  20%|██        | 43677/213608 [03:25<13:18, 212.68it/s]
ROP:  20%|██        | 43710/213608 [03:25<13:20, 212.35it/s]
ROP:  20%|██        | 43743/213608 [03:26<13:20, 212.24it/s]
ROP:  20%|██        | 43776/213608 [03:26<13:20, 212.23it/s]
ROP:  21%|██        | 43809/213608 [03:26<13:20, 212.06it/s]
ROP:  21%|██        | 43842/213608 [03:26<13:20, 212.05it/s]
ROP:  21%|██        | 43875/213608 [03:27<13:21, 211.85it/s]
ROP:  21%|██        | 43908/213608 [03:27<13:21, 211.72it/s]
ROP:  21%|██        | 43941/213608 [03:27<13:22, 211.38it/s]
ROP:  21%|██        | 43974/213608 [03:28<13:22, 211.35it/s]
ROP:  21%|██        | 44007/213608 [03:28<13:24, 210.70it/s]
ROP:  21%|██        | 44023/213608 [03:28<13:25, 210.64it/s]
ROP:  21%|██        | 44047/213608 [03:29<13:24, 210.66it/s]
ROP:  21%|██        | 44110/213608 [03:29<13:24, 210.80it/s]
ROP:  21%|██        | 44173/213608 [03:29<13:24, 210.73it/s]
ROP:  21%|██        | 44236/213608 [03:30<13:24, 210.61it/s]
ROP:  21%|██        | 44299/213608 [03:30<13:25, 210.28it/s]
ROP:  21%|██        | 44322/213608 [03:30<13:25, 210.26it/s]
ROP:  21%|██        | 44345/213608 [03:31<13:27, 209.71it/s]
ROP:  21%|██        | 44364/213608 [03:31<13:27, 209.70it/s]
ROP:  21%|██        | 44383/213608 [03:32<13:28, 209.23it/s]
ROP:  21%|██        | 44458/213608 [03:32<13:27, 209.46it/s]
ROP:  21%|██        | 44533/213608 [03:33<13:29, 208.96it/s]
ROP:  21%|██        | 44542/213608 [03:33<13:29, 208.84it/s]
ROP:  21%|██        | 44551/213608 [03:33<13:30, 208.48it/s]
ROP:  21%|██        | 44560/213608 [03:33<13:31, 208.40it/s]
ROP:  21%|██        | 44607/213608 [03:33<13:30, 208.51it/s]
ROP:  21%|██        | 44654/213608 [03:34<13:31, 208.18it/s]
ROP:  21%|██        | 44663/213608 [03:34<13:31, 208.10it/s]
ROP:  21%|██        | 44675/213608 [03:34<13:32, 208.01it/s]
ROP:  21%|██        | 44687/213608 [03:34<13:32, 207.91it/s]
ROP:  21%|██        | 44699/213608 [03:35<13:32, 207.81it/s]
ROP:  21%|██        | 44711/213608 [03:35<13:33, 207.69it/s]
ROP:  21%|██        | 44723/213608 [03:35<13:33, 207.48it/s]
ROP:  21%|██        | 44735/213608 [03:35<13:34, 207.26it/s]
ROP:  21%|██        | 44755/213608 [03:35<13:34, 207.25it/s]
ROP:  21%|██        | 44775/213608 [03:36<13:35, 206.97it/s]
ROP:  21%|██        | 44795/213608 [03:36<13:37, 206.50it/s]
ROP:  21%|██        | 44799/213608 [03:37<13:38, 206.29it/s]
ROP:  21%|██        | 44803/213608 [03:37<13:38, 206.16it/s]
ROP:  21%|██        | 44811/213608 [03:37<13:39, 206.06it/s]
ROP:  21%|██        | 44829/213608 [03:37<13:39, 206.03it/s]
ROP:  21%|██        | 44847/213608 [03:37<13:39, 205.92it/s]
ROP:  21%|██        | 44865/213608 [03:38<13:40, 205.60it/s]
ROP:  21%|██        | 44889/213608 [03:38<13:40, 205.57it/s]
ROP:  21%|██        | 44913/213608 [03:38<13:41, 205.28it/s]
ROP:  21%|██        | 44937/213608 [03:39<13:42, 204.97it/s]
ROP:  21%|██        | 44961/213608 [03:39<13:44, 204.47it/s]
ROP:  21%|██        | 44965/213608 [03:40<13:45, 204.32it/s]
ROP:  21%|██        | 44971/213608 [03:40<13:45, 204.23it/s]
ROP:  21%|██        | 44977/213608 [03:40<13:46, 204.14it/s]
ROP:  21%|██        | 44986/213608 [03:40<13:46, 204.04it/s]
ROP:  21%|██        | 44995/213608 [03:40<13:46, 203.93it/s]
ROP:  21%|██        | 45004/213608 [03:40<13:47, 203.80it/s]
ROP:  21%|██        | 45028/213608 [03:40<13:47, 203.79it/s]
ROP:  21%|██        | 45052/213608 [03:41<13:47, 203.60it/s]
ROP:  21%|██        | 45076/213608 [03:41<13:48, 203.48it/s]
ROP:  21%|██        | 45113/213608 [03:41<13:47, 203.53it/s]
ROP:  21%|██        | 45214/213608 [03:41<13:46, 203.86it/s]
ROP:  21%|██        | 45315/213608 [03:42<13:46, 203.72it/s]
ROP:  21%|██        | 45331/213608 [03:42<13:46, 203.61it/s]
ROP:  21%|██        | 45349/213608 [03:42<13:46, 203.56it/s]
ROP:  21%|██▏       | 45400/213608 [03:42<13:45, 203.68it/s]
ROP:  21%|██▏       | 45451/213608 [03:43<13:45, 203.61it/s]
ROP:  21%|██▏       | 45502/213608 [03:43<13:45, 203.53it/s]
ROP:  21%|██▏       | 45553/213608 [03:43<13:45, 203.58it/s]
ROP:  21%|██▏       | 45604/213608 [03:43<13:45, 203.64it/s]
ROP:  21%|██▏       | 45678/213608 [03:44<13:43, 203.82it/s]
ROP:  21%|██▏       | 45752/213608 [03:44<13:44, 203.61it/s]
ROP:  21%|██▏       | 45791/213608 [03:44<13:43, 203.69it/s]
ROP:  21%|██▏       | 45830/213608 [03:45<13:44, 203.57it/s]
ROP:  21%|██▏       | 45869/213608 [03:45<13:44, 203.53it/s]
ROP:  22%|██▏       | 45977/213608 [03:45<13:42, 203.88it/s]
ROP:  22%|██▏       | 46085/213608 [03:46<13:41, 203.90it/s]
ROP:  22%|██▏       | 46147/213608 [03:46<13:40, 204.02it/s]
ROP:  22%|██▏       | 46209/213608 [03:46<13:41, 203.80it/s]
ROP:  22%|██▏       | 46221/213608 [03:46<13:41, 203.65it/s]
ROP:  22%|██▏       | 46262/213608 [03:47<13:41, 203.72it/s]
ROP:  22%|██▏       | 46303/213608 [03:47<13:41, 203.63it/s]
ROP:  22%|██▏       | 46344/213608 [03:47<13:42, 203.45it/s]
ROP:  22%|██▏       | 46385/213608 [03:48<13:43, 202.95it/s]
ROP:  22%|██▏       | 46394/213608 [03:48<13:44, 202.89it/s]
ROP:  22%|██▏       | 46403/213608 [03:48<13:44, 202.69it/s]
ROP:  22%|██▏       | 46425/213608 [03:49<13:44, 202.67it/s]
ROP:  22%|██▏       | 46447/213608 [03:49<13:45, 202.52it/s]
ROP:  22%|██▏       | 46494/213608 [03:49<13:44, 202.58it/s]
ROP:  22%|██▏       | 46541/213608 [03:49<13:44, 202.52it/s]
ROP:  22%|██▏       | 46654/213608 [03:49<13:42, 202.92it/s]
ROP:  22%|██▏       | 46767/213608 [03:50<13:43, 202.61it/s]
ROP:  22%|██▏       | 46780/213608 [03:50<13:43, 202.56it/s]
ROP:  22%|██▏       | 46808/213608 [03:51<13:43, 202.58it/s]
ROP:  22%|██▏       | 46836/213608 [03:51<13:43, 202.57it/s]
ROP:  22%|██▏       | 46864/213608 [03:51<13:43, 202.56it/s]
ROP:  22%|██▏       | 46922/213608 [03:51<13:42, 202.72it/s]
ROP:  22%|██▏       | 46980/213608 [03:51<13:41, 202.82it/s]
ROP:  22%|██▏       | 47038/213608 [03:52<13:41, 202.74it/s]
ROP:  22%|██▏       | 47096/213608 [03:52<13:41, 202.61it/s]
ROP:  22%|██▏       | 47154/213608 [03:53<13:43, 202.25it/s]
ROP:  22%|██▏       | 47163/213608 [03:53<13:43, 202.07it/s]
ROP:  22%|██▏       | 47204/213608 [03:53<13:43, 202.15it/s]
ROP:  22%|██▏       | 47245/213608 [03:53<13:43, 201.98it/s]
ROP:  22%|██▏       | 47286/213608 [03:54<13:44, 201.77it/s]
ROP:  22%|██▏       | 47327/213608 [03:54<13:45, 201.53it/s]
ROP:  22%|██▏       | 47368/213608 [03:55<13:46, 201.20it/s]
ROP:  22%|██▏       | 47440/213608 [03:55<13:45, 201.42it/s]
ROP:  22%|██▏       | 47512/213608 [03:55<13:44, 201.53it/s]
ROP:  22%|██▏       | 47584/213608 [03:55<13:42, 201.74it/s]
ROP:  22%|██▏       | 47656/213608 [03:56<13:44, 201.34it/s]
ROP:  22%|██▏       | 47666/213608 [03:56<13:44, 201.28it/s]
ROP:  22%|██▏       | 47676/213608 [03:56<13:44, 201.21it/s]
ROP:  22%|██▏       | 47686/213608 [03:57<13:45, 201.06it/s]
ROP:  22%|██▏       | 47708/213608 [03:57<13:45, 201.01it/s]
ROP:  22%|██▏       | 47730/213608 [03:57<13:45, 200.90it/s]
ROP:  22%|██▏       | 47752/213608 [03:57<13:46, 200.79it/s]
ROP:  22%|██▏       | 47831/213608 [03:57<13:44, 201.02it/s]
ROP:  22%|██▏       | 47910/213608 [03:58<13:45, 200.84it/s]
ROP:  22%|██▏       | 48009/213608 [03:58<13:43, 201.17it/s]
ROP:  23%|██▎       | 48108/213608 [03:58<13:41, 201.37it/s]
ROP:  23%|██▎       | 48207/213608 [03:59<13:40, 201.53it/s]
ROP:  23%|██▎       | 48306/213608 [03:59<13:39, 201.66it/s]
ROP:  23%|██▎       | 48405/213608 [04:00<13:39, 201.64it/s]
ROP:  23%|██▎       | 48425/213608 [04:00<13:39, 201.57it/s]
ROP:  23%|██▎       | 48454/213608 [04:00<13:39, 201.52it/s]
ROP:  23%|██▎       | 48483/213608 [04:00<13:40, 201.21it/s]
ROP:  23%|██▎       | 48514/213608 [04:01<13:40, 201.22it/s]
ROP:  23%|██▎       | 48545/213608 [04:01<13:40, 201.18it/s]
ROP:  23%|██▎       | 48586/213608 [04:01<13:39, 201.25it/s]
ROP:  23%|██▎       | 48627/213608 [04:01<13:39, 201.24it/s]
ROP:  23%|██▎       | 48668/213608 [04:01<13:39, 201.28it/s]
ROP:  23%|██▎       | 48714/213608 [04:01<13:38, 201.38it/s]
ROP:  23%|██▎       | 48768/213608 [04:02<13:38, 201.41it/s]
ROP:  23%|██▎       | 48822/213608 [04:02<13:39, 201.19it/s]
ROP:  23%|██▎       | 48850/213608 [04:02<13:38, 201.18it/s]
ROP:  23%|██▎       | 48878/213608 [04:03<13:39, 201.08it/s]
ROP:  23%|██▎       | 48906/213608 [04:03<13:39, 200.99it/s]
ROP:  23%|██▎       | 48934/213608 [04:03<13:39, 200.90it/s]
ROP:  23%|██▎       | 48969/213608 [04:03<13:39, 200.92it/s]
ROP:  23%|██▎       | 49004/213608 [04:04<13:39, 200.80it/s]
ROP:  23%|██▎       | 49039/213608 [04:04<13:40, 200.68it/s]
ROP:  23%|██▎       | 49074/213608 [04:04<13:40, 200.50it/s]
ROP:  23%|██▎       | 49109/213608 [04:05<13:40, 200.42it/s]
ROP:  23%|██▎       | 49144/213608 [04:05<13:40, 200.41it/s]
ROP:  23%|██▎       | 49179/213608 [04:05<13:41, 200.09it/s]
ROP:  23%|██▎       | 49189/213608 [04:05<13:41, 200.03it/s]
ROP:  23%|██▎       | 49257/213608 [04:06<13:41, 200.17it/s]
ROP:  23%|██▎       | 49360/213608 [04:06<13:39, 200.50it/s]
ROP:  23%|██▎       | 49463/213608 [04:06<13:37, 200.69it/s]
ROP:  23%|██▎       | 49566/213608 [04:06<13:36, 200.97it/s]
ROP:  23%|██▎       | 49669/213608 [04:07<13:36, 200.70it/s]
ROP:  23%|██▎       | 49686/213608 [04:07<13:36, 200.65it/s]
ROP:  23%|██▎       | 49703/213608 [04:07<13:37, 200.57it/s]
ROP:  23%|██▎       | 49780/213608 [04:07<13:35, 200.80it/s]
ROP:  23%|██▎       | 49857/213608 [04:08<13:35, 200.85it/s]
ROP:  23%|██▎       | 49972/213608 [04:08<13:33, 201.21it/s]
ROP:  23%|██▎       | 50087/213608 [04:08<13:31, 201.58it/s]
ROP:  24%|██▎       | 50202/213608 [04:09<13:31, 201.30it/s]
ROP:  24%|██▎       | 50236/213608 [04:09<13:31, 201.32it/s]
ROP:  24%|██▎       | 50270/213608 [04:09<13:32, 201.11it/s]
ROP:  24%|██▎       | 50304/213608 [04:10<13:33, 200.72it/s]
ROP:  24%|██▎       | 50340/213608 [04:10<13:33, 200.74it/s]
ROP:  24%|██▎       | 50376/213608 [04:10<13:33, 200.71it/s]
ROP:  24%|██▎       | 50412/213608 [04:11<13:33, 200.68it/s]
ROP:  24%|██▎       | 50448/213608 [04:11<13:33, 200.63it/s]
ROP:  24%|██▎       | 50527/213608 [04:11<13:31, 200.86it/s]
ROP:  24%|██▎       | 50606/213608 [04:11<13:31, 200.98it/s]
ROP:  24%|██▎       | 50685/213608 [04:12<13:30, 200.94it/s]
ROP:  24%|██▍       | 50764/213608 [04:12<13:29, 201.10it/s]
ROP:  24%|██▍       | 50843/213608 [04:13<13:32, 200.35it/s]
ROP:  24%|██▍       | 50947/213608 [04:13<13:30, 200.67it/s]
ROP:  24%|██▍       | 51051/213608 [04:14<13:30, 200.57it/s]
ROP:  24%|██▍       | 51067/213608 [04:14<13:30, 200.49it/s]
ROP:  24%|██▍       | 51083/213608 [04:15<13:31, 200.28it/s]
ROP:  24%|██▍       | 51099/213608 [04:15<13:31, 200.25it/s]
ROP:  24%|██▍       | 51115/213608 [04:15<13:31, 200.13it/s]
ROP:  24%|██▍       | 51131/213608 [04:15<13:32, 199.91it/s]
ROP:  24%|██▍       | 51166/213608 [04:15<13:32, 199.96it/s]
ROP:  24%|██▍       | 51201/213608 [04:16<13:33, 199.72it/s]
ROP:  24%|██▍       | 51236/213608 [04:16<13:33, 199.58it/s]
ROP:  24%|██▍       | 51271/213608 [04:16<13:33, 199.51it/s]
ROP:  24%|██▍       | 51306/213608 [04:17<13:34, 199.35it/s]
ROP:  24%|██▍       | 51344/213608 [04:17<13:33, 199.41it/s]
ROP:  24%|██▍       | 51382/213608 [04:17<13:33, 199.41it/s]
ROP:  24%|██▍       | 51420/213608 [04:17<13:33, 199.40it/s]
ROP:  24%|██▍       | 51470/213608 [04:17<13:32, 199.50it/s]
ROP:  24%|██▍       | 51520/213608 [04:18<13:33, 199.37it/s]
ROP:  24%|██▍       | 51570/213608 [04:18<13:33, 199.26it/s]
ROP:  24%|██▍       | 51620/213608 [04:19<13:32, 199.28it/s]
ROP:  24%|██▍       | 51670/213608 [04:19<13:32, 199.19it/s]
ROP:  24%|██▍       | 51720/213608 [04:19<13:33, 199.03it/s]
ROP:  24%|██▍       | 51770/213608 [04:20<13:33, 198.87it/s]
ROP:  24%|██▍       | 51820/213608 [04:20<13:34, 198.67it/s]
ROP:  24%|██▍       | 51912/213608 [04:20<13:32, 198.93it/s]
ROP:  24%|██▍       | 52004/213608 [04:22<13:36, 198.00it/s]
ROP:  24%|██▍       | 52013/213608 [04:22<13:36, 197.92it/s]
ROP:  24%|██▍       | 52022/213608 [04:23<13:37, 197.75it/s]
ROP:  24%|██▍       | 52150/213608 [04:23<13:34, 198.12it/s]
ROP:  24%|██▍       | 52278/213608 [04:23<13:32, 198.49it/s]
ROP:  25%|██▍       | 52406/213608 [04:23<13:31, 198.70it/s]
ROP:  25%|██▍       | 52534/213608 [04:24<13:31, 198.42it/s]
ROP:  25%|██▍       | 52547/213608 [04:24<13:32, 198.35it/s]
ROP:  25%|██▍       | 52560/213608 [04:25<13:32, 198.30it/s]
ROP:  25%|██▍       | 52584/213608 [04:25<13:32, 198.28it/s]
ROP:  25%|██▍       | 52608/213608 [04:25<13:33, 197.97it/s]
ROP:  25%|██▍       | 52681/213608 [04:25<13:32, 198.15it/s]
ROP:  25%|██▍       | 52754/213608 [04:26<13:33, 197.65it/s]
ROP:  25%|██▍       | 52780/213608 [04:27<13:33, 197.66it/s]
ROP:  25%|██▍       | 52818/213608 [04:27<13:33, 197.69it/s]
ROP:  25%|██▍       | 52856/213608 [04:27<13:33, 197.71it/s]
ROP:  25%|██▍       | 52894/213608 [04:28<13:34, 197.26it/s]
ROP:  25%|██▍       | 52901/213608 [04:28<13:35, 197.14it/s]
ROP:  25%|██▍       | 52917/213608 [04:28<13:35, 197.12it/s]
ROP:  25%|██▍       | 52939/213608 [04:28<13:35, 197.12it/s]
ROP:  25%|██▍       | 52996/213608 [04:28<13:34, 197.23it/s]
ROP:  25%|██▍       | 53053/213608 [04:28<13:34, 197.23it/s]
ROP:  25%|██▍       | 53183/213608 [04:29<13:31, 197.64it/s]
ROP:  25%|██▍       | 53313/213608 [04:29<13:30, 197.86it/s]
ROP:  25%|██▌       | 53443/213608 [04:29<13:28, 198.18it/s]
ROP:  25%|██▌       | 53573/213608 [04:30<13:28, 197.93it/s]
ROP:  25%|██▌       | 53597/213608 [04:30<13:28, 197.94it/s]
ROP:  25%|██▌       | 53621/213608 [04:31<13:28, 197.82it/s]
ROP:  25%|██▌       | 53645/213608 [04:31<13:28, 197.82it/s]
ROP:  25%|██▌       | 53669/213608 [04:31<13:29, 197.70it/s]
ROP:  25%|██▌       | 53693/213608 [04:31<13:29, 197.63it/s]
ROP:  25%|██▌       | 53717/213608 [04:32<13:29, 197.49it/s]
ROP:  25%|██▌       | 53741/213608 [04:32<13:29, 197.43it/s]
ROP:  25%|██▌       | 53765/213608 [04:32<13:29, 197.43it/s]
ROP:  25%|██▌       | 53789/213608 [04:32<13:29, 197.43it/s]
ROP:  25%|██▌       | 53813/213608 [04:32<13:29, 197.42it/s]
ROP:  25%|██▌       | 53864/213608 [04:32<13:28, 197.53it/s]
ROP:  25%|██▌       | 53932/213608 [04:32<13:27, 197.70it/s]
ROP:  25%|██▌       | 54000/213608 [04:34<13:30, 197.03it/s]
ROP:  25%|██▌       | 54006/213608 [04:34<13:30, 196.97it/s]
ROP:  25%|██▌       | 54012/213608 [04:34<13:31, 196.76it/s]
ROP:  25%|██▌       | 54021/213608 [04:34<13:31, 196.70it/s]
ROP:  25%|██▌       | 54030/213608 [04:34<13:31, 196.64it/s]
ROP:  25%|██▌       | 54039/213608 [04:35<13:32, 196.40it/s]
ROP:  25%|██▌       | 54048/213608 [04:35<13:32, 196.33it/s]
ROP:  25%|██▌       | 54057/213608 [04:35<13:33, 196.23it/s]
ROP:  25%|██▌       | 54066/213608 [04:35<13:33, 196.10it/s]
ROP:  25%|██▌       | 54080/213608 [04:35<13:33, 196.05it/s]
ROP:  25%|██▌       | 54094/213608 [04:36<13:34, 195.91it/s]
ROP:  25%|██▌       | 54108/213608 [04:36<13:34, 195.73it/s]
ROP:  25%|██▌       | 54122/213608 [04:36<13:35, 195.61it/s]
ROP:  25%|██▌       | 54136/213608 [04:36<13:35, 195.50it/s]
ROP:  25%|██▌       | 54150/213608 [04:37<13:36, 195.39it/s]
ROP:  25%|██▌       | 54167/213608 [04:37<13:36, 195.33it/s]
ROP:  25%|██▌       | 54184/213608 [04:37<13:36, 195.14it/s]
ROP:  25%|██▌       | 54201/213608 [04:37<13:37, 195.07it/s]
ROP:  25%|██▌       | 54228/213608 [04:37<13:37, 195.07it/s]
ROP:  25%|██▌       | 54298/213608 [04:38<13:36, 195.21it/s]
ROP:  25%|██▌       | 54368/213608 [04:38<13:35, 195.35it/s]
ROP:  25%|██▌       | 54438/213608 [04:38<13:34, 195.50it/s]
ROP:  26%|██▌       | 54508/213608 [04:38<13:33, 195.63it/s]
ROP:  26%|██▌       | 54578/213608 [04:39<13:32, 195.61it/s]
ROP:  26%|██▌       | 54672/213608 [04:39<13:31, 195.84it/s]
ROP:  26%|██▌       | 54796/213608 [04:39<13:29, 196.21it/s]
ROP:  26%|██▌       | 54920/213608 [04:39<13:28, 196.37it/s]
ROP:  26%|██▌       | 55044/213608 [04:40<13:26, 196.55it/s]
ROP:  26%|██▌       | 55168/213608 [04:40<13:25, 196.78it/s]
ROP:  26%|██▌       | 55292/213608 [04:40<13:23, 197.01it/s]
ROP:  26%|██▌       | 55416/213608 [04:41<13:22, 197.18it/s]
ROP:  26%|██▌       | 55540/213608 [04:41<13:21, 197.26it/s]
ROP:  26%|██▌       | 55564/213608 [04:41<13:21, 197.27it/s]
ROP:  26%|██▌       | 55588/213608 [04:41<13:21, 197.24it/s]
ROP:  26%|██▌       | 55730/213608 [04:41<13:18, 197.66it/s]
ROP:  26%|██▌       | 55872/213608 [04:42<13:17, 197.90it/s]
ROP:  26%|██▌       | 56014/213608 [04:42<13:14, 198.28it/s]
ROP:  26%|██▋       | 56156/213608 [04:43<13:14, 198.17it/s]
ROP:  26%|██▋       | 56192/213608 [04:43<13:14, 198.19it/s]
ROP:  26%|██▋       | 56228/213608 [04:43<13:13, 198.21it/s]
ROP:  26%|██▋       | 56264/213608 [04:43<13:14, 198.16it/s]
ROP:  26%|██▋       | 56343/213608 [04:44<13:12, 198.35it/s]
ROP:  26%|██▋       | 56422/213608 [04:44<13:11, 198.54it/s]
ROP:  26%|██▋       | 56501/213608 [04:44<13:10, 198.67it/s]
ROP:  26%|██▋       | 56580/213608 [04:44<13:10, 198.69it/s]
ROP:  27%|██▋       | 56659/213608 [04:44<13:09, 198.88it/s]
ROP:  27%|██▋       | 56743/213608 [04:45<13:07, 199.09it/s]
ROP:  27%|██▋       | 56827/213608 [04:45<13:07, 199.10it/s]
ROP:  27%|██▋       | 56911/213608 [04:45<13:06, 199.29it/s]
ROP:  27%|██▋       | 56995/213608 [04:45<13:04, 199.52it/s]
ROP:  27%|██▋       | 57079/213608 [04:46<13:05, 199.36it/s]
ROP:  27%|██▋       | 57115/213608 [04:46<13:04, 199.37it/s]
ROP:  27%|██▋       | 57151/213608 [04:46<13:05, 199.27it/s]
ROP:  27%|██▋       | 57187/213608 [04:47<13:05, 199.06it/s]
ROP:  27%|██▋       | 57225/213608 [04:47<13:05, 199.12it/s]
ROP:  27%|██▋       | 57308/213608 [04:47<13:04, 199.33it/s]
ROP:  27%|██▋       | 57391/213608 [04:47<13:03, 199.35it/s]
ROP:  27%|██▋       | 57474/213608 [04:48<13:03, 199.24it/s]
ROP:  27%|██▋       | 57490/213608 [04:48<13:03, 199.18it/s]
ROP:  27%|██▋       | 57506/213608 [04:49<13:05, 198.78it/s]
ROP:  27%|██▋       | 57509/213608 [04:49<13:05, 198.68it/s]
ROP:  27%|██▋       | 57518/213608 [04:49<13:06, 198.58it/s]
ROP:  27%|██▋       | 57531/213608 [04:49<13:06, 198.54it/s]
ROP:  27%|██▋       | 57559/213608 [04:49<13:06, 198.53it/s]
ROP:  27%|██▋       | 57587/213608 [04:50<13:06, 198.49it/s]
ROP:  27%|██▋       | 57615/213608 [04:50<13:05, 198.50it/s]
ROP:  27%|██▋       | 57705/213608 [04:50<13:04, 198.70it/s]
ROP:  27%|██▋       | 57795/213608 [04:51<13:04, 198.54it/s]
ROP:  27%|██▋       | 57809/213608 [04:51<13:05, 198.34it/s]
ROP:  27%|██▋       | 57860/213608 [04:51<13:05, 198.40it/s]
ROP:  27%|██▋       | 57911/213608 [04:52<13:05, 198.09it/s]
ROP:  27%|██▋       | 57949/213608 [04:52<13:05, 198.08it/s]
ROP:  27%|██▋       | 57990/213608 [04:52<13:05, 198.13it/s]
ROP:  27%|██▋       | 58038/213608 [04:52<13:05, 198.17it/s]
ROP:  27%|██▋       | 58102/213608 [04:52<13:04, 198.32it/s]
ROP:  27%|██▋       | 58166/213608 [04:53<13:03, 198.29it/s]
ROP:  27%|██▋       | 58230/213608 [04:53<13:03, 198.44it/s]
ROP:  27%|██▋       | 58294/213608 [04:53<13:02, 198.47it/s]
ROP:  27%|██▋       | 58360/213608 [04:53<13:01, 198.60it/s]
ROP:  27%|██▋       | 58426/213608 [04:54<13:01, 198.52it/s]
ROP:  27%|██▋       | 58492/213608 [04:54<13:01, 198.40it/s]
ROP:  27%|██▋       | 58590/213608 [04:54<13:00, 198.63it/s]
ROP:  27%|██▋       | 58688/213608 [04:55<13:00, 198.60it/s]
ROP:  27%|██▋       | 58707/213608 [04:55<13:00, 198.48it/s]
ROP:  27%|██▋       | 58726/213608 [04:56<13:00, 198.37it/s]
ROP:  28%|██▊       | 58745/213608 [04:56<13:01, 198.19it/s]
ROP:  28%|██▊       | 58785/213608 [04:56<13:00, 198.24it/s]
ROP:  28%|██▊       | 58825/213608 [04:56<13:01, 198.14it/s]
ROP:  28%|██▊       | 58865/213608 [04:57<13:01, 197.97it/s]
ROP:  28%|██▊       | 58905/213608 [04:57<13:01, 197.97it/s]
ROP:  28%|██▊       | 58959/213608 [04:57<13:00, 198.08it/s]
ROP:  28%|██▊       | 59013/213608 [04:57<13:00, 198.13it/s]
ROP:  28%|██▊       | 59073/213608 [04:57<12:59, 198.24it/s]
ROP:  28%|██▊       | 59133/213608 [04:58<13:00, 198.04it/s]
ROP:  28%|██▊       | 59144/213608 [04:58<13:00, 197.98it/s]
ROP:  28%|██▊       | 59159/213608 [04:58<13:00, 197.94it/s]
ROP:  28%|██▊       | 59174/213608 [04:59<13:00, 197.87it/s]
ROP:  28%|██▊       | 59189/213608 [04:59<13:00, 197.80it/s]
ROP:  28%|██▊       | 59204/213608 [04:59<13:00, 197.76it/s]
ROP:  28%|██▊       | 59219/213608 [04:59<13:01, 197.64it/s]
ROP:  28%|██▊       | 59234/213608 [04:59<13:01, 197.57it/s]
ROP:  28%|██▊       | 59249/213608 [05:00<13:01, 197.48it/s]
ROP:  28%|██▊       | 59264/213608 [05:00<13:01, 197.46it/s]
ROP:  28%|██▊       | 59279/213608 [05:00<13:01, 197.44it/s]
ROP:  28%|██▊       | 59294/213608 [05:00<13:01, 197.39it/s]
ROP:  28%|██▊       | 59310/213608 [05:00<13:02, 197.31it/s]
ROP:  28%|██▊       | 59326/213608 [05:00<13:02, 197.25it/s]
ROP:  28%|██▊       | 59342/213608 [05:00<13:02, 197.20it/s]
ROP:  28%|██▊       | 59358/213608 [05:01<13:02, 197.07it/s]
ROP:  28%|██▊       | 59374/213608 [05:01<13:03, 196.93it/s]
ROP:  28%|██▊       | 59390/213608 [05:01<13:03, 196.87it/s]
ROP:  28%|██▊       | 59408/213608 [05:01<13:03, 196.86it/s]
ROP:  28%|██▊       | 59426/213608 [05:01<13:03, 196.78it/s]
ROP:  28%|██▊       | 59444/213608 [05:02<13:03, 196.65it/s]
ROP:  28%|██▊       | 59462/213608 [05:02<13:04, 196.58it/s]
ROP:  28%|██▊       | 59480/213608 [05:02<13:04, 196.41it/s]
ROP:  28%|██▊       | 59510/213608 [05:03<13:04, 196.40it/s]
ROP:  28%|██▊       | 59540/213608 [05:03<13:04, 196.29it/s]
ROP:  28%|██▊       | 59570/213608 [05:03<13:04, 196.29it/s]
ROP:  28%|██▊       | 59600/213608 [05:03<13:04, 196.32it/s]
ROP:  28%|██▊       | 59687/213608 [05:03<13:03, 196.53it/s]
ROP:  28%|██▊       | 59774/213608 [05:04<13:02, 196.48it/s]
ROP:  28%|██▊       | 59857/213608 [05:04<13:01, 196.66it/s]
ROP:  28%|██▊       | 59940/213608 [05:04<13:01, 196.71it/s]
ROP:  28%|██▊       | 60023/213608 [05:05<13:01, 196.61it/s]
ROP:  28%|██▊       | 60038/213608 [05:05<13:01, 196.54it/s]
ROP:  28%|██▊       | 60054/213608 [05:05<13:01, 196.53it/s]
ROP:  28%|██▊       | 60083/213608 [05:05<13:01, 196.55it/s]
ROP:  28%|██▊       | 60177/213608 [05:05<12:59, 196.79it/s]
ROP:  28%|██▊       | 60271/213608 [05:05<12:58, 196.98it/s]
ROP:  28%|██▊       | 60408/213608 [05:06<12:56, 197.34it/s]
ROP:  28%|██▊       | 60545/213608 [05:06<12:55, 197.44it/s]
ROP:  28%|██▊       | 60571/213608 [05:06<12:55, 197.38it/s]
ROP:  28%|██▊       | 60597/213608 [05:07<12:55, 197.34it/s]
ROP:  28%|██▊       | 60675/213608 [05:07<12:54, 197.50it/s]
ROP:  28%|██▊       | 60753/213608 [05:08<12:55, 197.11it/s]
ROP:  28%|██▊       | 60775/213608 [05:08<12:55, 197.08it/s]
ROP:  28%|██▊       | 60797/213608 [05:08<12:55, 196.95it/s]
ROP:  28%|██▊       | 60833/213608 [05:08<12:55, 197.01it/s]
ROP:  28%|██▊       | 60869/213608 [05:09<12:55, 196.98it/s]
ROP:  29%|██▊       | 60949/213608 [05:09<12:54, 197.15it/s]
ROP:  29%|██▊       | 60949/213608 [05:10<12:56, 196.60it/s]
ROP:  29%|██▊       | 61022/213608 [05:10<12:55, 196.80it/s]
ROP:  29%|██▊       | 61030/213608 [05:10<12:55, 196.72it/s]
ROP:  29%|██▊       | 61042/213608 [05:10<12:55, 196.64it/s]
ROP:  29%|██▊       | 61054/213608 [05:10<12:56, 196.46it/s]
ROP:  29%|██▊       | 61066/213608 [05:11<12:57, 196.28it/s]
ROP:  29%|██▊       | 61078/213608 [05:11<12:58, 196.04it/s]
ROP:  29%|██▊       | 61090/213608 [05:12<12:58, 195.79it/s]
ROP:  29%|██▊       | 61102/213608 [05:12<12:59, 195.65it/s]
ROP:  29%|██▊       | 61114/213608 [05:12<13:00, 195.49it/s]
ROP:  29%|██▊       | 61126/213608 [05:12<13:00, 195.38it/s]
ROP:  29%|██▊       | 61138/213608 [05:13<13:01, 195.22it/s]
ROP:  29%|██▊       | 61150/213608 [05:13<13:01, 195.00it/s]
ROP:  29%|██▊       | 61162/213608 [05:13<13:02, 194.86it/s]
ROP:  29%|██▊       | 61174/213608 [05:14<13:03, 194.67it/s]
ROP:  29%|██▊       | 61186/213608 [05:14<13:03, 194.51it/s]
ROP:  29%|██▊       | 61198/213608 [05:14<13:04, 194.34it/s]
ROP:  29%|██▊       | 61210/213608 [05:15<13:04, 194.21it/s]
ROP:  29%|██▊       | 61222/213608 [05:15<13:05, 193.93it/s]
ROP:  29%|██▊       | 61225/213608 [05:15<13:06, 193.79it/s]
ROP:  29%|██▊       | 61228/213608 [05:16<13:06, 193.69it/s]
ROP:  29%|██▊       | 61235/213608 [05:16<13:07, 193.60it/s]
ROP:  29%|██▊       | 61242/213608 [05:16<13:07, 193.47it/s]
ROP:  29%|██▊       | 61249/213608 [05:16<13:07, 193.39it/s]
ROP:  29%|██▊       | 61256/213608 [05:17<13:08, 193.22it/s]
ROP:  29%|██▊       | 61263/213608 [05:17<13:08, 193.10it/s]
ROP:  29%|██▊       | 61275/213608 [05:17<13:09, 193.03it/s]
ROP:  29%|██▊       | 61287/213608 [05:17<13:09, 192.91it/s]
ROP:  29%|██▊       | 61299/213608 [05:17<13:10, 192.79it/s]
ROP:  29%|██▊       | 61311/213608 [05:18<13:11, 192.47it/s]
ROP:  29%|██▉       | 61430/213608 [05:18<13:09, 192.79it/s]
ROP:  29%|██▉       | 61549/213608 [05:19<13:08, 192.81it/s]
ROP:  29%|██▉       | 61581/213608 [05:19<13:08, 192.85it/s]
ROP:  29%|██▉       | 61613/213608 [05:19<13:08, 192.81it/s]
ROP:  29%|██▉       | 61645/213608 [05:19<13:07, 192.85it/s]
ROP:  29%|██▉       | 61699/213608 [05:19<13:07, 192.95it/s]
ROP:  29%|██▉       | 61753/213608 [05:19<13:06, 193.01it/s]
ROP:  29%|██▉       | 61807/213608 [05:20<13:06, 193.12it/s]
ROP:  29%|██▉       | 61867/213608 [05:20<13:05, 193.23it/s]
ROP:  29%|██▉       | 61927/213608 [05:20<13:05, 193.10it/s]
ROP:  29%|██▉       | 61975/213608 [05:20<13:04, 193.17it/s]
ROP:  29%|██▉       | 62023/213608 [05:21<13:05, 193.04it/s]
ROP:  29%|██▉       | 62071/213608 [05:21<13:04, 193.04it/s]
ROP:  29%|██▉       | 62119/213608 [05:21<13:04, 193.12it/s]
ROP:  29%|██▉       | 62236/213608 [05:21<13:02, 193.43it/s]
ROP:  29%|██▉       | 62353/213608 [05:21<13:00, 193.71it/s]
ROP:  29%|██▉       | 62470/213608 [05:22<12:59, 193.82it/s]
ROP:  29%|██▉       | 62587/213608 [05:22<12:58, 194.09it/s]
ROP:  29%|██▉       | 62704/213608 [05:22<12:56, 194.28it/s]
ROP:  29%|██▉       | 62821/213608 [05:23<12:55, 194.48it/s]
ROP:  29%|██▉       | 62938/213608 [05:23<12:54, 194.65it/s]
ROP:  30%|██▉       | 63055/213608 [05:23<12:53, 194.65it/s]
ROP:  30%|██▉       | 63121/213608 [05:24<12:52, 194.78it/s]
ROP:  30%|██▉       | 63187/213608 [05:24<12:52, 194.67it/s]
ROP:  30%|██▉       | 63202/213608 [05:24<12:52, 194.65it/s]
ROP:  30%|██▉       | 63217/213608 [05:25<12:53, 194.46it/s]
ROP:  30%|██▉       | 63232/213608 [05:25<12:54, 194.27it/s]
ROP:  30%|██▉       | 63247/213608 [05:25<12:54, 194.06it/s]
ROP:  30%|██▉       | 63262/213608 [05:26<12:54, 194.03it/s]
ROP:  30%|██▉       | 63281/213608 [05:26<12:54, 194.02it/s]
ROP:  30%|██▉       | 63300/213608 [05:26<12:54, 193.97it/s]
ROP:  30%|██▉       | 63320/213608 [05:26<12:54, 193.95it/s]
ROP:  30%|██▉       | 63357/213608 [05:26<12:54, 193.99it/s]
ROP:  30%|██▉       | 63394/213608 [05:27<12:56, 193.41it/s]
ROP:  30%|██▉       | 63398/213608 [05:27<12:56, 193.35it/s]
ROP:  30%|██▉       | 63423/213608 [05:28<12:56, 193.35it/s]
ROP:  30%|██▉       | 63448/213608 [05:28<12:57, 193.22it/s]
ROP:  30%|██▉       | 63511/213608 [05:28<12:56, 193.35it/s]
ROP:  30%|██▉       | 63574/213608 [05:28<12:55, 193.43it/s]
ROP:  30%|██▉       | 63637/213608 [05:29<12:56, 193.24it/s]
ROP:  30%|██▉       | 63647/213608 [05:29<12:56, 193.18it/s]
ROP:  30%|██▉       | 63667/213608 [05:29<12:56, 193.16it/s]
ROP:  30%|██▉       | 63687/213608 [05:29<12:56, 193.05it/s]
ROP:  30%|██▉       | 63731/213608 [05:30<12:56, 193.12it/s]
ROP:  30%|██▉       | 63775/213608 [05:30<12:55, 193.17it/s]
ROP:  30%|██▉       | 63819/213608 [05:30<12:55, 193.21it/s]
ROP:  30%|██▉       | 63863/213608 [05:30<12:55, 193.17it/s]
ROP:  30%|██▉       | 63907/213608 [05:31<12:56, 192.70it/s]
ROP:  30%|██▉       | 63912/213608 [05:31<12:57, 192.61it/s]
ROP:  30%|██▉       | 63922/213608 [05:31<12:57, 192.56it/s]
ROP:  30%|██▉       | 63932/213608 [05:32<12:57, 192.45it/s]
ROP:  30%|██▉       | 63942/213608 [05:32<12:58, 192.24it/s]
ROP:  30%|██▉       | 63952/213608 [05:32<12:58, 192.21it/s]
ROP:  30%|██▉       | 63972/213608 [05:32<12:58, 192.20it/s]
ROP:  30%|██▉       | 64014/213608 [05:32<12:58, 192.27it/s]
ROP:  30%|██▉       | 64056/213608 [05:33<12:57, 192.23it/s]
ROP:  30%|███       | 64106/213608 [05:33<12:57, 192.31it/s]
ROP:  30%|███       | 64156/213608 [05:34<12:58, 192.03it/s]
ROP:  30%|███       | 64166/213608 [05:34<12:58, 191.97it/s]
ROP:  30%|███       | 64176/213608 [05:34<12:58, 191.88it/s]
ROP:  30%|███       | 64186/213608 [05:34<12:59, 191.80it/s]
ROP:  30%|███       | 64204/213608 [05:34<12:59, 191.78it/s]
ROP:  30%|███       | 64222/213608 [05:34<12:59, 191.71it/s]
ROP:  30%|███       | 64240/213608 [05:35<13:00, 191.39it/s]
ROP:  30%|███       | 64243/213608 [05:35<13:00, 191.32it/s]
ROP:  30%|███       | 64269/213608 [05:35<13:00, 191.30it/s]
ROP:  30%|███       | 64308/213608 [05:36<13:00, 191.33it/s]
ROP:  30%|███       | 64347/213608 [05:36<13:01, 191.08it/s]
ROP:  30%|███       | 64358/213608 [05:36<13:01, 191.05it/s]
ROP:  30%|███       | 64369/213608 [05:37<13:01, 190.98it/s]
ROP:  30%|███       | 64380/213608 [05:37<13:01, 190.88it/s]
ROP:  30%|███       | 64391/213608 [05:37<13:02, 190.63it/s]
ROP:  30%|███       | 64419/213608 [05:37<13:02, 190.63it/s]
ROP:  30%|███       | 64447/213608 [05:38<13:03, 190.36it/s]
ROP:  30%|███       | 64458/213608 [05:38<13:03, 190.32it/s]
ROP:  30%|███       | 64594/213608 [05:38<13:01, 190.66it/s]
ROP:  30%|███       | 64730/213608 [05:39<13:00, 190.63it/s]
ROP:  30%|███       | 64816/213608 [05:39<12:59, 190.82it/s]
ROP:  30%|███       | 64902/213608 [05:41<13:02, 190.10it/s]
ROP:  30%|███       | 64911/213608 [05:41<13:02, 190.07it/s]
ROP:  30%|███       | 64920/213608 [05:41<13:02, 189.97it/s]
ROP:  30%|███       | 64929/213608 [05:42<13:03, 189.82it/s]
ROP:  30%|███       | 64938/213608 [05:42<13:03, 189.68it/s]
ROP:  30%|███       | 64947/213608 [05:42<13:03, 189.62it/s]
ROP:  30%|███       | 64956/213608 [05:42<13:04, 189.50it/s]
ROP:  30%|███       | 64965/213608 [05:42<13:04, 189.44it/s]
ROP:  30%|███       | 64974/213608 [05:43<13:04, 189.38it/s]
ROP:  30%|███       | 64983/213608 [05:43<13:05, 189.29it/s]
ROP:  30%|███       | 64992/213608 [05:43<13:05, 189.24it/s]
ROP:  30%|███       | 65001/213608 [05:43<13:05, 189.18it/s]
ROP:  30%|███       | 65010/213608 [05:43<13:06, 189.05it/s]
ROP:  30%|███       | 65019/213608 [05:44<13:06, 188.97it/s]
ROP:  30%|███       | 65028/213608 [05:44<13:06, 188.87it/s]
ROP:  30%|███       | 65037/213608 [05:44<13:07, 188.78it/s]
ROP:  30%|███       | 65046/213608 [05:44<13:07, 188.72it/s]
ROP:  30%|███       | 65055/213608 [05:44<13:07, 188.63it/s]
ROP:  30%|███       | 65064/213608 [05:45<13:07, 188.57it/s]
ROP:  30%|███       | 65074/213608 [05:45<13:07, 188.52it/s]
ROP:  30%|███       | 65084/213608 [05:45<13:08, 188.43it/s]
ROP:  30%|███       | 65094/213608 [05:45<13:08, 188.37it/s]
ROP:  30%|███       | 65104/213608 [05:45<13:08, 188.30it/s]
ROP:  30%|███       | 65114/213608 [05:45<13:08, 188.24it/s]
ROP:  30%|███       | 65124/213608 [05:46<13:09, 188.13it/s]
ROP:  30%|███       | 65134/213608 [05:46<13:09, 188.06it/s]
ROP:  30%|███       | 65144/213608 [05:46<13:09, 188.01it/s]
ROP:  31%|███       | 65154/213608 [05:46<13:09, 187.92it/s]
ROP:  31%|███       | 65164/213608 [05:46<13:10, 187.85it/s]
ROP:  31%|███       | 65174/213608 [05:47<13:10, 187.78it/s]
ROP:  31%|███       | 65184/213608 [05:47<13:10, 187.72it/s]
ROP:  31%|███       | 65194/213608 [05:47<13:11, 187.61it/s]
ROP:  31%|███       | 65204/213608 [05:47<13:11, 187.55it/s]
ROP:  31%|███       | 65214/213608 [05:47<13:11, 187.51it/s]
ROP:  31%|███       | 65224/213608 [05:47<13:11, 187.43it/s]
ROP:  31%|███       | 65234/213608 [05:48<13:11, 187.35it/s]
ROP:  31%|███       | 65244/213608 [05:48<13:12, 187.30it/s]
ROP:  31%|███       | 65254/213608 [05:48<13:12, 187.24it/s]
ROP:  31%|███       | 65264/213608 [05:48<13:12, 187.15it/s]
ROP:  31%|███       | 65274/213608 [05:48<13:12, 187.10it/s]
ROP:  31%|███       | 65295/213608 [05:48<13:12, 187.10it/s]
ROP:  31%|███       | 65316/213608 [05:49<13:12, 187.10it/s]
ROP:  31%|███       | 65429/213608 [05:49<13:10, 187.37it/s]
ROP:  31%|███       | 65542/213608 [05:49<13:09, 187.61it/s]
ROP:  31%|███       | 65655/213608 [05:49<13:07, 187.83it/s]
ROP:  31%|███       | 65768/213608 [05:49<13:06, 187.98it/s]
ROP:  31%|███       | 65881/213608 [05:50<13:05, 188.07it/s]
ROP:  31%|███       | 65994/213608 [05:51<13:06, 187.73it/s]
ROP:  31%|███       | 66007/213608 [05:51<13:06, 187.71it/s]
ROP:  31%|███       | 66020/213608 [05:51<13:06, 187.60it/s]
ROP:  31%|███       | 66033/213608 [05:52<13:07, 187.46it/s]
ROP:  31%|███       | 66046/213608 [05:52<13:07, 187.39it/s]
ROP:  31%|███       | 66059/213608 [05:52<13:07, 187.35it/s]
ROP:  31%|███       | 66072/213608 [05:52<13:07, 187.26it/s]
ROP:  31%|███       | 66085/213608 [05:52<13:07, 187.21it/s]
ROP:  31%|███       | 66098/213608 [05:53<13:08, 187.17it/s]
ROP:  31%|███       | 66111/213608 [05:53<13:08, 187.01it/s]
ROP:  31%|███       | 66124/213608 [05:53<13:09, 186.91it/s]
ROP:  31%|███       | 66137/213608 [05:54<13:09, 186.81it/s]
ROP:  31%|███       | 66150/213608 [05:54<13:09, 186.75it/s]
ROP:  31%|███       | 66163/213608 [05:54<13:09, 186.70it/s]
ROP:  31%|███       | 66176/213608 [05:54<13:09, 186.63it/s]
ROP:  31%|███       | 66189/213608 [05:54<13:09, 186.61it/s]
ROP:  31%|███       | 66202/213608 [05:54<13:10, 186.56it/s]
ROP:  31%|███       | 66215/213608 [05:54<13:10, 186.54it/s]
ROP:  31%|███       | 66228/213608 [05:55<13:10, 186.47it/s]
ROP:  31%|███       | 66241/213608 [05:55<13:10, 186.44it/s]
ROP:  31%|███       | 66254/213608 [05:55<13:10, 186.38it/s]
ROP:  31%|███       | 66267/213608 [05:55<13:10, 186.32it/s]
ROP:  31%|███       | 66280/213608 [05:55<13:10, 186.27it/s]
ROP:  31%|███       | 66293/213608 [05:56<13:11, 186.21it/s]
ROP:  31%|███       | 66306/213608 [05:56<13:11, 186.16it/s]
ROP:  31%|███       | 66319/213608 [05:56<13:11, 186.12it/s]
ROP:  31%|███       | 66332/213608 [05:56<13:11, 186.04it/s]
ROP:  31%|███       | 66345/213608 [05:56<13:11, 186.01it/s]
ROP:  31%|███       | 66358/213608 [05:56<13:11, 185.98it/s]
ROP:  31%|███       | 66371/213608 [05:56<13:11, 185.94it/s]
ROP:  31%|███       | 66384/213608 [05:57<13:11, 185.91it/s]
ROP:  31%|███       | 66397/213608 [05:57<13:12, 185.86it/s]
ROP:  31%|███       | 66410/213608 [05:57<13:12, 185.82it/s]
ROP:  31%|███       | 66423/213608 [05:57<13:12, 185.66it/s]
ROP:  31%|███       | 66436/213608 [05:58<13:13, 185.57it/s]
ROP:  31%|███       | 66449/213608 [05:58<13:13, 185.47it/s]
ROP:  31%|███       | 66462/213608 [05:58<13:13, 185.36it/s]
ROP:  31%|███       | 66475/213608 [05:58<13:14, 185.27it/s]
ROP:  31%|███       | 66488/213608 [05:59<13:14, 185.20it/s]
ROP:  31%|███       | 66501/213608 [05:59<13:14, 185.15it/s]
ROP:  31%|███       | 66514/213608 [05:59<13:14, 185.07it/s]
ROP:  31%|███       | 66527/213608 [05:59<13:15, 184.99it/s]
ROP:  31%|███       | 66540/213608 [05:59<13:15, 184.89it/s]
ROP:  31%|███       | 66553/213608 [06:00<13:15, 184.83it/s]
ROP:  31%|███       | 66566/213608 [06:00<13:15, 184.79it/s]
ROP:  31%|███       | 66579/213608 [06:00<13:15, 184.73it/s]
ROP:  31%|███       | 66592/213608 [06:00<13:16, 184.65it/s]
ROP:  31%|███       | 66605/213608 [06:01<13:16, 184.46it/s]
ROP:  31%|███       | 66618/213608 [06:01<13:17, 184.34it/s]
ROP:  31%|███       | 66631/213608 [06:01<13:17, 184.23it/s]
ROP:  31%|███       | 66671/213608 [06:01<13:17, 184.29it/s]
ROP:  31%|███       | 66711/213608 [06:02<13:17, 184.22it/s]
ROP:  31%|███       | 66751/213608 [06:02<13:17, 184.19it/s]
ROP:  31%|███▏      | 66867/213608 [06:02<13:15, 184.46it/s]
ROP:  31%|███▏      | 66983/213608 [06:02<13:14, 184.66it/s]
ROP:  31%|███▏      | 67138/213608 [06:02<13:11, 185.03it/s]
ROP:  32%|███▏      | 67293/213608 [06:02<13:09, 185.40it/s]
ROP:  32%|███▏      | 67460/213608 [06:03<13:06, 185.81it/s]
ROP:  32%|███▏      | 67627/213608 [06:03<13:03, 186.21it/s]
ROP:  32%|███▏      | 67794/213608 [06:03<13:01, 186.49it/s]
ROP:  32%|███▏      | 67961/213608 [06:03<12:59, 186.88it/s]
ROP:  32%|███▏      | 68128/213608 [06:03<12:57, 187.23it/s]
ROP:  32%|███▏      | 68295/213608 [06:03<12:54, 187.62it/s]
ROP:  32%|███▏      | 68462/213608 [06:04<12:51, 188.01it/s]
ROP:  32%|███▏      | 68629/213608 [06:04<12:49, 188.41it/s]
ROP:  32%|███▏      | 68796/213608 [06:04<12:47, 188.80it/s]
ROP:  32%|███▏      | 68963/213608 [06:04<12:44, 189.16it/s]
ROP:  32%|███▏      | 69130/213608 [06:05<12:43, 189.23it/s]
ROP:  32%|███▏      | 69164/213608 [06:05<12:43, 189.28it/s]
ROP:  32%|███▏      | 69364/213608 [06:05<12:40, 189.76it/s]
ROP:  33%|███▎      | 69564/213608 [06:09<12:44, 188.36it/s]
ROP:  33%|███▎      | 69579/213608 [06:09<12:44, 188.34it/s]
ROP:  33%|███▎      | 69594/213608 [06:09<12:45, 188.25it/s]
ROP:  33%|███▎      | 69609/213608 [06:09<12:45, 188.18it/s]
ROP:  33%|███▎      | 69624/213608 [06:10<12:45, 188.09it/s]
ROP:  33%|███▎      | 69639/213608 [06:10<12:45, 188.04it/s]
ROP:  33%|███▎      | 69654/213608 [06:10<12:45, 187.98it/s]
ROP:  33%|███▎      | 69669/213608 [06:10<12:46, 187.90it/s]
ROP:  33%|███▎      | 69684/213608 [06:11<12:46, 187.66it/s]
ROP:  33%|███▎      | 69696/213608 [06:11<12:46, 187.63it/s]
ROP:  33%|███▎      | 69708/213608 [06:11<12:47, 187.60it/s]
ROP:  33%|███▎      | 69720/213608 [06:11<12:47, 187.52it/s]
ROP:  33%|███▎      | 69732/213608 [06:11<12:47, 187.49it/s]
ROP:  33%|███▎      | 69744/213608 [06:12<12:47, 187.46it/s]
ROP:  33%|███▎      | 69756/213608 [06:12<12:47, 187.34it/s]
ROP:  33%|███▎      | 69768/213608 [06:12<12:48, 187.28it/s]
ROP:  33%|███▎      | 69781/213608 [06:12<12:48, 187.25it/s]
ROP:  33%|███▎      | 69794/213608 [06:12<12:48, 187.18it/s]
ROP:  33%|███▎      | 69807/213608 [06:13<12:48, 187.03it/s]
ROP:  33%|███▎      | 69820/213608 [06:13<12:49, 186.96it/s]
ROP:  33%|███▎      | 69931/213608 [06:13<12:47, 187.21it/s]
ROP:  33%|███▎      | 70042/213608 [06:14<12:46, 187.25it/s]
ROP:  33%|███▎      | 70225/213608 [06:14<12:43, 187.69it/s]
ROP:  33%|███▎      | 70613/213608 [06:14<12:37, 188.67it/s]
ROP:  33%|███▎      | 71001/213608 [06:14<12:31, 189.66it/s]
ROP:  33%|███▎      | 71389/213608 [06:14<12:25, 190.64it/s]
ROP:  34%|███▎      | 71777/213608 [06:16<12:23, 190.77it/s]
ROP:  34%|███▎      | 71846/213608 [06:16<12:22, 190.89it/s]
ROP:  34%|███▍      | 72119/213608 [06:16<12:18, 191.57it/s]
ROP:  34%|███▍      | 72487/213608 [06:16<12:13, 192.49it/s]
ROP:  34%|███▍      | 72855/213608 [06:17<12:10, 192.76it/s]
ROP:  34%|███▍      | 73061/213608 [06:18<12:07, 193.26it/s]
ROP:  34%|███▍      | 73267/213608 [06:18<12:04, 193.74it/s]
ROP:  34%|███▍      | 73473/213608 [06:18<12:01, 194.23it/s]
ROP:  35%|███▍      | 73714/213608 [06:18<11:58, 194.81it/s]
ROP:  35%|███▍      | 73955/213608 [06:18<11:54, 195.38it/s]
ROP:  35%|███▍      | 74196/213608 [06:18<11:51, 195.95it/s]
ROP:  35%|███▍      | 74437/213608 [06:18<11:48, 196.53it/s]
ROP:  35%|███▍      | 74678/213608 [06:18<11:44, 197.10it/s]
ROP:  35%|███▌      | 74919/213608 [06:19<11:41, 197.66it/s]
ROP:  35%|███▌      | 75160/213608 [06:19<11:38, 198.24it/s]
ROP:  35%|███▌      | 75401/213608 [06:19<11:35, 198.79it/s]
ROP:  35%|███▌      | 75716/213608 [06:19<11:30, 199.57it/s]
ROP:  36%|███▌      | 76049/213608 [06:19<11:26, 200.35it/s]
ROP:  36%|███▌      | 76049/213608 [06:20<11:27, 200.02it/s]
ROP:  36%|███▌      | 76063/213608 [06:20<11:27, 200.03it/s]
ROP:  36%|███▌      | 76067/213608 [06:20<11:27, 199.98it/s]
ROP:  36%|███▌      | 76071/213608 [06:20<11:27, 199.93it/s]
ROP:  36%|███▌      | 76078/213608 [06:20<11:28, 199.88it/s]
ROP:  36%|███▌      | 76085/213608 [06:20<11:28, 199.79it/s]
ROP:  36%|███▌      | 76094/213608 [06:20<11:28, 199.74it/s]
ROP:  36%|███▌      | 76103/213608 [06:21<11:28, 199.70it/s]
ROP:  36%|███▌      | 76112/213608 [06:21<11:28, 199.63it/s]
ROP:  36%|███▌      | 76121/213608 [06:21<11:28, 199.60it/s]
ROP:  36%|███▌      | 76130/213608 [06:21<11:28, 199.54it/s]
ROP:  36%|███▌      | 76139/213608 [06:21<11:29, 199.44it/s]
ROP:  36%|███▌      | 76148/213608 [06:22<11:29, 199.25it/s]
ROP:  36%|███▌      | 76157/213608 [06:22<11:30, 199.19it/s]
ROP:  36%|███▌      | 76166/213608 [06:22<11:30, 199.05it/s]
ROP:  36%|███▌      | 76175/213608 [06:22<11:30, 198.99it/s]
ROP:  36%|███▌      | 76184/213608 [06:23<11:30, 198.91it/s]
ROP:  36%|███▌      | 76193/213608 [06:23<11:31, 198.81it/s]
ROP:  36%|███▌      | 76202/213608 [06:23<11:31, 198.75it/s]
ROP:  36%|███▌      | 76211/213608 [06:23<11:31, 198.68it/s]
ROP:  36%|███▌      | 76220/213608 [06:23<11:31, 198.63it/s]
ROP:  36%|███▌      | 76229/213608 [06:23<11:31, 198.56it/s]
ROP:  36%|███▌      | 76238/213608 [06:24<11:32, 198.44it/s]
ROP:  36%|███▌      | 76247/213608 [06:24<11:32, 198.36it/s]
ROP:  36%|███▌      | 76256/213608 [06:24<11:32, 198.32it/s]
ROP:  36%|███▌      | 76265/213608 [06:24<11:32, 198.19it/s]
ROP:  36%|███▌      | 76277/213608 [06:24<11:33, 198.14it/s]
ROP:  36%|███▌      | 76289/213608 [06:25<11:33, 198.08it/s]
ROP:  36%|███▌      | 76301/213608 [06:25<11:33, 198.03it/s]
ROP:  36%|███▌      | 76313/213608 [06:25<11:33, 197.94it/s]
ROP:  36%|███▌      | 76325/213608 [06:25<11:33, 197.89it/s]
ROP:  36%|███▌      | 76337/213608 [06:25<11:33, 197.80it/s]
ROP:  36%|███▌      | 76349/213608 [06:26<11:34, 197.71it/s]
ROP:  36%|███▌      | 76361/213608 [06:26<11:34, 197.66it/s]
ROP:  36%|███▌      | 76373/213608 [06:26<11:34, 197.61it/s]
ROP:  36%|███▌      | 76385/213608 [06:26<11:34, 197.55it/s]
ROP:  36%|███▌      | 76397/213608 [06:26<11:34, 197.46it/s]
ROP:  36%|███▌      | 76409/213608 [06:27<11:35, 197.38it/s]
ROP:  36%|███▌      | 76421/213608 [06:27<11:35, 197.30it/s]
ROP:  36%|███▌      | 76433/213608 [06:27<11:35, 197.20it/s]
ROP:  36%|███▌      | 76445/213608 [06:27<11:35, 197.14it/s]
ROP:  36%|███▌      | 76457/213608 [06:27<11:35, 197.08it/s]
ROP:  36%|███▌      | 76469/213608 [06:28<11:36, 197.00it/s]
ROP:  36%|███▌      | 76481/213608 [06:28<11:36, 196.96it/s]
ROP:  36%|███▌      | 76493/213608 [06:28<11:36, 196.88it/s]
ROP:  36%|███▌      | 76505/213608 [06:28<11:36, 196.80it/s]
ROP:  36%|███▌      | 76517/213608 [06:28<11:36, 196.72it/s]
ROP:  36%|███▌      | 76539/213608 [06:29<11:36, 196.71it/s]
ROP:  36%|███▌      | 76561/213608 [06:29<11:36, 196.71it/s]
ROP:  36%|███▌      | 76748/213608 [06:29<11:34, 197.12it/s]
ROP:  36%|███▌      | 76949/213608 [06:29<11:31, 197.59it/s]
ROP:  36%|███▌      | 77150/213608 [06:29<11:29, 198.05it/s]
ROP:  36%|███▋      | 77464/213608 [06:29<11:24, 198.80it/s]
ROP:  36%|███▋      | 77778/213608 [06:29<11:20, 199.52it/s]
ROP:  37%|███▋      | 78092/213608 [06:29<11:16, 200.26it/s]
ROP:  37%|███▋      | 78406/213608 [06:30<11:12, 200.99it/s]
ROP:  37%|███▋      | 78720/213608 [06:30<11:09, 201.61it/s]
ROP:  37%|███▋      | 79034/213608 [06:31<11:06, 201.92it/s]
ROP:  37%|███▋      | 79117/213608 [06:31<11:05, 202.06it/s]
ROP:  37%|███▋      | 79200/213608 [06:31<11:04, 202.15it/s]
ROP:  37%|███▋      | 79283/213608 [06:32<11:04, 202.23it/s]
ROP:  37%|███▋      | 79366/213608 [06:32<11:04, 202.00it/s]
ROP:  37%|███▋      | 79402/213608 [06:33<11:04, 202.03it/s]
ROP:  37%|███▋      | 79509/213608 [06:33<11:03, 202.24it/s]
ROP:  37%|███▋      | 79616/213608 [06:33<11:02, 202.29it/s]
ROP:  37%|███▋      | 79723/213608 [06:33<11:01, 202.46it/s]
ROP:  37%|███▋      | 79985/213608 [06:33<10:58, 203.07it/s]
ROP:  38%|███▊      | 80247/213608 [06:34<10:55, 203.34it/s]
ROP:  38%|███▊      | 80308/213608 [06:34<10:55, 203.44it/s]
ROP:  38%|███▊      | 80369/213608 [06:34<10:54, 203.47it/s]
ROP:  38%|███▊      | 80459/213608 [06:35<10:54, 203.50it/s]
ROP:  38%|███▊      | 80549/213608 [06:35<10:53, 203.53it/s]
ROP:  38%|███▊      | 80639/213608 [06:35<10:52, 203.64it/s]
ROP:  38%|███▊      | 80729/213608 [06:36<10:52, 203.60it/s]
ROP:  38%|███▊      | 80806/213608 [06:36<10:51, 203.74it/s]
ROP:  38%|███▊      | 80883/213608 [06:36<10:51, 203.81it/s]
ROP:  38%|███▊      | 80960/213608 [06:37<10:50, 203.92it/s]
ROP:  38%|███▊      | 81037/213608 [06:37<10:49, 204.06it/s]
ROP:  38%|███▊      | 81114/213608 [06:37<10:49, 204.07it/s]
ROP:  38%|███▊      | 81191/213608 [06:37<10:48, 204.16it/s]
ROP:  38%|███▊      | 81268/213608 [06:37<10:48, 204.19it/s]
ROP:  38%|███▊      | 81345/213608 [06:38<10:48, 204.01it/s]
ROP:  38%|███▊      | 81356/213608 [06:38<10:48, 203.94it/s]
ROP:  38%|███▊      | 81367/213608 [06:39<10:48, 203.79it/s]
ROP:  38%|███▊      | 81378/213608 [06:39<10:49, 203.69it/s]
ROP:  38%|███▊      | 81389/213608 [06:39<10:49, 203.60it/s]
ROP:  38%|███▊      | 81400/213608 [06:40<10:49, 203.41it/s]
ROP:  38%|███▊      | 81411/213608 [06:40<10:50, 203.18it/s]
ROP:  38%|███▊      | 81419/213608 [06:40<10:50, 203.13it/s]
ROP:  38%|███▊      | 81427/213608 [06:41<10:51, 202.99it/s]
ROP:  38%|███▊      | 81435/213608 [06:41<10:51, 202.89it/s]
ROP:  38%|███▊      | 81443/213608 [06:41<10:51, 202.80it/s]
ROP:  38%|███▊      | 81451/213608 [06:41<10:52, 202.63it/s]
ROP:  38%|███▊      | 81459/213608 [06:42<10:52, 202.60it/s]
ROP:  38%|███▊      | 81467/213608 [06:42<10:52, 202.39it/s]
ROP:  38%|███▊      | 81477/213608 [06:42<10:52, 202.36it/s]
ROP:  38%|███▊      | 81487/213608 [06:42<10:53, 202.27it/s]
ROP:  38%|███▊      | 81497/213608 [06:43<10:53, 202.13it/s]
ROP:  38%|███▊      | 81507/213608 [06:43<10:53, 202.04it/s]
ROP:  38%|███▊      | 81540/213608 [06:43<10:53, 202.07it/s]
ROP:  38%|███▊      | 81573/213608 [06:43<10:53, 202.06it/s]
ROP:  38%|███▊      | 81606/213608 [06:43<10:53, 202.03it/s]
ROP:  38%|███▊      | 81639/213608 [06:44<10:53, 202.06it/s]
ROP:  38%|███▊      | 81683/213608 [06:44<10:52, 202.12it/s]
ROP:  38%|███▊      | 81727/213608 [06:44<10:52, 202.07it/s]
ROP:  38%|███▊      | 81771/213608 [06:44<10:52, 202.09it/s]
ROP:  38%|███▊      | 81818/213608 [06:44<10:51, 202.14it/s]
ROP:  38%|███▊      | 81865/213608 [06:44<10:51, 202.17it/s]
ROP:  38%|███▊      | 81915/213608 [06:45<10:51, 202.21it/s]
ROP:  38%|███▊      | 81965/213608 [06:45<10:51, 202.15it/s]
ROP:  38%|███▊      | 82015/213608 [06:45<10:50, 202.21it/s]
ROP:  38%|███▊      | 82065/213608 [06:46<10:51, 202.01it/s]
ROP:  38%|███▊      | 82088/213608 [06:46<10:51, 202.01it/s]
ROP:  38%|███▊      | 82111/213608 [06:46<10:51, 201.85it/s]
ROP:  38%|███▊      | 82134/213608 [06:46<10:51, 201.82it/s]
ROP:  38%|███▊      | 82175/213608 [06:47<10:51, 201.87it/s]
ROP:  38%|███▊      | 82216/213608 [06:47<10:50, 201.85it/s]
ROP:  39%|███▊      | 82257/213608 [06:47<10:50, 201.87it/s]
ROP:  39%|███▊      | 82451/213608 [06:47<10:48, 202.29it/s]
ROP:  39%|███▊      | 82645/213608 [06:48<10:46, 202.43it/s]
ROP:  39%|███▊      | 82674/213608 [06:48<10:46, 202.41it/s]
ROP:  39%|███▊      | 82773/213608 [06:48<10:45, 202.59it/s]
ROP:  39%|███▉      | 82889/213608 [06:48<10:44, 202.81it/s]
ROP:  39%|███▉      | 83055/213608 [06:48<10:42, 203.17it/s]
ROP:  39%|███▉      | 83221/213608 [06:49<10:41, 203.41it/s]
ROP:  39%|███▉      | 83387/213608 [06:49<10:39, 203.70it/s]
ROP:  39%|███▉      | 83553/213608 [06:49<10:37, 203.91it/s]
ROP:  39%|███▉      | 83719/213608 [06:49<10:36, 204.23it/s]
ROP:  39%|███▉      | 83901/213608 [06:50<10:33, 204.62it/s]
ROP:  39%|███▉      | 84083/213608 [06:50<10:31, 204.96it/s]
ROP:  39%|███▉      | 84265/213608 [06:50<10:30, 205.30it/s]
ROP:  40%|███▉      | 84447/213608 [06:50<10:28, 205.60it/s]
ROP:  40%|███▉      | 84629/213608 [06:51<10:27, 205.62it/s]
ROP:  40%|███▉      | 84987/213608 [06:51<10:23, 206.44it/s]
ROP:  40%|███▉      | 85345/213608 [06:51<10:18, 207.23it/s]
ROP:  40%|████      | 85703/213608 [06:52<10:15, 207.67it/s]
ROP:  40%|████      | 85750/213608 [06:52<10:15, 207.73it/s]
ROP:  40%|████      | 85815/213608 [06:52<10:14, 207.83it/s]
ROP:  40%|████      | 86000/213608 [06:53<10:12, 208.21it/s]
ROP:  40%|████      | 86185/213608 [06:53<10:11, 208.38it/s]
ROP:  40%|████      | 86304/213608 [06:53<10:10, 208.59it/s]
ROP:  40%|████      | 86423/213608 [06:53<10:09, 208.81it/s]
ROP:  41%|████      | 86620/213608 [06:53<10:06, 209.23it/s]
ROP:  41%|████      | 86817/213608 [06:55<10:06, 209.16it/s]
ROP:  41%|████      | 86841/213608 [06:55<10:06, 209.14it/s]
ROP:  41%|████      | 86865/213608 [06:55<10:06, 209.14it/s]
ROP:  41%|████      | 86889/213608 [06:55<10:05, 209.12it/s]
ROP:  41%|████      | 86966/213608 [06:55<10:05, 209.24it/s]
ROP:  41%|████      | 87043/213608 [06:55<10:04, 209.37it/s]
ROP:  41%|████      | 87120/213608 [06:56<10:04, 209.41it/s]
ROP:  41%|████      | 87197/213608 [06:56<10:03, 209.46it/s]
ROP:  41%|████      | 87329/213608 [06:56<10:02, 209.70it/s]
ROP:  41%|████      | 87461/213608 [06:57<10:01, 209.71it/s]
ROP:  41%|████      | 87525/213608 [06:57<10:00, 209.82it/s]
ROP:  41%|████      | 87589/213608 [06:57<10:00, 209.89it/s]
ROP:  41%|████      | 87791/213608 [06:57<09:58, 210.32it/s]
ROP:  41%|████      | 87993/213608 [06:57<09:56, 210.74it/s]
ROP:  41%|████▏     | 88195/213608 [06:58<09:54, 210.97it/s]
ROP:  41%|████▏     | 88279/213608 [06:58<09:53, 211.11it/s]
ROP:  41%|████▏     | 88374/213608 [06:58<09:52, 211.28it/s]
ROP:  41%|████▏     | 88469/213608 [06:58<09:51, 211.44it/s]
ROP:  41%|████▏     | 88564/213608 [06:59<09:51, 211.32it/s]
ROP:  41%|████▏     | 88578/213608 [06:59<09:51, 211.24it/s]
ROP:  41%|████▏     | 88631/213608 [06:59<09:51, 211.31it/s]
ROP:  42%|████▏     | 88684/213608 [07:00<09:51, 211.09it/s]
ROP:  42%|████▏     | 88854/213608 [07:00<09:50, 211.44it/s]
ROP:  42%|████▏     | 89143/213608 [07:00<09:46, 212.06it/s]
ROP:  42%|████▏     | 89432/213608 [07:04<09:48, 210.86it/s]
ROP:  42%|████▏     | 89440/213608 [07:04<09:49, 210.78it/s]
ROP:  42%|████▏     | 89448/213608 [07:04<09:49, 210.70it/s]
ROP:  42%|████▏     | 89456/213608 [07:04<09:49, 210.57it/s]
ROP:  42%|████▏     | 89464/213608 [07:05<09:49, 210.48it/s]
ROP:  42%|████▏     | 89472/213608 [07:05<09:50, 210.39it/s]
ROP:  42%|████▏     | 89480/213608 [07:05<09:50, 210.34it/s]
ROP:  42%|████▏     | 89492/213608 [07:05<09:50, 210.29it/s]
ROP:  42%|████▏     | 89510/213608 [07:05<09:50, 210.29it/s]
ROP:  42%|████▏     | 89547/213608 [07:05<09:49, 210.28it/s]
ROP:  42%|████▏     | 89584/213608 [07:06<09:50, 209.98it/s]
ROP:  42%|████▏     | 89595/213608 [07:06<09:50, 209.94it/s]
ROP:  42%|████▏     | 89619/213608 [07:06<09:50, 209.94it/s]
ROP:  42%|████▏     | 89644/213608 [07:07<09:50, 209.93it/s]
ROP:  42%|████▏     | 89669/213608 [07:07<09:50, 209.93it/s]
ROP:  42%|████▏     | 89694/213608 [07:07<09:50, 209.87it/s]
ROP:  42%|████▏     | 89719/213608 [07:07<09:50, 209.86it/s]
ROP:  42%|████▏     | 89747/213608 [07:07<09:50, 209.87it/s]
ROP:  42%|████▏     | 89775/213608 [07:07<09:50, 209.88it/s]
ROP:  42%|████▏     | 89803/213608 [07:07<09:49, 209.90it/s]
ROP:  42%|████▏     | 89950/213608 [07:07<09:48, 210.18it/s]
ROP:  42%|████▏     | 90097/213608 [07:08<09:47, 210.21it/s]
ROP:  42%|████▏     | 90173/213608 [07:08<09:46, 210.33it/s]
ROP:  42%|████▏     | 90249/213608 [07:09<09:46, 210.23it/s]
ROP:  42%|████▏     | 90293/213608 [07:09<09:46, 210.28it/s]
ROP:  42%|████▏     | 90337/213608 [07:09<09:46, 210.25it/s]
ROP:  42%|████▏     | 90392/213608 [07:09<09:45, 210.31it/s]
ROP:  42%|████▏     | 90454/213608 [07:09<09:45, 210.40it/s]
ROP:  42%|████▏     | 90516/213608 [07:10<09:45, 210.20it/s]
ROP:  42%|████▏     | 90564/213608 [07:10<09:45, 210.24it/s]
ROP:  42%|████▏     | 90612/213608 [07:10<09:44, 210.26it/s]
ROP:  42%|████▏     | 90733/213608 [07:11<09:43, 210.49it/s]
ROP:  43%|████▎     | 90854/213608 [07:11<09:42, 210.63it/s]
ROP:  43%|████▎     | 90975/213608 [07:12<09:42, 210.48it/s]
ROP:  43%|████▎     | 91011/213608 [07:12<09:42, 210.43it/s]
ROP:  43%|████▎     | 91047/213608 [07:12<09:42, 210.45it/s]
ROP:  43%|████▎     | 91083/213608 [07:13<09:42, 210.27it/s]
ROP:  43%|████▎     | 91164/213608 [07:13<09:41, 210.40it/s]
ROP:  43%|████▎     | 91245/213608 [07:13<09:41, 210.46it/s]
ROP:  43%|████▎     | 91326/213608 [07:13<09:41, 210.46it/s]
ROP:  43%|████▎     | 91407/213608 [07:14<09:40, 210.34it/s]
ROP:  43%|████▎     | 91420/213608 [07:14<09:41, 210.28it/s]
ROP:  43%|████▎     | 91460/213608 [07:14<09:40, 210.31it/s]
ROP:  43%|████▎     | 91500/213608 [07:15<09:40, 210.30it/s]
ROP:  43%|████▎     | 91540/213608 [07:15<09:40, 210.29it/s]
ROP:  43%|████▎     | 91580/213608 [07:15<09:40, 210.26it/s]
ROP:  43%|████▎     | 91620/213608 [07:15<09:40, 210.23it/s]
ROP:  43%|████▎     | 91699/213608 [07:15<09:39, 210.36it/s]
ROP:  43%|████▎     | 91778/213608 [07:16<09:39, 210.33it/s]
ROP:  43%|████▎     | 91857/213608 [07:17<09:39, 210.16it/s]
ROP:  43%|████▎     | 91886/213608 [07:17<09:39, 210.15it/s]
ROP:  43%|████▎     | 91915/213608 [07:17<09:39, 210.16it/s]
ROP:  43%|████▎     | 91944/213608 [07:17<09:38, 210.13it/s]
ROP:  43%|████▎     | 91996/213608 [07:17<09:38, 210.16it/s]
ROP:  43%|████▎     | 92048/213608 [07:18<09:38, 210.05it/s]
ROP:  43%|████▎     | 92100/213608 [07:18<09:38, 210.10it/s]
ROP:  43%|████▎     | 92152/213608 [07:18<09:37, 210.16it/s]
ROP:  43%|████▎     | 92213/213608 [07:18<09:37, 210.25it/s]
ROP:  43%|████▎     | 92303/213608 [07:18<09:36, 210.40it/s]
ROP:  43%|████▎     | 92393/213608 [07:18<09:35, 210.50it/s]
ROP:  43%|████▎     | 92483/213608 [07:19<09:35, 210.62it/s]
ROP:  43%|████▎     | 92573/213608 [07:19<09:34, 210.73it/s]
ROP:  43%|████▎     | 92739/213608 [07:19<09:32, 211.05it/s]
ROP:  43%|████▎     | 92739/213608 [07:20<09:33, 210.67it/s]
ROP:  43%|████▎     | 92842/213608 [07:20<09:32, 210.90it/s]
ROP:  43%|████▎     | 92908/213608 [07:20<09:32, 210.99it/s]
ROP:  44%|████▎     | 92974/213608 [07:20<09:31, 211.07it/s]
ROP:  44%|████▎     | 93040/213608 [07:21<09:31, 210.84it/s]
ROP:  44%|████▎     | 93052/213608 [07:21<09:31, 210.81it/s]
ROP:  44%|████▎     | 93064/213608 [07:21<09:32, 210.63it/s]
ROP:  44%|████▎     | 93076/213608 [07:21<09:32, 210.59it/s]
ROP:  44%|████▎     | 93088/213608 [07:22<09:32, 210.57it/s]
ROP:  44%|████▎     | 93100/213608 [07:22<09:32, 210.49it/s]
ROP:  44%|████▎     | 93118/213608 [07:22<09:32, 210.48it/s]
ROP:  44%|████▎     | 93152/213608 [07:22<09:32, 210.48it/s]
ROP:  44%|████▎     | 93272/213608 [07:22<09:31, 210.70it/s]
ROP:  44%|████▎     | 93453/213608 [07:22<09:29, 211.05it/s]
ROP:  44%|████▍     | 93634/213608 [07:23<09:27, 211.28it/s]
ROP:  44%|████▍     | 93815/213608 [07:23<09:26, 211.39it/s]
ROP:  44%|████▍     | 93845/213608 [07:23<09:26, 211.37it/s]
ROP:  44%|████▍     | 93917/213608 [07:24<09:25, 211.48it/s]
ROP:  44%|████▍     | 93989/213608 [07:24<09:25, 211.57it/s]
ROP:  44%|████▍     | 94073/213608 [07:24<09:24, 211.70it/s]
ROP:  44%|████▍     | 94341/213608 [07:24<09:21, 212.26it/s]
ROP:  44%|████▍     | 94609/213608 [07:25<09:19, 212.50it/s]
ROP:  44%|████▍     | 94661/213608 [07:25<09:19, 212.55it/s]
ROP:  44%|████▍     | 94713/213608 [07:25<09:19, 212.57it/s]
ROP:  44%|████▍     | 94765/213608 [07:25<09:18, 212.61it/s]
ROP:  44%|████▍     | 94817/213608 [07:25<09:18, 212.65it/s]
ROP:  44%|████▍     | 94896/213608 [07:25<09:17, 212.78it/s]
ROP:  44%|████▍     | 94975/213608 [07:26<09:17, 212.85it/s]
ROP:  45%|████▍     | 95092/213608 [07:26<09:16, 213.06it/s]
ROP:  45%|████▍     | 95209/213608 [07:26<09:15, 213.21it/s]
ROP:  45%|████▍     | 95383/213608 [07:26<09:13, 213.55it/s]
ROP:  45%|████▍     | 95557/213608 [07:27<09:12, 213.62it/s]
ROP:  45%|████▍     | 95617/213608 [07:27<09:12, 213.69it/s]
ROP:  45%|████▍     | 95677/213608 [07:27<09:11, 213.71it/s]
ROP:  45%|████▍     | 95737/213608 [07:27<09:11, 213.78it/s]
ROP:  45%|████▍     | 95797/213608 [07:28<09:10, 213.82it/s]
ROP:  45%|████▍     | 95857/213608 [07:28<09:10, 213.88it/s]
ROP:  45%|████▍     | 95917/213608 [07:28<09:10, 213.91it/s]
ROP:  45%|████▍     | 96021/213608 [07:28<09:09, 214.09it/s]
ROP:  45%|████▌     | 96157/213608 [07:28<09:08, 214.32it/s]
ROP:  45%|████▌     | 96157/213608 [07:30<09:09, 213.58it/s]
ROP:  45%|████▌     | 96280/213608 [07:30<09:08, 213.84it/s]
ROP:  45%|████▌     | 96288/213608 [07:30<09:08, 213.74it/s]
ROP:  45%|████▌     | 96309/213608 [07:30<09:08, 213.73it/s]
ROP:  45%|████▌     | 96373/213608 [07:30<09:08, 213.79it/s]
ROP:  45%|████▌     | 96437/213608 [07:31<09:08, 213.63it/s]
ROP:  45%|████▌     | 96447/213608 [07:31<09:08, 213.55it/s]
ROP:  45%|████▌     | 96468/213608 [07:31<09:08, 213.54it/s]
ROP:  45%|████▌     | 96489/213608 [07:31<09:08, 213.50it/s]
ROP:  45%|████▌     | 96515/213608 [07:32<09:08, 213.48it/s]
ROP:  45%|████▌     | 96541/213608 [07:32<09:09, 213.16it/s]
ROP:  45%|████▌     | 96696/213608 [07:33<09:07, 213.46it/s]
ROP:  45%|████▌     | 96851/213608 [07:33<09:06, 213.55it/s]
ROP:  45%|████▌     | 96883/213608 [07:33<09:06, 213.56it/s]
ROP:  45%|████▌     | 96915/213608 [07:34<09:06, 213.44it/s]
ROP:  45%|████▌     | 96966/213608 [07:34<09:06, 213.49it/s]
ROP:  45%|████▌     | 97017/213608 [07:34<09:06, 213.24it/s]
ROP:  45%|████▌     | 97152/213608 [07:35<09:05, 213.49it/s]
ROP:  46%|████▌     | 97287/213608 [07:35<09:04, 213.65it/s]
ROP:  46%|████▌     | 97422/213608 [07:36<09:03, 213.59it/s]
ROP:  46%|████▌     | 97491/213608 [07:36<09:03, 213.68it/s]
ROP:  46%|████▌     | 97560/213608 [07:36<09:02, 213.78it/s]
ROP:  46%|████▌     | 97629/213608 [07:36<09:02, 213.83it/s]
ROP:  46%|████▌     | 97698/213608 [07:37<09:02, 213.71it/s]
ROP:  46%|████▌     | 97814/213608 [07:37<09:01, 213.90it/s]
ROP:  46%|████▌     | 97930/213608 [07:37<09:00, 214.09it/s]
ROP:  46%|████▌     | 98046/213608 [07:37<08:59, 214.11it/s]
ROP:  46%|████▌     | 98162/213608 [07:38<08:59, 214.05it/s]
ROP:  46%|████▌     | 98182/213608 [07:38<08:59, 214.04it/s]
ROP:  46%|████▌     | 98202/213608 [07:38<08:59, 213.99it/s]
ROP:  46%|████▌     | 98222/213608 [07:39<08:59, 213.98it/s]
ROP:  46%|████▌     | 98285/213608 [07:39<08:58, 214.06it/s]
ROP:  46%|████▌     | 98348/213608 [07:39<08:58, 214.07it/s]
ROP:  46%|████▌     | 98411/213608 [07:39<08:57, 214.13it/s]
ROP:  46%|████▌     | 98622/213608 [07:39<08:55, 214.54it/s]
ROP:  46%|████▋     | 98833/213608 [07:40<08:54, 214.81it/s]
ROP:  46%|████▋     | 99044/213608 [07:41<08:53, 214.55it/s]
ROP:  46%|████▋     | 99082/213608 [07:41<08:53, 214.57it/s]
ROP:  46%|████▋     | 99120/213608 [07:42<08:53, 214.50it/s]
ROP:  46%|████▋     | 99158/213608 [07:42<08:53, 214.48it/s]
ROP:  46%|████▋     | 99196/213608 [07:43<08:54, 214.10it/s]
ROP:  46%|████▋     | 99317/213608 [07:43<08:53, 214.29it/s]
ROP:  47%|████▋     | 99438/213608 [07:43<08:52, 214.40it/s]
ROP:  47%|████▋     | 99559/213608 [07:44<08:51, 214.41it/s]
ROP:  47%|████▋     | 99582/213608 [07:44<08:52, 214.33it/s]
ROP:  47%|████▋     | 99621/213608 [07:44<08:51, 214.37it/s]
ROP:  47%|████▋     | 99660/213608 [07:45<08:51, 214.21it/s]
ROP:  47%|████▋     | 99668/213608 [07:45<08:51, 214.18it/s]
ROP:  47%|████▋     | 99678/213608 [07:45<08:52, 214.14it/s]
ROP:  47%|████▋     | 99712/213608 [07:45<08:51, 214.11it/s]
ROP:  47%|████▋     | 99746/213608 [07:47<08:53, 213.24it/s]
ROP:  47%|████▋     | 99754/213608 [07:47<08:54, 213.17it/s]
ROP:  47%|████▋     | 99762/213608 [07:48<08:54, 212.93it/s]
ROP:  47%|████▋     | 99768/213608 [07:48<08:54, 212.86it/s]
ROP:  47%|████▋     | 99774/213608 [07:49<08:55, 212.62it/s]
ROP:  47%|████▋     | 99782/213608 [07:49<08:55, 212.56it/s]
ROP:  47%|████▋     | 99790/213608 [07:50<08:56, 212.30it/s]
ROP:  47%|████▋     | 99827/213608 [07:50<08:55, 212.33it/s]
ROP:  47%|████▋     | 99864/213608 [07:50<08:55, 212.32it/s]
ROP:  47%|████▋     | 99934/213608 [07:50<08:55, 212.42it/s]
ROP:  47%|████▋     | 100004/213608 [07:51<08:55, 212.30it/s]
ROP:  47%|████▋     | 100079/213608 [07:51<08:54, 212.42it/s]
ROP:  47%|████▋     | 100154/213608 [07:51<08:53, 212.51it/s]
ROP:  47%|████▋     | 100229/213608 [07:52<08:54, 212.12it/s]
ROP:  47%|████▋     | 100236/213608 [07:52<08:54, 212.04it/s]
ROP:  47%|████▋     | 100250/213608 [07:52<08:54, 212.01it/s]
ROP:  47%|████▋     | 100264/213608 [07:53<08:54, 211.94it/s]
ROP:  47%|████▋     | 100280/213608 [07:53<08:54, 211.90it/s]
ROP:  47%|████▋     | 100296/213608 [07:53<08:54, 211.83it/s]
ROP:  47%|████▋     | 100334/213608 [07:53<08:54, 211.84it/s]
ROP:  47%|████▋     | 100372/213608 [07:54<08:55, 211.61it/s]
ROP:  47%|████▋     | 100379/213608 [07:54<08:55, 211.57it/s]
ROP:  47%|████▋     | 100386/213608 [07:54<08:55, 211.51it/s]
ROP:  47%|████▋     | 100393/213608 [07:54<08:55, 211.44it/s]
ROP:  47%|████▋     | 100406/213608 [07:54<08:55, 211.42it/s]
ROP:  47%|████▋     | 100436/213608 [07:55<08:55, 211.42it/s]
ROP:  47%|████▋     | 100466/213608 [07:55<08:55, 211.21it/s]
ROP:  47%|████▋     | 100492/213608 [07:55<08:55, 211.22it/s]
ROP:  47%|████▋     | 100518/213608 [07:56<08:55, 211.05it/s]
ROP:  47%|████▋     | 100616/213608 [07:56<08:54, 211.20it/s]
ROP:  47%|████▋     | 100714/213608 [07:56<08:54, 211.19it/s]
ROP:  47%|████▋     | 100790/213608 [07:57<08:53, 211.30it/s]
ROP:  47%|████▋     | 100866/213608 [07:57<08:53, 211.27it/s]
ROP:  47%|████▋     | 100942/213608 [07:57<08:53, 211.33it/s]
ROP:  47%|████▋     | 101018/213608 [07:57<08:52, 211.34it/s]
ROP:  47%|████▋     | 101094/213608 [07:58<08:52, 211.40it/s]
ROP:  47%|████▋     | 101170/213608 [07:58<08:51, 211.51it/s]
ROP:  47%|████▋     | 101256/213608 [07:58<08:50, 211.64it/s]
ROP:  47%|████▋     | 101342/213608 [07:58<08:50, 211.67it/s]
ROP:  47%|████▋     | 101431/213608 [07:58<08:49, 211.81it/s]
ROP:  48%|████▊     | 101520/213608 [07:59<08:48, 211.91it/s]
ROP:  48%|████▊     | 101609/213608 [07:59<08:48, 212.00it/s]
ROP:  48%|████▊     | 101698/213608 [07:59<08:47, 212.08it/s]
ROP:  48%|████▊     | 101787/213608 [08:00<08:47, 212.00it/s]
ROP:  48%|████▊     | 101822/213608 [08:00<08:47, 212.00it/s]
ROP:  48%|████▊     | 101857/213608 [08:00<08:47, 211.91it/s]
ROP:  48%|████▊     | 101904/213608 [08:00<08:47, 211.96it/s]
ROP:  48%|████▊     | 101951/213608 [08:00<08:46, 212.01it/s]
ROP:  48%|████▊     | 101998/213608 [08:00<08:46, 212.06it/s]
ROP:  48%|████▊     | 102103/213608 [08:01<08:45, 212.23it/s]
ROP:  48%|████▊     | 102208/213608 [08:01<08:44, 212.38it/s]
ROP:  48%|████▊     | 102313/213608 [08:01<08:44, 212.39it/s]
ROP:  48%|████▊     | 102418/213608 [08:01<08:43, 212.53it/s]
ROP:  48%|████▊     | 102523/213608 [08:02<08:42, 212.55it/s]
ROP:  48%|████▊     | 102628/213608 [08:02<08:41, 212.68it/s]
ROP:  48%|████▊     | 102733/213608 [08:02<08:41, 212.70it/s]
ROP:  48%|████▊     | 102838/213608 [08:03<08:40, 212.70it/s]
ROP:  48%|████▊     | 102943/213608 [08:03<08:40, 212.81it/s]
ROP:  48%|████▊     | 103051/213608 [08:03<08:39, 212.97it/s]
ROP:  48%|████▊     | 103159/213608 [08:04<08:38, 212.96it/s]
ROP:  48%|████▊     | 103241/213608 [08:04<08:37, 213.07it/s]
ROP:  48%|████▊     | 103323/213608 [08:05<08:38, 212.79it/s]
ROP:  48%|████▊     | 103331/213608 [08:05<08:38, 212.73it/s]
ROP:  48%|████▊     | 103339/213608 [08:05<08:38, 212.65it/s]
ROP:  48%|████▊     | 103347/213608 [08:06<08:38, 212.61it/s]
ROP:  48%|████▊     | 103400/213608 [08:06<08:38, 212.66it/s]
ROP:  48%|████▊     | 103453/213608 [08:06<08:38, 212.62it/s]
ROP:  48%|████▊     | 103506/213608 [08:07<08:38, 212.39it/s]
ROP:  48%|████▊     | 103566/213608 [08:07<08:37, 212.46it/s]
ROP:  49%|████▊     | 103719/213608 [08:07<08:36, 212.73it/s]
ROP:  49%|████▊     | 103872/213608 [08:07<08:35, 212.91it/s]
ROP:  49%|████▊     | 104025/213608 [08:08<08:34, 212.97it/s]
ROP:  49%|████▊     | 104060/213608 [08:08<08:34, 212.99it/s]
ROP:  49%|████▊     | 104095/213608 [08:08<08:34, 212.97it/s]
ROP:  49%|████▊     | 104132/213608 [08:08<08:33, 212.99it/s]
ROP:  49%|████▉     | 104169/213608 [08:09<08:33, 212.98it/s]
ROP:  49%|████▉     | 104206/213608 [08:09<08:33, 212.88it/s]
ROP:  49%|████▉     | 104243/213608 [08:09<08:33, 212.90it/s]
ROP:  49%|████▉     | 104280/213608 [08:10<08:33, 212.77it/s]
ROP:  49%|████▉     | 104331/213608 [08:10<08:33, 212.82it/s]
ROP:  49%|████▉     | 104382/213608 [08:10<08:33, 212.83it/s]
ROP:  49%|████▉     | 104433/213608 [08:10<08:33, 212.76it/s]
ROP:  49%|████▉     | 104484/213608 [08:10<08:32, 212.81it/s]
ROP:  49%|████▉     | 104535/213608 [08:11<08:32, 212.84it/s]
ROP:  49%|████▉     | 104703/213608 [08:11<08:30, 213.14it/s]
ROP:  49%|████▉     | 104871/213608 [08:11<08:29, 213.23it/s]
ROP:  49%|████▉     | 104905/213608 [08:11<08:29, 213.24it/s]
ROP:  49%|████▉     | 104941/213608 [08:12<08:29, 213.27it/s]
ROP:  49%|████▉     | 104980/213608 [08:12<08:29, 213.29it/s]
ROP:  49%|████▉     | 105019/213608 [08:12<08:29, 213.22it/s]
ROP:  49%|████▉     | 105060/213608 [08:12<08:29, 213.25it/s]
ROP:  49%|████▉     | 105105/213608 [08:12<08:28, 213.29it/s]
ROP:  49%|████▉     | 105188/213608 [08:12<08:28, 213.41it/s]
ROP:  49%|████▉     | 105271/213608 [08:13<08:27, 213.28it/s]
ROP:  49%|████▉     | 105404/213608 [08:13<08:26, 213.50it/s]
ROP:  49%|████▉     | 105537/213608 [08:14<08:25, 213.60it/s]
ROP:  49%|████▉     | 105670/213608 [08:14<08:25, 213.71it/s]
ROP:  50%|████▉     | 105803/213608 [08:14<08:24, 213.79it/s]
ROP:  50%|████▉     | 105936/213608 [08:15<08:23, 213.95it/s]
ROP:  50%|████▉     | 106069/213608 [08:15<08:22, 214.09it/s]
ROP:  50%|████▉     | 106202/213608 [08:15<08:21, 214.22it/s]
ROP:  50%|████▉     | 106335/213608 [08:16<08:21, 214.01it/s]
ROP:  50%|████▉     | 106440/213608 [08:17<08:20, 214.15it/s]
ROP:  50%|████▉     | 106576/213608 [08:17<08:19, 214.29it/s]
ROP:  50%|████▉     | 106712/213608 [08:17<08:18, 214.42it/s]
ROP:  50%|█████     | 106848/213608 [08:18<08:17, 214.44it/s]
ROP:  50%|█████     | 106893/213608 [08:18<08:17, 214.48it/s]
ROP:  50%|█████     | 106976/213608 [08:18<08:16, 214.59it/s]
ROP:  50%|█████     | 107059/213608 [08:18<08:16, 214.68it/s]
ROP:  50%|█████     | 107142/213608 [08:18<08:15, 214.80it/s]
ROP:  50%|█████     | 107225/213608 [08:18<08:15, 214.90it/s]
ROP:  50%|█████     | 107308/213608 [08:19<08:14, 214.99it/s]
ROP:  50%|█████     | 107391/213608 [08:19<08:13, 215.08it/s]
ROP:  50%|█████     | 107474/213608 [08:19<08:13, 215.15it/s]
ROP:  50%|█████     | 107557/213608 [08:19<08:12, 215.18it/s]
ROP:  50%|█████     | 107640/213608 [08:20<08:12, 215.18it/s]
ROP:  50%|█████     | 107723/213608 [08:20<08:11, 215.28it/s]
ROP:  50%|█████     | 107806/213608 [08:20<08:11, 215.24it/s]
ROP:  51%|█████     | 107889/213608 [08:21<08:10, 215.31it/s]
ROP:  51%|█████     | 107992/213608 [08:21<08:10, 215.46it/s]
ROP:  51%|█████     | 108095/213608 [08:21<08:09, 215.45it/s]
ROP:  51%|█████     | 108138/213608 [08:21<08:09, 215.48it/s]
ROP:  51%|█████     | 108181/213608 [08:22<08:09, 215.47it/s]
ROP:  51%|█████     | 108224/213608 [08:22<08:09, 215.46it/s]
ROP:  51%|█████     | 108304/213608 [08:22<08:08, 215.56it/s]
ROP:  51%|█████     | 108384/213608 [08:22<08:08, 215.51it/s]
ROP:  51%|█████     | 108464/213608 [08:23<08:07, 215.61it/s]
ROP:  51%|█████     | 108544/213608 [08:23<08:07, 215.68it/s]
ROP:  51%|█████     | 108627/213608 [08:23<08:06, 215.80it/s]
ROP:  51%|█████     | 108710/213608 [08:23<08:06, 215.82it/s]
ROP:  51%|█████     | 108816/213608 [08:23<08:05, 215.98it/s]
ROP:  51%|█████     | 108945/213608 [08:23<08:04, 216.19it/s]
ROP:  51%|█████     | 109098/213608 [08:24<08:02, 216.45it/s]
ROP:  51%|█████     | 109251/213608 [08:24<08:01, 216.53it/s]
ROP:  51%|█████     | 109281/213608 [08:24<08:01, 216.54it/s]
ROP:  51%|█████     | 109311/213608 [08:24<08:01, 216.53it/s]
ROP:  51%|█████     | 109370/213608 [08:24<08:01, 216.60it/s]
ROP:  51%|█████     | 109429/213608 [08:25<08:00, 216.64it/s]
ROP:  51%|█████▏    | 109488/213608 [08:25<08:00, 216.52it/s]
ROP:  51%|█████▏    | 109518/213608 [08:25<08:00, 216.54it/s]
ROP:  51%|█████▏    | 109576/213608 [08:25<08:00, 216.60it/s]
ROP:  51%|█████▏    | 109634/213608 [08:26<08:00, 216.56it/s]
ROP:  51%|█████▏    | 109692/213608 [08:26<07:59, 216.63it/s]
ROP:  51%|█████▏    | 109750/213608 [08:26<07:59, 216.64it/s]
ROP:  51%|█████▏    | 109845/213608 [08:26<07:58, 216.77it/s]
ROP:  51%|█████▏    | 109940/213608 [08:26<07:58, 216.85it/s]
ROP:  52%|█████▏    | 110035/213608 [08:27<07:57, 216.98it/s]
ROP:  52%|█████▏    | 110130/213608 [08:27<07:57, 216.88it/s]
ROP:  52%|█████▏    | 110351/213608 [08:27<07:55, 217.26it/s]
ROP:  52%|█████▏    | 110572/213608 [08:28<07:53, 217.61it/s]
ROP:  52%|█████▏    | 110793/213608 [08:28<07:52, 217.82it/s]
ROP:  52%|█████▏    | 110876/213608 [08:28<07:51, 217.93it/s]
ROP:  52%|█████▏    | 110959/213608 [08:29<07:51, 217.85it/s]
ROP:  52%|█████▏    | 111232/213608 [08:29<07:48, 218.34it/s]
ROP:  52%|█████▏    | 111232/213608 [08:30<07:49, 218.01it/s]
ROP:  52%|█████▏    | 111384/213608 [08:30<07:48, 218.28it/s]
ROP:  52%|█████▏    | 111443/213608 [08:30<07:47, 218.35it/s]
ROP:  52%|█████▏    | 111502/213608 [08:30<07:47, 218.40it/s]
ROP:  52%|█████▏    | 111614/213608 [08:30<07:46, 218.56it/s]
ROP:  52%|█████▏    | 111726/213608 [08:31<07:46, 218.24it/s]
ROP:  52%|█████▏    | 111797/213608 [08:32<07:46, 218.33it/s]
ROP:  52%|█████▏    | 111868/213608 [08:32<07:45, 218.39it/s]
ROP:  52%|█████▏    | 112022/213608 [08:32<07:44, 218.65it/s]
ROP:  53%|█████▎    | 112176/213608 [08:33<07:44, 218.54it/s]
ROP:  53%|█████▎    | 112197/213608 [08:33<07:44, 218.54it/s]
ROP:  53%|█████▎    | 112218/213608 [08:33<07:44, 218.51it/s]
ROP:  53%|█████▎    | 112292/213608 [08:33<07:43, 218.60it/s]
ROP:  53%|█████▎    | 112366/213608 [08:33<07:42, 218.70it/s]
ROP:  53%|█████▎    | 112440/213608 [08:33<07:42, 218.77it/s]
ROP:  53%|█████▎    | 112514/213608 [08:34<07:41, 218.85it/s]
ROP:  53%|█████▎    | 112588/213608 [08:34<07:42, 218.63it/s]
ROP:  53%|█████▎    | 112604/213608 [08:35<07:42, 218.60it/s]
ROP:  53%|█████▎    | 112620/213608 [08:35<07:42, 218.56it/s]
ROP:  53%|█████▎    | 112658/213608 [08:35<07:41, 218.58it/s]
ROP:  53%|█████▎    | 112740/213608 [08:35<07:41, 218.67it/s]
ROP:  53%|█████▎    | 112822/213608 [08:36<07:41, 218.57it/s]
ROP:  53%|█████▎    | 112837/213608 [08:36<07:41, 218.55it/s]
ROP:  53%|█████▎    | 112896/213608 [08:36<07:40, 218.60it/s]
ROP:  53%|█████▎    | 112955/213608 [08:36<07:40, 218.66it/s]
ROP:  53%|█████▎    | 113014/213608 [08:36<07:40, 218.68it/s]
ROP:  53%|█████▎    | 113073/213608 [08:36<07:39, 218.75it/s]
ROP:  53%|█████▎    | 113181/213608 [08:37<07:38, 218.90it/s]
ROP:  53%|█████▎    | 113289/213608 [08:37<07:38, 219.01it/s]
ROP:  53%|█████▎    | 113397/213608 [08:37<07:37, 219.07it/s]
ROP:  53%|█████▎    | 113505/213608 [08:37<07:36, 219.20it/s]
ROP:  53%|█████▎    | 113644/213608 [08:37<07:35, 219.42it/s]
ROP:  53%|█████▎    | 113783/213608 [08:38<07:34, 219.65it/s]
ROP:  53%|█████▎    | 113922/213608 [08:38<07:33, 219.83it/s]
ROP:  53%|█████▎    | 114061/213608 [08:38<07:32, 219.85it/s]
ROP:  53%|█████▎    | 114101/213608 [08:38<07:32, 219.85it/s]
ROP:  53%|█████▎    | 114141/213608 [08:39<07:32, 219.66it/s]
ROP:  53%|█████▎    | 114200/213608 [08:39<07:32, 219.72it/s]
ROP:  53%|█████▎    | 114259/213608 [08:40<07:32, 219.67it/s]
ROP:  54%|█████▎    | 114318/213608 [08:40<07:32, 219.51it/s]
ROP:  54%|█████▎    | 114334/213608 [08:40<07:32, 219.49it/s]
ROP:  54%|█████▎    | 114350/213608 [08:41<07:32, 219.34it/s]
ROP:  54%|█████▎    | 114366/213608 [08:41<07:32, 219.29it/s]
ROP:  54%|█████▎    | 114537/213608 [08:41<07:31, 219.57it/s]
ROP:  54%|█████▎    | 114708/213608 [08:43<07:31, 219.20it/s]
ROP:  54%|█████▎    | 114719/213608 [08:43<07:31, 219.12it/s]
ROP:  54%|█████▎    | 114737/213608 [08:43<07:31, 219.10it/s]
ROP:  54%|█████▎    | 114755/213608 [08:44<07:31, 218.84it/s]
ROP:  54%|█████▎    | 114760/213608 [08:44<07:31, 218.80it/s]
ROP:  54%|█████▎    | 114806/213608 [08:44<07:31, 218.85it/s]
ROP:  54%|█████▍    | 114864/213608 [08:44<07:31, 218.91it/s]
ROP:  54%|█████▍    | 114922/213608 [08:45<07:31, 218.72it/s]
ROP:  54%|█████▍    | 114934/213608 [08:45<07:31, 218.71it/s]
ROP:  54%|█████▍    | 114946/213608 [08:45<07:31, 218.68it/s]
ROP:  54%|█████▍    | 114958/213608 [08:45<07:31, 218.66it/s]
ROP:  54%|█████▍    | 114970/213608 [08:45<07:31, 218.60it/s]
ROP:  54%|█████▍    | 114982/213608 [08:46<07:31, 218.42it/s]
ROP:  54%|█████▍    | 114990/213608 [08:46<07:31, 218.37it/s]
ROP:  54%|█████▍    | 115033/213608 [08:46<07:31, 218.38it/s]
ROP:  54%|█████▍    | 115076/213608 [08:46<07:31, 218.38it/s]
ROP:  54%|█████▍    | 115119/213608 [08:47<07:30, 218.38it/s]
ROP:  54%|█████▍    | 115162/213608 [08:47<07:30, 218.34it/s]
ROP:  54%|█████▍    | 115205/213608 [08:47<07:30, 218.28it/s]
ROP:  54%|█████▍    | 115256/213608 [08:47<07:30, 218.31it/s]
ROP:  54%|█████▍    | 115307/213608 [08:48<07:30, 218.29it/s]
ROP:  54%|█████▍    | 115358/213608 [08:48<07:29, 218.34it/s]
ROP:  54%|█████▍    | 115428/213608 [08:48<07:29, 218.42it/s]
ROP:  54%|█████▍    | 115498/213608 [08:49<07:29, 218.25it/s]
ROP:  54%|█████▍    | 115535/213608 [08:49<07:29, 218.26it/s]
ROP:  54%|█████▍    | 115572/213608 [08:49<07:29, 218.24it/s]
ROP:  54%|█████▍    | 115620/213608 [08:49<07:28, 218.28it/s]
ROP:  54%|█████▍    | 115668/213608 [08:49<07:28, 218.30it/s]WARNING  | 2026-10-02 13:44:50,128 | angr.state_plugins.posix | Tried to look up a symbolic fd - constrained to 3 and opened b'/tmp/angr_implicit_0'

ROP:  54%|█████▍    | 115716/213608 [08:50<07:28, 218.28it/s]
ROP:  54%|█████▍    | 115864/213608 [08:50<07:27, 218.52it/s]
ROP:  54%|█████▍    | 116012/213608 [08:50<07:26, 218.48it/s]
ROP:  54%|█████▍    | 116037/213608 [08:51<07:26, 218.48it/s]
ROP:  54%|█████▍    | 116062/213608 [08:51<07:26, 218.47it/s]ERROR    | 2026-10-02 13:44:51,625 | angr.state_plugins.posix | Trying to close a symbolic file descriptor
ERROR    | 2026-10-02 13:44:51,730 | angr.state_plugins.posix | Trying to close a symbolic file descriptor

ROP:  54%|█████▍    | 116087/213608 [08:51<07:26, 218.39it/s]
ROP:  54%|█████▍    | 116246/213608 [08:51<07:25, 218.65it/s]
ROP:  54%|█████▍    | 116405/213608 [08:52<07:24, 218.77it/s]
ROP:  55%|█████▍    | 116564/213608 [08:52<07:23, 218.84it/s]
ROP:  55%|█████▍    | 116652/213608 [08:52<07:22, 218.95it/s]
ROP:  55%|█████▍    | 116740/213608 [08:53<07:22, 218.94it/s]
ROP:  55%|█████▍    | 116828/213608 [08:53<07:22, 218.92it/s]
ROP:  55%|█████▍    | 116933/213608 [08:53<07:21, 219.07it/s]
ROP:  55%|█████▍    | 117038/213608 [08:53<07:20, 219.22it/s]
ROP:  55%|█████▍    | 117143/213608 [08:54<07:20, 219.22it/s]
ROP:  55%|█████▍    | 117248/213608 [08:54<07:19, 219.38it/s]
ROP:  55%|█████▍    | 117353/213608 [08:54<07:18, 219.52it/s]
ROP:  55%|█████▍    | 117458/213608 [08:54<07:17, 219.58it/s]
ROP:  55%|█████▌    | 117563/213608 [08:55<07:17, 219.50it/s]
ROP:  55%|█████▌    | 117608/213608 [08:55<07:17, 219.53it/s]
ROP:  55%|█████▌    | 117653/213608 [08:55<07:17, 219.54it/s]
ROP:  55%|█████▌    | 117698/213608 [08:56<07:16, 219.55it/s]
ROP:  55%|█████▌    | 117743/213608 [08:56<07:16, 219.58it/s]
ROP:  55%|█████▌    | 117788/213608 [08:56<07:16, 219.61it/s]
ROP:  55%|█████▌    | 117848/213608 [08:56<07:15, 219.66it/s]
ROP:  55%|█████▌    | 117908/213608 [08:56<07:15, 219.69it/s]
ROP:  55%|█████▌    | 117968/213608 [08:56<07:15, 219.74it/s]
ROP:  55%|█████▌    | 118028/213608 [08:57<07:15, 219.66it/s]
ROP:  55%|█████▌    | 118088/213608 [08:57<07:14, 219.73it/s]
ROP:  55%|█████▌    | 118174/213608 [08:57<07:14, 219.83it/s]
ROP:  55%|█████▌    | 118260/213608 [08:58<07:13, 219.80it/s]
ROP:  55%|█████▌    | 118346/213608 [08:58<07:13, 219.86it/s]
ROP:  55%|█████▌    | 118432/213608 [08:58<07:13, 219.79it/s]
ROP:  55%|█████▌    | 118448/213608 [08:58<07:12, 219.78it/s]
ROP:  55%|█████▌    | 118477/213608 [08:59<07:12, 219.79it/s]
ROP:  55%|█████▌    | 118537/213608 [08:59<07:12, 219.85it/s]
ROP:  55%|█████▌    | 118537/213608 [09:00<07:13, 219.42it/s]
ROP:  56%|█████▌    | 118589/213608 [09:00<07:12, 219.51it/s]
ROP:  56%|█████▌    | 118597/213608 [09:00<07:12, 219.48it/s]
ROP:  56%|█████▌    | 118623/213608 [09:00<07:12, 219.48it/s]
ROP:  56%|█████▌    | 118666/213608 [09:00<07:12, 219.51it/s]
ROP:  56%|█████▌    | 118709/213608 [09:00<07:12, 219.50it/s]
ROP:  56%|█████▌    | 118763/213608 [09:00<07:12, 219.55it/s]
ROP:  56%|█████▌    | 118817/213608 [09:01<07:11, 219.44it/s]
ROP:  56%|█████▌    | 118916/213608 [09:01<07:11, 219.57it/s]WARNING  | 2026-10-02 13:45:02,499 | angr.state_plugins.posix | Tried to look up a symbolic fd - constrained to 3 and opened b'/tmp/angr_implicit_0'

ROP:  56%|█████▌    | 119015/213608 [09:02<07:11, 219.45it/s]ERROR    | 2026-10-02 13:45:02,567 | angr.procedures.posix.pread64 | Symbolic offset is not supported in pread
ERROR    | 2026-10-02 13:45:02,604 | angr.procedures.posix.pread64 | Symbolic offset is not supported in pread
ERROR    | 2026-10-02 13:45:02,641 | angr.procedures.posix.pread64 | Symbolic offset is not supported in pread

ROP:  56%|█████▌    | 119035/213608 [09:02<07:10, 219.44it/s]ERROR    | 2026-10-02 13:45:02,680 | angr.procedures.posix.pread64 | Symbolic offset is not supported in pread

ROP:  56%|█████▌    | 119096/213608 [09:02<07:10, 219.49it/s]
ROP:  56%|█████▌    | 119157/213608 [09:03<07:10, 219.42it/s]
ROP:  56%|█████▌    | 119265/213608 [09:03<07:09, 219.57it/s]
ROP:  56%|█████▌    | 119373/213608 [09:03<07:09, 219.45it/s]
ROP:  56%|█████▌    | 119390/213608 [09:04<07:09, 219.43it/s]
ROP:  56%|█████▌    | 119462/213608 [09:04<07:08, 219.51it/s]
ROP:  56%|█████▌    | 119534/213608 [09:04<07:08, 219.53it/s]
ROP:  56%|█████▌    | 119606/213608 [09:04<07:08, 219.61it/s]
ROP:  56%|█████▌    | 119678/213608 [09:05<07:07, 219.50it/s]
ROP:  56%|█████▌    | 119690/213608 [09:05<07:07, 219.48it/s]
ROP:  56%|█████▌    | 119716/213608 [09:05<07:07, 219.48it/s]
ROP:  56%|█████▌    | 119742/213608 [09:05<07:07, 219.41it/s]
ROP:  56%|█████▌    | 119800/213608 [09:05<07:07, 219.45it/s]
ROP:  56%|█████▌    | 119858/213608 [09:06<07:07, 219.25it/s]
ROP:  56%|█████▌    | 119866/213608 [09:06<07:07, 219.20it/s]
ROP:  56%|█████▌    | 119874/213608 [09:07<07:07, 219.14it/s]
ROP:  56%|█████▌    | 119980/213608 [09:07<07:07, 219.27it/s]
ROP:  56%|█████▌    | 120086/213608 [09:07<07:06, 219.40it/s]
ROP:  56%|█████▋    | 120192/213608 [09:07<07:05, 219.55it/s]
ROP:  56%|█████▋    | 120298/213608 [09:07<07:04, 219.67it/s]
ROP:  56%|█████▋    | 120404/213608 [09:08<07:04, 219.70it/s]
ROP:  56%|█████▋    | 120510/213608 [09:08<07:03, 219.73it/s]
ROP:  56%|█████▋    | 120616/213608 [09:08<07:03, 219.77it/s]
ROP:  57%|█████▋    | 120722/213608 [09:09<07:02, 219.84it/s]
ROP:  57%|█████▋    | 120828/213608 [09:09<07:01, 219.91it/s]
ROP:  57%|█████▋    | 120934/213608 [09:09<07:01, 220.01it/s]
ROP:  57%|█████▋    | 121040/213608 [09:09<07:00, 220.08it/s]
ROP:  57%|█████▋    | 121146/213608 [09:10<07:00, 220.03it/s]
ROP:  57%|█████▋    | 121164/213608 [09:10<07:00, 219.97it/s]
ROP:  57%|█████▋    | 121217/213608 [09:10<06:59, 220.01it/s]
ROP:  57%|█████▋    | 121284/213608 [09:11<06:59, 220.09it/s]
ROP:  57%|█████▋    | 121351/213608 [09:11<06:59, 220.15it/s]
ROP:  57%|█████▋    | 121418/213608 [09:11<06:58, 220.21it/s]
ROP:  57%|█████▋    | 121485/213608 [09:11<06:58, 220.18it/s]
ROP:  57%|█████▋    | 121552/213608 [09:12<06:58, 220.19it/s]
ROP:  57%|█████▋    | 121619/213608 [09:12<06:57, 220.18it/s]
ROP:  57%|█████▋    | 121752/213608 [09:12<06:56, 220.37it/s]
ROP:  57%|█████▋    | 121885/213608 [09:13<06:56, 220.08it/s]
ROP:  57%|█████▋    | 121895/213608 [09:13<06:56, 220.04it/s]
ROP:  57%|█████▋    | 121905/213608 [09:14<06:56, 219.92it/s]
ROP:  57%|█████▋    | 121952/213608 [09:14<06:56, 219.96it/s]
ROP:  57%|█████▋    | 121999/213608 [09:14<06:56, 219.88it/s]
ROP:  57%|█████▋    | 122046/213608 [09:15<06:56, 219.87it/s]
ROP:  57%|█████▋    | 122093/213608 [09:15<06:56, 219.82it/s]
ROP:  57%|█████▋    | 122146/213608 [09:15<06:56, 219.86it/s]
ROP:  57%|█████▋    | 122199/213608 [09:16<06:56, 219.69it/s]
ROP:  57%|█████▋    | 122267/213608 [09:16<06:55, 219.63it/s]
ROP:  57%|█████▋    | 122335/213608 [09:17<06:55, 219.57it/s]
ROP:  57%|█████▋    | 122403/213608 [09:17<06:55, 219.52it/s]
ROP:  57%|█████▋    | 122471/213608 [09:17<06:55, 219.51it/s]
ROP:  57%|█████▋    | 122539/213608 [09:18<06:55, 219.40it/s]
ROP:  57%|█████▋    | 122588/213608 [09:18<06:54, 219.43it/s]
ROP:  57%|█████▋    | 122637/213608 [09:18<06:54, 219.43it/s]
ROP:  57%|█████▋    | 122686/213608 [09:19<06:54, 219.43it/s]
ROP:  58%|█████▊    | 122865/213608 [09:19<06:53, 219.69it/s]
ROP:  58%|█████▊    | 123044/213608 [09:19<06:52, 219.80it/s]
ROP:  58%|█████▊    | 123091/213608 [09:19<06:51, 219.84it/s]
ROP:  58%|█████▊    | 123138/213608 [09:20<06:51, 219.86it/s]
ROP:  58%|█████▊    | 123195/213608 [09:20<06:51, 219.92it/s]
ROP:  58%|█████▊    | 123252/213608 [09:20<06:50, 219.89it/s]
ROP:  58%|█████▊    | 123309/213608 [09:21<06:51, 219.55it/s]
ROP:  58%|█████▊    | 123428/213608 [09:21<06:50, 219.71it/s]
ROP:  58%|█████▊    | 123547/213608 [09:21<06:49, 219.85it/s]
ROP:  58%|█████▊    | 123666/213608 [09:22<06:49, 219.82it/s]
ROP:  58%|█████▊    | 123714/213608 [09:22<06:48, 219.87it/s]
ROP:  58%|█████▊    | 123762/213608 [09:23<06:49, 219.67it/s]
ROP:  58%|█████▊    | 123794/213608 [09:23<06:48, 219.69it/s]
ROP:  58%|█████▊    | 123826/213608 [09:23<06:48, 219.70it/s]
ROP:  58%|█████▊    | 123899/213608 [09:23<06:48, 219.78it/s]
ROP:  58%|█████▊    | 123972/213608 [09:23<06:47, 219.84it/s]
ROP:  58%|█████▊    | 124045/213608 [09:24<06:47, 219.86it/s]
ROP:  58%|█████▊    | 124118/213608 [09:24<06:46, 219.92it/s]
ROP:  58%|█████▊    | 124191/213608 [09:24<06:46, 219.93it/s]
ROP:  58%|█████▊    | 124284/213608 [09:24<06:45, 220.05it/s]
ROP:  58%|█████▊    | 124377/213608 [09:24<06:45, 220.17it/s]
ROP:  58%|█████▊    | 124470/213608 [09:25<06:44, 220.22it/s]
ROP:  58%|█████▊    | 124563/213608 [09:25<06:44, 220.26it/s]
ROP:  58%|█████▊    | 124656/213608 [09:25<06:43, 220.28it/s]
ROP:  58%|█████▊    | 124749/213608 [09:26<06:43, 220.21it/s]
ROP:  58%|█████▊    | 124765/213608 [09:26<06:43, 220.17it/s]
ROP:  58%|█████▊    | 124781/213608 [09:27<06:43, 219.98it/s]
ROP:  58%|█████▊    | 124793/213608 [09:27<06:43, 219.96it/s]
ROP:  58%|█████▊    | 124888/213608 [09:27<06:43, 220.07it/s]
ROP:  59%|█████▊    | 124983/213608 [09:28<06:42, 219.97it/s]
ROP:  59%|█████▊    | 125014/213608 [09:28<06:42, 219.98it/s]
ROP:  59%|█████▊    | 125045/213608 [09:28<06:42, 219.99it/s]
ROP:  59%|█████▊    | 125076/213608 [09:28<06:42, 219.90it/s]
ROP:  59%|█████▊    | 125126/213608 [09:28<06:42, 219.95it/s]
ROP:  59%|█████▊    | 125176/213608 [09:29<06:41, 219.99it/s]
ROP:  59%|█████▊    | 125226/213608 [09:29<06:41, 219.99it/s]
ROP:  59%|█████▊    | 125276/213608 [09:29<06:41, 220.00it/s]
ROP:  59%|█████▊    | 125276/213608 [09:30<06:42, 219.70it/s]
ROP:  59%|█████▊    | 125315/213608 [09:30<06:41, 219.75it/s]
ROP:  59%|█████▉    | 125533/213608 [09:30<06:40, 220.08it/s]
ROP:  59%|█████▉    | 125751/213608 [09:31<06:39, 220.05it/s]
ROP:  59%|█████▉    | 125835/213608 [09:31<06:38, 220.16it/s]
ROP:  59%|█████▉    | 125999/213608 [09:31<06:37, 220.39it/s]
ROP:  59%|█████▉    | 126163/213608 [09:32<06:36, 220.56it/s]
ROP:  59%|█████▉    | 126327/213608 [09:32<06:35, 220.74it/s]
ROP:  59%|█████▉    | 126491/213608 [09:32<06:34, 220.95it/s]
ROP:  59%|█████▉    | 126655/213608 [09:33<06:33, 221.04it/s]
ROP:  59%|█████▉    | 126851/213608 [09:33<06:31, 221.34it/s]
ROP:  59%|█████▉    | 127047/213608 [09:34<06:31, 221.13it/s]
ROP:  60%|█████▉    | 127165/213608 [09:34<06:30, 221.29it/s]
ROP:  60%|█████▉    | 127283/213608 [09:35<06:30, 221.26it/s]
ROP:  60%|█████▉    | 127351/213608 [09:35<06:29, 221.34it/s]
ROP:  60%|█████▉    | 127419/213608 [09:35<06:29, 221.26it/s]
ROP:  60%|█████▉    | 127463/213608 [09:35<06:29, 221.30it/s]
ROP:  60%|█████▉    | 127507/213608 [09:36<06:29, 221.33it/s]
ROP:  60%|█████▉    | 127576/213608 [09:36<06:28, 221.41it/s]
ROP:  60%|█████▉    | 127645/213608 [09:36<06:28, 221.34it/s]
ROP:  60%|█████▉    | 127714/213608 [09:36<06:28, 221.37it/s]
ROP:  60%|█████▉    | 127783/213608 [09:37<06:27, 221.27it/s]
ROP:  60%|█████▉    | 127798/213608 [09:37<06:27, 221.22it/s]
ROP:  60%|█████▉    | 127813/213608 [09:37<06:27, 221.20it/s]
ROP:  60%|█████▉    | 127997/213608 [09:37<06:26, 221.48it/s]
ROP:  60%|██████    | 128181/213608 [09:38<06:25, 221.51it/s]
ROP:  60%|██████    | 128256/213608 [09:38<06:25, 221.57it/s]
ROP:  60%|██████    | 128331/213608 [09:39<06:25, 221.49it/s]
ROP:  60%|██████    | 128350/213608 [09:39<06:24, 221.48it/s]
ROP:  60%|██████    | 128499/213608 [09:39<06:23, 221.69it/s]
ROP:  60%|██████    | 128648/213608 [09:39<06:22, 221.87it/s]
ROP:  60%|██████    | 128797/213608 [09:39<06:21, 222.07it/s]
ROP:  60%|██████    | 128946/213608 [09:40<06:21, 222.09it/s]
ROP:  60%|██████    | 129060/213608 [09:40<06:20, 222.23it/s]
ROP:  60%|██████    | 129174/213608 [09:41<06:19, 222.30it/s]
ROP:  61%|██████    | 129288/213608 [09:41<06:19, 222.41it/s]
ROP:  61%|██████    | 129410/213608 [09:41<06:18, 222.57it/s]
ROP:  61%|██████    | 129532/213608 [09:42<06:17, 222.50it/s]
ROP:  61%|██████    | 129676/213608 [09:42<06:16, 222.69it/s]
ROP:  61%|██████    | 129820/213608 [09:42<06:16, 222.73it/s]
ROP:  61%|██████    | 129847/213608 [09:43<06:16, 222.71it/s]
ROP:  61%|██████    | 130012/213608 [09:43<06:14, 222.93it/s]
ROP:  61%|██████    | 130177/213608 [09:43<06:14, 222.94it/s]
ROP:  61%|██████    | 130243/213608 [09:44<06:13, 222.99it/s]
ROP:  61%|██████    | 130320/213608 [09:44<06:13, 223.08it/s]
ROP:  61%|██████    | 130525/213608 [09:44<06:11, 223.37it/s]
ROP:  61%|██████    | 130730/213608 [09:45<06:11, 223.35it/s]
ROP:  61%|██████▏   | 130859/213608 [09:45<06:10, 223.53it/s]
ROP:  61%|██████▏   | 130988/213608 [09:45<06:09, 223.70it/s]
ROP:  61%|██████▏   | 131117/213608 [09:45<06:08, 223.80it/s]
ROP:  61%|██████▏   | 131246/213608 [09:46<06:07, 223.90it/s]
ROP:  62%|██████▏   | 131375/213608 [09:47<06:07, 223.72it/s]
ROP:  62%|██████▏   | 131452/213608 [09:47<06:07, 223.81it/s]
ROP:  62%|██████▏   | 131571/213608 [09:47<06:06, 223.97it/s]
ROP:  62%|██████▏   | 131690/213608 [09:48<06:05, 223.93it/s]
ROP:  62%|██████▏   | 131770/213608 [09:48<06:05, 224.01it/s]
ROP:  62%|██████▏   | 131850/213608 [09:48<06:04, 224.05it/s]
ROP:  62%|██████▏   | 131930/213608 [09:48<06:04, 224.13it/s]
ROP:  62%|██████▏   | 132010/213608 [09:48<06:03, 224.18it/s]
ROP:  62%|██████▏   | 132090/213608 [09:49<06:03, 223.98it/s]
ROP:  62%|██████▏   | 132100/213608 [09:49<06:03, 223.94it/s]
ROP:  62%|██████▏   | 132110/213608 [09:50<06:04, 223.89it/s]
ROP:  62%|██████▏   | 132120/213608 [09:50<06:04, 223.87it/s]
ROP:  62%|██████▏   | 132132/213608 [09:50<06:03, 223.85it/s]
ROP:  62%|██████▏   | 132159/213608 [09:50<06:03, 223.84it/s]
ROP:  62%|██████▏   | 132186/213608 [09:50<06:03, 223.81it/s]
ROP:  62%|██████▏   | 132234/213608 [09:50<06:03, 223.85it/s]
ROP:  62%|██████▏   | 132282/213608 [09:51<06:03, 223.54it/s]
ROP:  62%|██████▏   | 132287/213608 [09:51<06:03, 223.49it/s]
ROP:  62%|██████▏   | 132294/213608 [09:52<06:03, 223.45it/s]
ROP:  62%|██████▏   | 132355/213608 [09:52<06:03, 223.51it/s]
ROP:  62%|██████▏   | 132416/213608 [09:52<06:03, 223.57it/s]
ROP:  62%|██████▏   | 132477/213608 [09:52<06:02, 223.63it/s]
ROP:  62%|██████▏   | 132552/213608 [09:52<06:02, 223.70it/s]
ROP:  62%|██████▏   | 132627/213608 [09:54<06:02, 223.19it/s]
ROP:  62%|██████▏   | 132650/213608 [09:54<06:02, 223.18it/s]
ROP:  62%|██████▏   | 132673/213608 [09:54<06:02, 223.12it/s]
ROP:  62%|██████▏   | 132696/213608 [09:55<06:02, 223.02it/s]
ROP:  62%|██████▏   | 132719/213608 [09:55<06:02, 222.92it/s]
ROP:  62%|██████▏   | 132742/213608 [09:55<06:02, 222.83it/s]
ROP:  62%|██████▏   | 132765/213608 [09:56<06:02, 222.75it/s]
ROP:  62%|██████▏   | 132789/213608 [09:56<06:02, 222.75it/s]
ROP:  62%|██████▏   | 132813/213608 [09:56<06:02, 222.71it/s]
ROP:  62%|██████▏   | 132837/213608 [09:56<06:02, 222.63it/s]
ROP:  62%|██████▏   | 132861/213608 [09:57<06:02, 222.54it/s]
ROP:  62%|██████▏   | 132887/213608 [09:57<06:02, 222.53it/s]
ROP:  62%|██████▏   | 132913/213608 [09:57<06:02, 222.50it/s]
ROP:  62%|██████▏   | 132939/213608 [09:57<06:02, 222.42it/s]
ROP:  62%|██████▏   | 132965/213608 [09:58<06:02, 222.32it/s]
ROP:  62%|██████▏   | 132999/213608 [09:58<06:02, 222.33it/s]
ROP:  62%|██████▏   | 133033/213608 [09:58<06:02, 222.16it/s]
ROP:  62%|██████▏   | 133055/213608 [09:58<06:02, 222.16it/s]
ROP:  62%|██████▏   | 133077/213608 [09:59<06:02, 222.12it/s]
ROP:  62%|██████▏   | 133124/213608 [09:59<06:02, 222.15it/s]
ROP:  62%|██████▏   | 133171/213608 [09:59<06:02, 221.95it/s]
ROP:  62%|██████▏   | 133209/213608 [10:00<06:02, 221.98it/s]
ROP:  62%|██████▏   | 133247/213608 [10:00<06:01, 221.99it/s]
ROP:  62%|██████▏   | 133376/213608 [10:00<06:01, 222.17it/s]
ROP:  62%|██████▎   | 133505/213608 [10:00<06:00, 222.33it/s]
ROP:  63%|██████▎   | 133669/213608 [10:00<05:59, 222.57it/s]
ROP:  63%|██████▎   | 133834/213608 [10:00<05:58, 222.80it/s]
ROP:  63%|██████▎   | 133999/213608 [10:01<05:57, 222.95it/s]
ROP:  63%|██████▎   | 134257/213608 [10:01<05:55, 223.34it/s]
ROP:  63%|██████▎   | 134515/213608 [10:01<05:53, 223.45it/s]
ROP:  63%|██████▎   | 134701/213608 [10:02<05:52, 223.72it/s]
ROP:  63%|██████▎   | 134887/213608 [10:02<05:51, 223.87it/s]
ROP:  63%|██████▎   | 135073/213608 [10:02<05:50, 224.10it/s]
ROP:  63%|██████▎   | 135259/213608 [10:02<05:49, 224.35it/s]
ROP:  63%|██████▎   | 135445/213608 [10:03<05:48, 224.55it/s]
ROP:  63%|██████▎   | 135631/213608 [10:04<05:47, 224.27it/s]
ROP:  64%|██████▎   | 135646/213608 [10:04<05:47, 224.24it/s]
ROP:  64%|██████▎   | 135661/213608 [10:05<05:47, 224.16it/s]
ROP:  64%|██████▎   | 135746/213608 [10:05<05:47, 224.25it/s]
ROP:  64%|██████▎   | 135831/213608 [10:05<05:46, 224.24it/s]
ROP:  64%|██████▎   | 135916/213608 [10:06<05:46, 224.01it/s]
ROP:  64%|██████▎   | 136000/213608 [10:06<05:46, 224.11it/s]
ROP:  64%|██████▎   | 136084/213608 [10:07<05:45, 224.15it/s]
ROP:  64%|██████▍   | 136205/213608 [10:07<05:45, 224.30it/s]
ROP:  64%|██████▍   | 136326/213608 [10:07<05:44, 224.31it/s]
ROP:  64%|██████▍   | 136369/213608 [10:07<05:44, 224.35it/s]
ROP:  64%|██████▍   | 136472/213608 [10:07<05:43, 224.48it/s]
ROP:  64%|██████▍   | 136575/213608 [10:08<05:42, 224.59it/s]
ROP:  64%|██████▍   | 136678/213608 [10:08<05:42, 224.71it/s]
ROP:  64%|██████▍   | 136781/213608 [10:08<05:41, 224.82it/s]
ROP:  64%|██████▍   | 136884/213608 [10:08<05:41, 224.93it/s]
ROP:  64%|██████▍   | 136987/213608 [10:08<05:40, 225.00it/s]
ROP:  64%|██████▍   | 137090/213608 [10:09<05:40, 224.98it/s]
ROP:  64%|██████▍   | 137168/213608 [10:09<05:39, 225.06it/s]
ROP:  64%|██████▍   | 137290/213608 [10:09<05:38, 225.19it/s]
ROP:  64%|██████▍   | 137412/213608 [10:09<05:38, 225.28it/s]
ROP:  64%|██████▍   | 137534/213608 [10:10<05:37, 225.38it/s]
ROP:  64%|██████▍   | 137656/213608 [10:10<05:36, 225.47it/s]
ROP:  65%|██████▍   | 137778/213608 [10:10<05:36, 225.54it/s]
ROP:  65%|██████▍   | 137900/213608 [10:12<05:36, 225.24it/s]
ROP:  65%|██████▍   | 137909/213608 [10:12<05:36, 225.08it/s]
ROP:  65%|██████▍   | 137948/213608 [10:12<05:36, 225.10it/s]
ROP:  65%|██████▍   | 138034/213608 [10:12<05:35, 225.20it/s]
ROP:  65%|██████▍   | 138120/213608 [10:13<05:35, 225.20it/s]
ROP:  65%|██████▍   | 138206/213608 [10:14<05:35, 224.89it/s]
ROP:  65%|██████▍   | 138216/213608 [10:14<05:35, 224.85it/s]
ROP:  65%|██████▍   | 138229/213608 [10:14<05:35, 224.84it/s]
ROP:  65%|██████▍   | 138242/213608 [10:14<05:35, 224.80it/s]
ROP:  65%|██████▍   | 138255/213608 [10:15<05:35, 224.75it/s]
ROP:  65%|██████▍   | 138274/213608 [10:15<05:35, 224.73it/s]
ROP:  65%|██████▍   | 138293/213608 [10:15<05:35, 224.67it/s]
ROP:  65%|██████▍   | 138312/213608 [10:15<05:35, 224.63it/s]
ROP:  65%|██████▍   | 138331/213608 [10:15<05:35, 224.60it/s]
ROP:  65%|██████▍   | 138350/213608 [10:16<05:35, 224.53it/s]
ROP:  65%|██████▍   | 138403/213608 [10:16<05:34, 224.57it/s]
ROP:  65%|██████▍   | 138456/213608 [10:16<05:34, 224.46it/s]
ROP:  65%|██████▍   | 138466/213608 [10:17<05:34, 224.39it/s]
ROP:  65%|██████▍   | 138477/213608 [10:17<05:34, 224.36it/s]
ROP:  65%|██████▍   | 138488/213608 [10:17<05:34, 224.33it/s]
ROP:  65%|██████▍   | 138506/213608 [10:17<05:34, 224.31it/s]
ROP:  65%|██████▍   | 138548/213608 [10:17<05:34, 224.32it/s]
ROP:  65%|██████▍   | 138590/213608 [10:18<05:34, 224.25it/s]
ROP:  65%|██████▍   | 138644/213608 [10:18<05:34, 224.29it/s]
ROP:  65%|██████▍   | 138785/213608 [10:18<05:33, 224.48it/s]
ROP:  65%|██████▌   | 138926/213608 [10:18<05:32, 224.66it/s]
ROP:  65%|██████▌   | 139067/213608 [10:18<05:31, 224.80it/s]
ROP:  65%|██████▌   | 139208/213608 [10:19<05:30, 224.85it/s]
ROP:  65%|██████▌   | 139349/213608 [10:19<05:30, 224.93it/s]
ROP:  65%|██████▌   | 139490/213608 [10:19<05:29, 225.09it/s]
ROP:  65%|██████▌   | 139631/213608 [10:20<05:28, 225.19it/s]
ROP:  65%|██████▌   | 139772/213608 [10:22<05:28, 224.47it/s]
ROP:  65%|██████▌   | 139781/213608 [10:22<05:28, 224.45it/s]
ROP:  65%|██████▌   | 139790/213608 [10:22<05:28, 224.42it/s]
ROP:  65%|██████▌   | 139799/213608 [10:23<05:29, 224.31it/s]
ROP:  65%|██████▌   | 139834/213608 [10:23<05:28, 224.33it/s]
ROP:  65%|██████▌   | 139869/213608 [10:23<05:28, 224.35it/s]
ROP:  65%|██████▌   | 139904/213608 [10:23<05:28, 224.25it/s]
ROP:  66%|██████▌   | 139985/213608 [10:23<05:28, 224.34it/s]
ROP:  66%|██████▌   | 140107/213608 [10:24<05:27, 224.49it/s]
ROP:  66%|██████▌   | 140229/213608 [10:24<05:26, 224.45it/s]
ROP:  66%|██████▌   | 140392/213608 [10:24<05:25, 224.67it/s]
ROP:  66%|██████▌   | 140555/213608 [10:25<05:25, 224.76it/s]
ROP:  66%|██████▌   | 140718/213608 [10:25<05:24, 224.86it/s]
ROP:  66%|██████▌   | 140881/213608 [10:25<05:23, 225.07it/s]
ROP:  66%|██████▌   | 141044/213608 [10:26<05:22, 225.25it/s]
ROP:  66%|██████▌   | 141259/213608 [10:26<05:20, 225.55it/s]
ROP:  66%|██████▋   | 141559/213608 [10:26<05:18, 225.98it/s]
ROP:  66%|██████▋   | 141859/213608 [10:27<05:17, 226.04it/s]
ROP:  66%|██████▋   | 141918/213608 [10:27<05:17, 226.08it/s]
ROP:  66%|██████▋   | 141977/213608 [10:27<05:16, 226.14it/s]
ROP:  67%|██████▋   | 142115/213608 [10:27<05:15, 226.32it/s]
ROP:  67%|██████▋   | 142253/213608 [10:28<05:15, 226.40it/s]
ROP:  67%|██████▋   | 142391/213608 [10:28<05:14, 226.46it/s]
ROP:  67%|██████▋   | 142529/213608 [10:28<05:13, 226.61it/s]
ROP:  67%|██████▋   | 142678/213608 [10:29<05:12, 226.79it/s]
ROP:  67%|██████▋   | 142827/213608 [10:29<05:12, 226.83it/s]
ROP:  67%|██████▋   | 142889/213608 [10:29<05:11, 226.87it/s]
ROP:  67%|██████▋   | 142951/213608 [10:30<05:11, 226.75it/s]
ROP:  67%|██████▋   | 143017/213608 [10:30<05:11, 226.81it/s]
ROP:  67%|██████▋   | 143083/213608 [10:30<05:10, 226.81it/s]
ROP:  67%|██████▋   | 143149/213608 [10:31<05:10, 226.72it/s]
ROP:  67%|██████▋   | 143164/213608 [10:31<05:10, 226.70it/s]
ROP:  67%|██████▋   | 143179/213608 [10:31<05:10, 226.62it/s]
ROP:  67%|██████▋   | 143326/213608 [10:31<05:09, 226.81it/s]
ROP:  67%|██████▋   | 143473/213608 [10:32<05:08, 227.00it/s]
ROP:  67%|██████▋   | 143620/213608 [10:32<05:08, 227.13it/s]ERROR    | 2026-10-02 13:46:33,134 | angr.state_plugins.posix | Trying to close a symbolic file descriptor
ERROR    | 2026-10-02 13:46:33,545 | angr.state_plugins.posix | Trying to close a symbolic file descriptor
ERROR    | 2026-10-02 13:46:33,690 | angr.state_plugins.posix | Trying to close a symbolic file descriptor

ROP:  67%|██████▋   | 143767/213608 [10:33<05:07, 226.83it/s]
ROP:  67%|██████▋   | 143777/213608 [10:33<05:07, 226.79it/s]
ROP:  67%|██████▋   | 143872/213608 [10:34<05:07, 226.90it/s]
ROP:  67%|██████▋   | 143967/213608 [10:34<05:06, 226.91it/s]
ROP:  67%|██████▋   | 144062/213608 [10:35<05:06, 226.77it/s]
ROP:  67%|██████▋   | 144074/213608 [10:35<05:06, 226.61it/s]
ROP:  67%|██████▋   | 144102/213608 [10:35<05:06, 226.62it/s]
ROP:  67%|██████▋   | 144133/213608 [10:36<05:06, 226.61it/s]
ROP:  67%|██████▋   | 144169/213608 [10:36<05:06, 226.63it/s]
ROP:  68%|██████▊   | 144205/213608 [10:36<05:06, 226.56it/s]
ROP:  68%|██████▊   | 144241/213608 [10:36<05:06, 226.56it/s]
ROP:  68%|██████▊   | 144277/213608 [10:36<05:06, 226.56it/s]
ROP:  68%|██████▊   | 144390/213608 [10:36<05:05, 226.69it/s]
ROP:  68%|██████▊   | 144503/213608 [10:37<05:04, 226.79it/s]
ROP:  68%|██████▊   | 144616/213608 [10:37<05:04, 226.69it/s]
ROP:  68%|██████▊   | 144675/213608 [10:38<05:04, 226.74it/s]
ROP:  68%|██████▊   | 144734/213608 [10:38<05:03, 226.77it/s]
ROP:  68%|██████▊   | 144793/213608 [10:38<05:03, 226.60it/s]
ROP:  68%|██████▊   | 144814/213608 [10:39<05:03, 226.59it/s]
ROP:  68%|██████▊   | 144835/213608 [10:39<05:03, 226.45it/s]
ROP:  68%|██████▊   | 144835/213608 [10:40<05:04, 226.22it/s]
ROP:  68%|██████▊   | 144854/213608 [10:40<05:03, 226.23it/s]
ROP:  68%|██████▊   | 144857/213608 [10:40<05:03, 226.18it/s]
ROP:  68%|██████▊   | 144906/213608 [10:40<05:03, 226.22it/s]
ROP:  68%|██████▊   | 144955/213608 [10:41<05:03, 225.86it/s]
ROP:  68%|██████▊   | 144975/213608 [10:41<05:03, 225.84it/s]
ROP:  68%|██████▊   | 144995/213608 [10:42<05:03, 225.79it/s]
ROP:  68%|██████▊   | 145015/213608 [10:42<05:03, 225.78it/s]
ROP:  68%|██████▊   | 145035/213608 [10:42<05:03, 225.58it/s]
ROP:  68%|██████▊   | 145042/213608 [10:43<05:03, 225.55it/s]
ROP:  68%|██████▊   | 145056/213608 [10:43<05:03, 225.53it/s]
ROP:  68%|██████▊   | 145092/213608 [10:43<05:03, 225.55it/s]
ROP:  68%|██████▊   | 145128/213608 [10:43<05:03, 225.54it/s]
ROP:  68%|██████▊   | 145164/213608 [10:43<05:03, 225.47it/s]
ROP:  68%|██████▊   | 145204/213608 [10:43<05:03, 225.48it/s]
ROP:  68%|██████▊   | 145244/213608 [10:44<05:03, 225.33it/s]
ROP:  68%|██████▊   | 145290/213608 [10:44<05:03, 225.34it/s]
ROP:  68%|██████▊   | 145336/213608 [10:44<05:02, 225.34it/s]
ROP:  68%|██████▊   | 145382/213608 [10:45<05:02, 225.33it/s]
ROP:  68%|██████▊   | 145428/213608 [10:45<05:02, 225.36it/s]
ROP:  68%|██████▊   | 145491/213608 [10:45<05:02, 225.42it/s]
ROP:  68%|██████▊   | 145554/213608 [10:45<05:01, 225.47it/s]
ROP:  68%|██████▊   | 145624/213608 [10:45<05:01, 225.54it/s]
ROP:  68%|██████▊   | 145694/213608 [10:46<05:01, 225.38it/s]
ROP:  68%|██████▊   | 145704/213608 [10:46<05:01, 225.35it/s]
ROP:  68%|██████▊   | 145786/213608 [10:46<05:00, 225.44it/s]
ROP:  68%|██████▊   | 145868/213608 [10:46<05:00, 225.51it/s]
ROP:  68%|██████▊   | 145978/213608 [10:46<04:59, 225.64it/s]
ROP:  68%|██████▊   | 146116/213608 [10:47<04:58, 225.79it/s]
ROP:  68%|██████▊   | 146254/213608 [10:47<04:58, 225.85it/s]
ROP:  69%|██████▊   | 146392/213608 [10:48<04:57, 225.86it/s]
ROP:  69%|██████▊   | 146475/213608 [10:48<04:57, 225.95it/s]
ROP:  69%|██████▊   | 146558/213608 [10:48<04:56, 226.00it/s]
ROP:  69%|██████▊   | 146641/213608 [10:49<04:56, 225.83it/s]
ROP:  69%|██████▊   | 146702/213608 [10:49<04:56, 225.89it/s]
ROP:  69%|██████▊   | 146763/213608 [10:49<04:55, 225.91it/s]
ROP:  69%|██████▊   | 146824/213608 [10:49<04:55, 225.90it/s]
ROP:  69%|██████▉   | 146885/213608 [10:50<04:55, 225.91it/s]
ROP:  69%|██████▉   | 146956/213608 [10:50<04:54, 225.98it/s]
ROP:  69%|██████▉   | 147027/213608 [10:50<04:54, 226.04it/s]
ROP:  69%|██████▉   | 147098/213608 [10:50<04:54, 225.99it/s]
ROP:  69%|██████▉   | 147169/213608 [10:51<04:53, 226.03it/s]
ROP:  69%|██████▉   | 147343/213608 [10:51<04:52, 226.26it/s]
ROP:  69%|██████▉   | 147517/213608 [10:51<04:51, 226.35it/s]
ROP:  69%|██████▉   | 147552/213608 [10:51<04:51, 226.34it/s]
ROP:  69%|██████▉   | 147587/213608 [10:52<04:51, 226.30it/s]
ROP:  69%|██████▉   | 147623/213608 [10:52<04:51, 226.30it/s]
ROP:  69%|██████▉   | 147659/213608 [10:52<04:51, 226.26it/s]
ROP:  69%|██████▉   | 147695/213608 [10:53<04:51, 226.16it/s]
ROP:  69%|██████▉   | 147731/213608 [10:53<04:51, 226.18it/s]
ROP:  69%|██████▉   | 147767/213608 [10:53<04:51, 226.12it/s]
ROP:  69%|██████▉   | 147803/213608 [10:53<04:51, 226.04it/s]
ROP:  69%|██████▉   | 147859/213608 [10:53<04:50, 226.09it/s]
ROP:  69%|██████▉   | 147915/213608 [10:54<04:50, 226.08it/s]
ROP:  69%|██████▉   | 147971/213608 [10:55<04:50, 225.81it/s]
ROP:  69%|██████▉   | 148007/213608 [10:55<04:50, 225.83it/s]
ROP:  69%|██████▉   | 148071/213608 [10:55<04:50, 225.89it/s]
ROP:  69%|██████▉   | 148135/213608 [10:55<04:49, 225.84it/s]
ROP:  69%|██████▉   | 148199/213608 [10:56<04:49, 225.85it/s]
ROP:  69%|██████▉   | 148263/213608 [10:56<04:49, 225.87it/s]
ROP:  69%|██████▉   | 148327/213608 [10:56<04:48, 225.89it/s]
ROP:  69%|██████▉   | 148391/213608 [10:57<04:48, 225.85it/s]
ROP:  69%|██████▉   | 148455/213608 [10:57<04:48, 225.85it/s]
ROP:  70%|██████▉   | 148525/213608 [10:57<04:48, 225.92it/s]
ROP:  70%|██████▉   | 148595/213608 [10:57<04:47, 225.94it/s]
ROP:  70%|██████▉   | 148665/213608 [10:57<04:47, 226.01it/s]
ROP:  70%|██████▉   | 148735/213608 [10:57<04:46, 226.07it/s]
ROP:  70%|██████▉   | 148805/213608 [10:58<04:46, 226.10it/s]
ROP:  70%|██████▉   | 148875/213608 [10:58<04:46, 226.17it/s]
ROP:  70%|██████▉   | 148945/213608 [10:58<04:45, 226.23it/s]
ROP:  70%|██████▉   | 149015/213608 [10:58<04:45, 226.22it/s]
ROP:  70%|██████▉   | 149085/213608 [10:58<04:45, 226.24it/s]
ROP:  70%|██████▉   | 149155/213608 [10:59<04:44, 226.29it/s]
ROP:  70%|██████▉   | 149266/213608 [10:59<04:44, 226.42it/s]
ROP:  70%|██████▉   | 149377/213608 [10:59<04:43, 226.52it/s]
ROP:  70%|██████▉   | 149377/213608 [11:00<04:43, 226.25it/s]
ROP:  70%|██████▉   | 149439/213608 [11:00<04:43, 226.32it/s]
ROP:  70%|██████▉   | 149464/213608 [11:00<04:43, 226.33it/s]
ROP:  70%|███████   | 149556/213608 [11:00<04:42, 226.43it/s]
ROP:  70%|███████   | 149648/213608 [11:00<04:42, 226.52it/s]
ROP:  70%|███████   | 149751/213608 [11:00<04:41, 226.63it/s]
ROP:  70%|███████   | 149854/213608 [11:01<04:41, 226.69it/s]
ROP:  70%|███████   | 149966/213608 [11:01<04:40, 226.82it/s]
ROP:  70%|███████   | 150078/213608 [11:02<04:40, 226.58it/s]
ROP:  70%|███████   | 150099/213608 [11:02<04:40, 226.57it/s]
ROP:  70%|███████   | 150167/213608 [11:02<04:39, 226.64it/s]
ROP:  70%|███████   | 150235/213608 [11:02<04:39, 226.69it/s]
ROP:  70%|███████   | 150303/213608 [11:02<04:39, 226.72it/s]
ROP:  70%|███████   | 150371/213608 [11:03<04:38, 226.70it/s]
ROP:  70%|███████   | 150439/213608 [11:03<04:38, 226.76it/s]
ROP:  70%|███████   | 150507/213608 [11:04<04:38, 226.63it/s]
ROP:  70%|███████   | 150528/213608 [11:04<04:38, 226.63it/s]
ROP:  70%|███████   | 150553/213608 [11:04<04:38, 226.63it/s]
ROP:  70%|███████   | 150582/213608 [11:04<04:38, 226.63it/s]
ROP:  71%|███████   | 150627/213608 [11:04<04:37, 226.67it/s]
ROP:  71%|███████   | 150672/213608 [11:04<04:37, 226.58it/s]
ROP:  71%|███████   | 150717/213608 [11:05<04:37, 226.59it/s]
ROP:  71%|███████   | 150762/213608 [11:05<04:37, 226.57it/s]
ROP:  71%|███████   | 150807/213608 [11:05<04:37, 226.60it/s]
ROP:  71%|███████   | 150854/213608 [11:05<04:36, 226.64it/s]
ROP:  71%|███████   | 150901/213608 [11:05<04:36, 226.63it/s]
ROP:  71%|███████   | 151028/213608 [11:05<04:35, 226.77it/s]
ROP:  71%|███████   | 151155/213608 [11:06<04:35, 226.93it/s]
ROP:  71%|███████   | 151282/213608 [11:06<04:34, 227.04it/s]
ROP:  71%|███████   | 151409/213608 [11:06<04:33, 227.00it/s]
ROP:  71%|███████   | 151484/213608 [11:07<04:33, 227.08it/s]
ROP:  71%|███████   | 151559/213608 [11:07<04:33, 226.96it/s]
ROP:  71%|███████   | 151608/213608 [11:07<04:33, 226.99it/s]
ROP:  71%|███████   | 151657/213608 [11:08<04:33, 226.84it/s]
ROP:  71%|███████   | 151716/213608 [11:08<04:32, 226.89it/s]
ROP:  71%|███████   | 151775/213608 [11:08<04:32, 226.90it/s]
ROP:  71%|███████   | 151835/213608 [11:09<04:32, 226.96it/s]
ROP:  71%|███████   | 151916/213608 [11:09<04:31, 227.04it/s]
ROP:  71%|███████   | 151997/213608 [11:09<04:31, 226.92it/s]
ROP:  71%|███████   | 152013/213608 [11:09<04:31, 226.91it/s]
ROP:  71%|███████   | 152029/213608 [11:10<04:31, 226.90it/s]
ROP:  71%|███████   | 152173/213608 [11:10<04:30, 227.08it/s]
ROP:  71%|███████▏  | 152317/213608 [11:10<04:29, 227.20it/s]
ROP:  71%|███████▏  | 152461/213608 [11:10<04:28, 227.37it/s]
ROP:  71%|███████▏  | 152622/213608 [11:10<04:27, 227.58it/s]
ROP:  72%|███████▏  | 152783/213608 [11:11<04:27, 227.57it/s]
ROP:  72%|███████▏  | 152805/213608 [11:11<04:27, 227.56it/s]
ROP:  72%|███████▏  | 152858/213608 [11:11<04:26, 227.61it/s]
ROP:  72%|███████▏  | 152911/213608 [11:12<04:26, 227.51it/s]
ROP:  72%|███████▏  | 152976/213608 [11:12<04:26, 227.57it/s]
ROP:  72%|███████▏  | 153041/213608 [11:12<04:26, 227.52it/s]
ROP:  72%|███████▏  | 153106/213608 [11:12<04:25, 227.56it/s]
ROP:  72%|███████▏  | 153171/213608 [11:12<04:25, 227.62it/s]
ROP:  72%|███████▏  | 153263/213608 [11:13<04:25, 227.72it/s]
ROP:  72%|███████▏  | 153355/213608 [11:13<04:24, 227.81it/s]
ROP:  72%|███████▏  | 153447/213608 [11:13<04:24, 227.86it/s]
ROP:  72%|███████▏  | 153539/213608 [11:14<04:23, 227.65it/s]
ROP:  72%|███████▏  | 153555/213608 [11:14<04:23, 227.63it/s]
ROP:  72%|███████▏  | 153571/213608 [11:14<04:23, 227.59it/s]
ROP:  72%|███████▏  | 153661/213608 [11:14<04:23, 227.68it/s]
ROP:  72%|███████▏  | 153751/213608 [11:15<04:22, 227.68it/s]
ROP:  72%|███████▏  | 153841/213608 [11:15<04:22, 227.78it/s]
ROP:  72%|███████▏  | 153931/213608 [11:15<04:21, 227.81it/s]
ROP:  72%|███████▏  | 154021/213608 [11:15<04:21, 227.90it/s]
ROP:  72%|███████▏  | 154111/213608 [11:15<04:20, 227.99it/s]
ROP:  72%|███████▏  | 154201/213608 [11:16<04:20, 228.04it/s]
ROP:  72%|███████▏  | 154373/213608 [11:16<04:19, 228.26it/s]
ROP:  72%|███████▏  | 154545/213608 [11:16<04:18, 228.41it/s]
ROP:  72%|███████▏  | 154717/213608 [11:17<04:17, 228.53it/s]
ROP:  73%|███████▎  | 154889/213608 [11:17<04:16, 228.73it/s]
ROP:  73%|███████▎  | 155061/213608 [11:17<04:15, 228.93it/s]
ROP:  73%|███████▎  | 155233/213608 [11:17<04:14, 229.15it/s]
ROP:  73%|███████▎  | 155405/213608 [11:17<04:13, 229.33it/s]
ROP:  73%|███████▎  | 155627/213608 [11:17<04:12, 229.62it/s]
ROP:  73%|███████▎  | 155849/213608 [11:18<04:11, 229.79it/s]
ROP:  73%|███████▎  | 156071/213608 [11:18<04:10, 230.05it/s]
ROP:  73%|███████▎  | 156341/213608 [11:18<04:08, 230.41it/s]
ROP:  73%|███████▎  | 156611/213608 [11:20<04:07, 230.30it/s]
ROP:  73%|███████▎  | 156630/213608 [11:20<04:07, 230.29it/s]
ROP:  73%|███████▎  | 156658/213608 [11:20<04:07, 230.30it/s]
ROP:  73%|███████▎  | 156686/213608 [11:20<04:07, 230.26it/s]
ROP:  73%|███████▎  | 156743/213608 [11:20<04:06, 230.31it/s]
ROP:  73%|███████▎  | 156800/213608 [11:20<04:06, 230.31it/s]
ROP:  73%|███████▎  | 156857/213608 [11:21<04:06, 230.29it/s]
ROP:  73%|███████▎  | 156914/213608 [11:21<04:06, 230.31it/s]
ROP:  73%|███████▎  | 156971/213608 [11:21<04:05, 230.30it/s]
ROP:  74%|███████▎  | 157028/213608 [11:21<04:05, 230.32it/s]
ROP:  74%|███████▎  | 157103/213608 [11:21<04:05, 230.39it/s]
ROP:  74%|███████▎  | 157178/213608 [11:22<04:04, 230.34it/s]
ROP:  74%|███████▎  | 157321/213608 [11:22<04:04, 230.51it/s]
ROP:  74%|███████▎  | 157464/213608 [11:24<04:03, 230.18it/s]
ROP:  74%|███████▎  | 157477/213608 [11:24<04:03, 230.16it/s]
ROP:  74%|███████▎  | 157513/213608 [11:24<04:03, 230.18it/s]
ROP:  74%|███████▍  | 157549/213608 [11:24<04:03, 230.19it/s]
ROP:  74%|███████▍  | 157585/213608 [11:24<04:03, 230.20it/s]
ROP:  74%|███████▍  | 157621/213608 [11:24<04:03, 230.19it/s]
ROP:  74%|███████▍  | 157657/213608 [11:24<04:03, 230.19it/s]
ROP:  74%|███████▍  | 157693/213608 [11:25<04:02, 230.18it/s]
ROP:  74%|███████▍  | 157732/213608 [11:25<04:02, 230.19it/s]
ROP:  74%|███████▍  | 157771/213608 [11:25<04:02, 230.18it/s]
ROP:  74%|███████▍  | 157810/213608 [11:25<04:02, 230.20it/s]
ROP:  74%|███████▍  | 157849/213608 [11:25<04:02, 230.20it/s]
ROP:  74%|███████▍  | 157888/213608 [11:25<04:02, 230.20it/s]
ROP:  74%|███████▍  | 157927/213608 [11:26<04:01, 230.17it/s]
ROP:  74%|███████▍  | 157976/213608 [11:26<04:01, 230.20it/s]
ROP:  74%|███████▍  | 158027/213608 [11:26<04:01, 230.23it/s]
ROP:  74%|███████▍  | 158078/213608 [11:26<04:01, 230.21it/s]
ROP:  74%|███████▍  | 158129/213608 [11:27<04:01, 230.09it/s]
ROP:  74%|███████▍  | 158196/213608 [11:27<04:00, 230.15it/s]
ROP:  74%|███████▍  | 158263/213608 [11:27<04:00, 230.07it/s]
ROP:  74%|███████▍  | 158280/213608 [11:27<04:00, 230.06it/s]
ROP:  74%|███████▍  | 158308/213608 [11:28<04:00, 230.05it/s]
ROP:  74%|███████▍  | 158336/213608 [11:28<04:00, 230.04it/s]
ROP:  74%|███████▍  | 158367/213608 [11:28<04:00, 230.05it/s]
ROP:  74%|███████▍  | 158398/213608 [11:28<04:00, 230.00it/s]
ROP:  74%|███████▍  | 158478/213608 [11:28<03:59, 230.08it/s]
ROP:  74%|███████▍  | 158558/213608 [11:28<03:59, 230.15it/s]
ROP:  74%|███████▍  | 158638/213608 [11:29<03:58, 230.21it/s]
ROP:  74%|███████▍  | 158718/213608 [11:30<03:58, 230.02it/s]
ROP:  74%|███████▍  | 158753/213608 [11:30<03:58, 230.03it/s]
ROP:  74%|███████▍  | 158788/213608 [11:30<03:58, 229.98it/s]
ROP:  74%|███████▍  | 158823/213608 [11:30<03:58, 229.94it/s]
ROP:  74%|███████▍  | 158858/213608 [11:30<03:58, 229.94it/s]
ROP:  74%|███████▍  | 158920/213608 [11:30<03:57, 229.99it/s]
ROP:  74%|███████▍  | 158982/213608 [11:31<03:57, 229.86it/s]
ROP:  74%|███████▍  | 159028/213608 [11:31<03:57, 229.89it/s]
ROP:  74%|███████▍  | 159074/213608 [11:31<03:57, 229.89it/s]
ROP:  74%|███████▍  | 159134/213608 [11:32<03:56, 229.94it/s]
ROP:  75%|███████▍  | 159194/213608 [11:32<03:56, 229.95it/s]
ROP:  75%|███████▍  | 159312/213608 [11:32<03:55, 230.08it/s]
ROP:  75%|███████▍  | 159430/213608 [11:32<03:55, 230.21it/s]
ROP:  75%|███████▍  | 159551/213608 [11:32<03:54, 230.35it/s]
ROP:  75%|███████▍  | 159672/213608 [11:32<03:54, 230.44it/s]
ROP:  75%|███████▍  | 159793/213608 [11:33<03:53, 230.46it/s]
ROP:  75%|███████▍  | 159914/213608 [11:33<03:52, 230.57it/s]
ROP:  75%|███████▍  | 160035/213608 [11:34<03:52, 230.49it/s]
ROP:  75%|███████▍  | 160080/213608 [11:34<03:52, 230.51it/s]
ROP:  75%|███████▍  | 160125/213608 [11:34<03:52, 230.47it/s]
ROP:  75%|███████▍  | 160170/213608 [11:35<03:51, 230.39it/s]
ROP:  75%|███████▌  | 160220/213608 [11:35<03:51, 230.42it/s]
ROP:  75%|███████▌  | 160270/213608 [11:35<03:51, 230.30it/s]
ROP:  75%|███████▌  | 160307/213608 [11:36<03:51, 230.30it/s]
ROP:  75%|███████▌  | 160386/213608 [11:36<03:51, 230.36it/s]
ROP:  75%|███████▌  | 160465/213608 [11:36<03:50, 230.39it/s]
ROP:  75%|███████▌  | 160615/213608 [11:36<03:49, 230.55it/s]
ROP:  75%|███████▌  | 160765/213608 [11:37<03:49, 230.62it/s]
ROP:  75%|███████▌  | 160915/213608 [11:37<03:48, 230.67it/s]
ROP:  75%|███████▌  | 161065/213608 [11:38<03:47, 230.65it/s]
ROP:  75%|███████▌  | 161130/213608 [11:38<03:47, 230.70it/s]
ROP:  75%|███████▌  | 161195/213608 [11:38<03:47, 230.74it/s]
ROP:  75%|███████▌  | 161260/213608 [11:39<03:46, 230.67it/s]
ROP:  76%|███████▌  | 161365/213608 [11:39<03:46, 230.78it/s]
ROP:  76%|███████▌  | 161470/213608 [11:39<03:45, 230.76it/s]
ROP:  76%|███████▌  | 161537/213608 [11:39<03:45, 230.82it/s]
ROP:  76%|███████▌  | 161604/213608 [11:40<03:45, 230.75it/s]
ROP:  76%|███████▌  | 161671/213608 [11:40<03:45, 230.65it/s]
ROP:  76%|███████▌  | 161690/213608 [11:41<03:45, 230.63it/s]
ROP:  76%|███████▌  | 161733/213608 [11:41<03:44, 230.63it/s]
ROP:  76%|███████▌  | 161776/213608 [11:41<03:44, 230.60it/s]
ROP:  76%|███████▌  | 161819/213608 [11:41<03:44, 230.58it/s]
ROP:  76%|███████▌  | 161862/213608 [11:41<03:44, 230.59it/s]
ROP:  76%|███████▌  | 161905/213608 [11:42<03:44, 230.52it/s]
ROP:  76%|███████▌  | 161965/213608 [11:42<03:43, 230.56it/s]
ROP:  76%|███████▌  | 162025/213608 [11:42<03:43, 230.50it/s]
ROP:  76%|███████▌  | 162085/213608 [11:44<03:43, 230.21it/s]
ROP:  76%|███████▌  | 162099/213608 [11:44<03:43, 230.18it/s]
ROP:  76%|███████▌  | 162113/213608 [11:44<03:43, 230.09it/s]
ROP:  76%|███████▌  | 162127/213608 [11:44<03:43, 229.99it/s]
ROP:  76%|███████▌  | 162141/213608 [11:45<03:43, 229.92it/s]
ROP:  76%|███████▌  | 162155/213608 [11:45<03:43, 229.90it/s]
ROP:  76%|███████▌  | 162185/213608 [11:45<03:43, 229.91it/s]
ROP:  76%|███████▌  | 162256/213608 [11:45<03:43, 229.97it/s]
ROP:  76%|███████▌  | 162330/213608 [11:45<03:42, 230.04it/s]
ROP:  76%|███████▌  | 162404/213608 [11:45<03:42, 230.05it/s]
ROP:  76%|███████▌  | 162478/213608 [11:46<03:42, 230.02it/s]
ROP:  76%|███████▌  | 162588/213608 [11:46<03:41, 230.14it/s]
ROP:  76%|███████▌  | 162705/213608 [11:46<03:41, 230.26it/s]
ROP:  76%|███████▌  | 162822/213608 [11:47<03:40, 230.18it/s]
ROP:  76%|███████▋  | 162899/213608 [11:47<03:40, 230.24it/s]
ROP:  76%|███████▋  | 162976/213608 [11:47<03:39, 230.32it/s]
ROP:  76%|███████▋  | 163053/213608 [11:47<03:39, 230.39it/s]
ROP:  76%|███████▋  | 163130/213608 [11:47<03:39, 230.42it/s]
ROP:  76%|███████▋  | 163279/213608 [11:48<03:38, 230.60it/s]
ROP:  77%|███████▋  | 163428/213608 [11:48<03:37, 230.55it/s]
ROP:  77%|███████▋  | 163482/213608 [11:48<03:37, 230.59it/s]
ROP:  77%|███████▋  | 163536/213608 [11:49<03:37, 230.62it/s]
ROP:  77%|███████▋  | 163590/213608 [11:49<03:36, 230.57it/s]
ROP:  77%|███████▋  | 163644/213608 [11:49<03:36, 230.57it/s]
ROP:  77%|███████▋  | 163698/213608 [11:49<03:36, 230.58it/s]
ROP:  77%|███████▋  | 163752/213608 [11:50<03:36, 230.59it/s]
ROP:  77%|███████▋  | 163806/213608 [11:50<03:35, 230.59it/s]
ROP:  77%|███████▋  | 163930/213608 [11:50<03:35, 230.73it/s]
ROP:  77%|███████▋  | 164054/213608 [11:50<03:34, 230.77it/s]
ROP:  77%|███████▋  | 164178/213608 [11:52<03:34, 230.59it/s]
ROP:  77%|███████▋  | 164190/213608 [11:52<03:34, 230.56it/s]
ROP:  77%|███████▋  | 164202/213608 [11:52<03:34, 230.50it/s]
ROP:  77%|███████▋  | 164234/213608 [11:52<03:34, 230.51it/s]
ROP:  77%|███████▋  | 164272/213608 [11:52<03:34, 230.51it/s]
ROP:  77%|███████▋  | 164310/213608 [11:52<03:33, 230.46it/s]
ROP:  77%|███████▋  | 164348/213608 [11:53<03:33, 230.38it/s]
ROP:  77%|███████▋  | 164386/213608 [11:53<03:33, 230.36it/s]
ROP:  77%|███████▋  | 164424/213608 [11:54<03:33, 230.11it/s]
ROP:  77%|███████▋  | 164429/213608 [11:54<03:33, 230.07it/s]
ROP:  77%|███████▋  | 164438/213608 [11:54<03:33, 230.04it/s]
ROP:  77%|███████▋  | 164457/213608 [11:54<03:33, 230.03it/s]
ROP:  77%|███████▋  | 164476/213608 [11:55<03:33, 230.02it/s]
ROP:  77%|███████▋  | 164495/213608 [11:55<03:33, 229.90it/s]
ROP:  77%|███████▋  | 164514/213608 [11:55<03:33, 229.85it/s]
ROP:  77%|███████▋  | 164577/213608 [11:55<03:33, 229.91it/s]
ROP:  77%|███████▋  | 164640/213608 [11:56<03:33, 229.87it/s]
ROP:  77%|███████▋  | 164739/213608 [11:56<03:32, 229.97it/s]
ROP:  77%|███████▋  | 164838/213608 [11:56<03:32, 229.94it/s]
ROP:  77%|███████▋  | 164903/213608 [11:56<03:31, 229.99it/s]
ROP:  77%|███████▋  | 164998/213608 [11:57<03:31, 230.07it/s]
ROP:  77%|███████▋  | 165093/213608 [11:57<03:30, 230.12it/s]
ROP:  77%|███████▋  | 165188/213608 [11:57<03:30, 230.20it/s]
ROP:  77%|███████▋  | 165283/213608 [11:57<03:29, 230.30it/s]
ROP:  77%|███████▋  | 165378/213608 [11:57<03:29, 230.39it/s]
ROP:  77%|███████▋  | 165473/213608 [11:57<03:28, 230.48it/s]
ROP:  78%|███████▊  | 165568/213608 [11:58<03:28, 230.57it/s]
ROP:  78%|███████▊  | 165663/213608 [11:58<03:27, 230.56it/s]
ROP:  78%|███████▊  | 165758/213608 [11:58<03:27, 230.58it/s]
ROP:  78%|███████▊  | 165853/213608 [11:59<03:27, 230.67it/s]
ROP:  78%|███████▊  | 165948/213608 [11:59<03:26, 230.75it/s]
ROP:  78%|███████▊  | 166043/213608 [11:59<03:26, 230.85it/s]
ROP:  78%|███████▊  | 166149/213608 [11:59<03:25, 230.96it/s]
ROP:  78%|███████▊  | 166294/213608 [11:59<03:24, 231.13it/s]
ROP:  78%|███████▊  | 166294/213608 [12:00<03:24, 230.89it/s]
ROP:  78%|███████▊  | 166399/213608 [12:00<03:24, 231.02it/s]
ROP:  78%|███████▊  | 166454/213608 [12:00<03:24, 231.04it/s]
ROP:  78%|███████▊  | 166521/213608 [12:00<03:23, 231.07it/s]
ROP:  78%|███████▊  | 166588/213608 [12:01<03:23, 230.97it/s]
ROP:  78%|███████▊  | 166600/213608 [12:01<03:23, 230.95it/s]
ROP:  78%|███████▊  | 166619/213608 [12:01<03:23, 230.95it/s]
ROP:  78%|███████▊  | 166638/213608 [12:01<03:23, 230.93it/s]
ROP:  78%|███████▊  | 166676/213608 [12:01<03:23, 230.93it/s]
ROP:  78%|███████▊  | 166714/213608 [12:02<03:23, 230.89it/s]
ROP:  78%|███████▊  | 166752/213608 [12:02<03:22, 230.89it/s]
ROP:  78%|███████▊  | 166790/213608 [12:02<03:22, 230.89it/s]
ROP:  78%|███████▊  | 166828/213608 [12:02<03:22, 230.77it/s]
ROP:  78%|███████▊  | 166896/213608 [12:03<03:22, 230.82it/s]
ROP:  78%|███████▊  | 166964/213608 [12:03<03:22, 230.88it/s]
ROP:  78%|███████▊  | 167032/213608 [12:03<03:21, 230.93it/s]
ROP:  78%|███████▊  | 167100/213608 [12:03<03:21, 230.96it/s]
ROP:  78%|███████▊  | 167168/213608 [12:03<03:21, 230.93it/s]
ROP:  78%|███████▊  | 167236/213608 [12:04<03:20, 230.98it/s]
ROP:  78%|███████▊  | 167304/213608 [12:04<03:20, 231.02it/s]
ROP:  78%|███████▊  | 167372/213608 [12:04<03:20, 231.03it/s]
ROP:  78%|███████▊  | 167440/213608 [12:04<03:19, 231.07it/s]
ROP:  78%|███████▊  | 167509/213608 [12:04<03:19, 231.11it/s]
ROP:  78%|███████▊  | 167578/213608 [12:05<03:19, 231.06it/s]
ROP:  78%|███████▊  | 167680/213608 [12:05<03:18, 231.16it/s]
ROP:  79%|███████▊  | 167782/213608 [12:05<03:18, 231.19it/s]
ROP:  79%|███████▊  | 167884/213608 [12:06<03:17, 231.04it/s]
ROP:  79%|███████▊  | 167896/213608 [12:06<03:17, 231.00it/s]
ROP:  79%|███████▊  | 167926/213608 [12:06<03:17, 231.00it/s]
ROP:  79%|███████▊  | 167956/213608 [12:07<03:17, 230.95it/s]
ROP:  79%|███████▊  | 167992/213608 [12:07<03:17, 230.96it/s]
ROP:  79%|███████▊  | 168028/213608 [12:07<03:17, 230.84it/s]
ROP:  79%|███████▊  | 168069/213608 [12:08<03:17, 230.85it/s]
ROP:  79%|███████▊  | 168120/213608 [12:08<03:17, 230.88it/s]
ROP:  79%|███████▊  | 168171/213608 [12:08<03:16, 230.82it/s]
ROP:  79%|███████▉  | 168222/213608 [12:09<03:16, 230.62it/s]
ROP:  79%|███████▉  | 168234/213608 [12:09<03:16, 230.58it/s]
ROP:  79%|███████▉  | 168246/213608 [12:09<03:16, 230.52it/s]
ROP:  79%|███████▉  | 168291/213608 [12:09<03:16, 230.54it/s]
ROP:  79%|███████▉  | 168336/213608 [12:10<03:16, 230.34it/s]
ROP:  79%|███████▉  | 168605/213608 [12:10<03:15, 230.68it/s]
ROP:  79%|███████▉  | 168874/213608 [12:11<03:13, 231.01it/s]
ROP:  79%|███████▉  | 169143/213608 [12:11<03:12, 231.34it/s]
ROP:  79%|███████▉  | 169412/213608 [12:12<03:11, 231.13it/s]
ROP:  79%|███████▉  | 169453/213608 [12:13<03:11, 231.14it/s]
ROP:  79%|███████▉  | 169494/213608 [12:13<03:10, 231.16it/s]
ROP:  79%|███████▉  | 169578/213608 [12:13<03:10, 231.23it/s]
ROP:  79%|███████▉  | 169662/213608 [12:14<03:10, 231.15it/s]
ROP:  79%|███████▉  | 169725/213608 [12:14<03:09, 231.17it/s]
ROP:  79%|███████▉  | 169788/213608 [12:14<03:09, 231.21it/s]
ROP:  80%|███████▉  | 169851/213608 [12:14<03:09, 231.10it/s]
ROP:  80%|███████▉  | 169879/213608 [12:15<03:09, 231.09it/s]
ROP:  80%|███████▉  | 169907/213608 [12:15<03:09, 231.04it/s]
ROP:  80%|███████▉  | 169935/213608 [12:15<03:09, 231.03it/s]
ROP:  80%|███████▉  | 169963/213608 [12:15<03:08, 231.01it/s]
ROP:  80%|███████▉  | 169991/213608 [12:15<03:08, 231.02it/s]
ROP:  80%|███████▉  | 170024/213608 [12:16<03:08, 231.00it/s]
ROP:  80%|███████▉  | 170057/213608 [12:16<03:08, 230.83it/s]
ROP:  80%|███████▉  | 170062/213608 [12:16<03:08, 230.76it/s]
ROP:  80%|███████▉  | 170074/213608 [12:17<03:08, 230.71it/s]
ROP:  80%|███████▉  | 170139/213608 [12:17<03:08, 230.76it/s]
ROP:  80%|███████▉  | 170204/213608 [12:17<03:08, 230.74it/s]
ROP:  80%|███████▉  | 170269/213608 [12:17<03:07, 230.76it/s]
ROP:  80%|███████▉  | 170334/213608 [12:17<03:07, 230.81it/s]
ROP:  80%|███████▉  | 170399/213608 [12:18<03:07, 230.71it/s]
ROP:  80%|███████▉  | 170426/213608 [12:18<03:07, 230.70it/s]
ROP:  80%|███████▉  | 170455/213608 [12:18<03:07, 230.70it/s]
ROP:  80%|███████▉  | 170498/213608 [12:19<03:06, 230.70it/s]
ROP:  80%|███████▉  | 170541/213608 [12:19<03:06, 230.60it/s]
ROP:  80%|███████▉  | 170639/213608 [12:19<03:06, 230.68it/s]
ROP:  80%|███████▉  | 170737/213608 [12:20<03:05, 230.63it/s]
ROP:  80%|███████▉  | 170754/213608 [12:20<03:05, 230.59it/s]
ROP:  80%|███████▉  | 170823/213608 [12:20<03:05, 230.58it/s]
ROP:  80%|████████  | 170892/213608 [12:21<03:05, 230.48it/s]
ROP:  80%|████████  | 170904/213608 [12:21<03:05, 230.43it/s]
ROP:  80%|████████  | 170916/213608 [12:21<03:05, 230.39it/s]
ROP:  80%|████████  | 170928/213608 [12:21<03:05, 230.37it/s]
ROP:  80%|████████  | 170940/213608 [12:22<03:05, 230.34it/s]
ROP:  80%|████████  | 170952/213608 [12:22<03:05, 230.32it/s]
ROP:  80%|████████  | 170964/213608 [12:22<03:05, 230.28it/s]
ROP:  80%|████████  | 170976/213608 [12:22<03:05, 230.24it/s]
ROP:  80%|████████  | 170988/213608 [12:22<03:05, 230.18it/s]
ROP:  80%|████████  | 171000/213608 [12:23<03:05, 230.12it/s]
ROP:  80%|████████  | 171012/213608 [12:23<03:05, 230.10it/s]
ROP:  80%|████████  | 171024/213608 [12:23<03:05, 230.06it/s]
ROP:  80%|████████  | 171075/213608 [12:23<03:04, 230.09it/s]
ROP:  80%|████████  | 171126/213608 [12:23<03:04, 230.03it/s]
ROP:  80%|████████  | 171177/213608 [12:24<03:04, 229.95it/s]
ROP:  80%|████████  | 171228/213608 [12:24<03:04, 229.96it/s]
ROP:  80%|████████  | 171281/213608 [12:24<03:04, 229.98it/s]
ROP:  80%|████████  | 171334/213608 [12:24<03:03, 230.01it/s]
ROP:  80%|████████  | 171387/213608 [12:25<03:03, 229.92it/s]
ROP:  80%|████████  | 171398/213608 [12:25<03:03, 229.86it/s]
ROP:  80%|████████  | 171409/213608 [12:25<03:03, 229.83it/s]
ROP:  80%|████████  | 171421/213608 [12:25<03:03, 229.81it/s]
ROP:  80%|████████  | 171433/213608 [12:26<03:03, 229.61it/s]
ROP:  80%|████████  | 171435/213608 [12:26<03:03, 229.57it/s]
ROP:  80%|████████  | 171449/213608 [12:26<03:03, 229.56it/s]
ROP:  80%|████████  | 171463/213608 [12:27<03:03, 229.51it/s]
ROP:  80%|████████  | 171546/213608 [12:27<03:03, 229.59it/s]
ROP:  80%|████████  | 171629/213608 [12:27<03:02, 229.54it/s]
ROP:  80%|████████  | 171821/213608 [12:27<03:01, 229.77it/s]
ROP:  81%|████████  | 172013/213608 [12:28<03:00, 229.88it/s]
ROP:  81%|████████  | 172265/213608 [12:28<02:59, 230.19it/s]
ROP:  81%|████████  | 172517/213608 [12:28<02:58, 230.43it/s]
ROP:  81%|████████  | 172769/213608 [12:29<02:57, 230.53it/s]
ROP:  81%|████████  | 172803/213608 [12:29<02:57, 230.53it/s]
ROP:  81%|████████  | 172837/213608 [12:29<02:56, 230.51it/s]
ROP:  81%|████████  | 172871/213608 [12:29<02:56, 230.51it/s]
ROP:  81%|████████  | 172956/213608 [12:30<02:56, 230.59it/s]
ROP:  81%|████████  | 173052/213608 [12:30<02:55, 230.68it/s]
ROP:  81%|████████  | 173148/213608 [12:30<02:55, 230.59it/s]
ROP:  81%|████████  | 173305/213608 [12:31<02:54, 230.76it/s]
ROP:  81%|████████  | 173462/213608 [12:32<02:54, 230.66it/s]
ROP:  81%|████████▏ | 173573/213608 [12:32<02:53, 230.78it/s]
ROP:  81%|████████▏ | 173756/213608 [12:32<02:52, 230.98it/s]
ROP:  81%|████████▏ | 173939/213608 [12:33<02:51, 230.85it/s]
ROP:  81%|████████▏ | 173982/213608 [12:33<02:51, 230.86it/s]
ROP:  81%|████████▏ | 174025/213608 [12:34<02:51, 230.79it/s]
ROP:  82%|████████▏ | 174209/213608 [12:34<02:50, 231.01it/s]
ROP:  82%|████████▏ | 174405/213608 [12:34<02:49, 231.24it/s]
ROP:  82%|████████▏ | 174601/213608 [12:34<02:48, 231.44it/s]
ROP:  82%|████████▏ | 174797/213608 [12:34<02:47, 231.66it/s]
ROP:  82%|████████▏ | 174993/213608 [12:34<02:46, 231.84it/s]
ROP:  82%|████████▏ | 175189/213608 [12:34<02:45, 232.06it/s]
ROP:  82%|████████▏ | 175385/213608 [12:35<02:44, 232.24it/s]
ROP:  82%|████████▏ | 175581/213608 [12:36<02:43, 232.24it/s]
ROP:  82%|████████▏ | 175628/213608 [12:36<02:43, 232.26it/s]
ROP:  82%|████████▏ | 175675/213608 [12:36<02:43, 232.28it/s]
ROP:  82%|████████▏ | 175722/213608 [12:36<02:43, 232.31it/s]
ROP:  82%|████████▏ | 175843/213608 [12:36<02:42, 232.44it/s]
ROP:  82%|████████▏ | 175964/213608 [12:36<02:41, 232.55it/s]
ROP:  82%|████████▏ | 176085/213608 [12:36<02:41, 232.67it/s]
ROP:  82%|████████▏ | 176206/213608 [12:37<02:40, 232.73it/s]
ROP:  83%|████████▎ | 176327/213608 [12:37<02:40, 232.81it/s]
ROP:  83%|████████▎ | 176451/213608 [12:37<02:39, 232.93it/s]
ROP:  83%|████████▎ | 176575/213608 [12:38<02:38, 232.95it/s]
ROP:  83%|████████▎ | 176699/213608 [12:39<02:38, 232.77it/s]
ROP:  83%|████████▎ | 176727/213608 [12:39<02:38, 232.76it/s]
ROP:  83%|████████▎ | 176767/213608 [12:39<02:38, 232.76it/s]
ROP:  83%|████████▎ | 176807/213608 [12:39<02:38, 232.70it/s]
ROP:  83%|████████▎ | 176847/213608 [12:39<02:37, 232.70it/s]
ROP:  83%|████████▎ | 176887/213608 [12:40<02:37, 232.65it/s]
ROP:  83%|████████▎ | 176927/213608 [12:40<02:37, 232.53it/s]
ROP:  83%|████████▎ | 176956/213608 [12:40<02:37, 232.53it/s]
ROP:  83%|████████▎ | 176985/213608 [12:41<02:37, 232.52it/s]
ROP:  83%|████████▎ | 177014/213608 [12:41<02:37, 232.50it/s]
ROP:  83%|████████▎ | 177043/213608 [12:41<02:37, 232.51it/s]
ROP:  83%|████████▎ | 177073/213608 [12:41<02:37, 232.51it/s]
ROP:  83%|████████▎ | 177103/213608 [12:41<02:37, 232.46it/s]
ROP:  83%|████████▎ | 177133/213608 [12:41<02:36, 232.46it/s]
ROP:  83%|████████▎ | 177163/213608 [12:42<02:36, 232.44it/s]
ROP:  83%|████████▎ | 177193/213608 [12:42<02:36, 232.40it/s]
ROP:  83%|████████▎ | 177223/213608 [12:42<02:36, 232.33it/s]
ROP:  83%|████████▎ | 177283/213608 [12:42<02:36, 232.38it/s]
ROP:  83%|████████▎ | 177343/213608 [12:43<02:36, 232.31it/s]
ROP:  83%|████████▎ | 177430/213608 [12:43<02:35, 232.39it/s]
ROP:  83%|████████▎ | 177517/213608 [12:43<02:35, 232.38it/s]
ROP:  83%|████████▎ | 177604/213608 [12:44<02:35, 232.23it/s]
ROP:  83%|████████▎ | 177665/213608 [12:44<02:34, 232.27it/s]
ROP:  83%|████████▎ | 177726/213608 [12:45<02:34, 232.26it/s]
ROP:  83%|████████▎ | 177787/213608 [12:45<02:34, 232.21it/s]
ROP:  83%|████████▎ | 177948/213608 [12:45<02:33, 232.39it/s]
ROP:  83%|████████▎ | 178109/213608 [12:46<02:32, 232.42it/s]
ROP:  83%|████████▎ | 178264/213608 [12:46<02:31, 232.59it/s]
ROP:  84%|████████▎ | 178419/213608 [12:47<02:31, 232.55it/s]
ROP:  84%|████████▎ | 178439/213608 [12:47<02:31, 232.53it/s]
ROP:  84%|████████▎ | 178486/213608 [12:47<02:31, 232.55it/s]
ROP:  84%|████████▎ | 178533/213608 [12:47<02:30, 232.54it/s]
ROP:  84%|████████▎ | 178623/213608 [12:47<02:30, 232.62it/s]
ROP:  84%|████████▎ | 178713/213608 [12:48<02:29, 232.69it/s]
ROP:  84%|████████▎ | 178803/213608 [12:48<02:29, 232.73it/s]
ROP:  84%|████████▎ | 178893/213608 [12:48<02:29, 232.73it/s]
ROP:  84%|████████▍ | 178983/213608 [12:48<02:28, 232.75it/s]
ROP:  84%|████████▍ | 179100/213608 [12:49<02:28, 232.87it/s]
ROP:  84%|████████▍ | 179217/213608 [12:49<02:27, 232.98it/s]
ROP:  84%|████████▍ | 179334/213608 [12:49<02:27, 233.02it/s]
ROP:  84%|████████▍ | 179451/213608 [12:49<02:26, 233.09it/s]
ROP:  84%|████████▍ | 179604/213608 [12:50<02:25, 233.24it/s]
ROP:  84%|████████▍ | 179757/213608 [12:50<02:25, 233.30it/s]
ROP:  84%|████████▍ | 179910/213608 [12:51<02:24, 233.33it/s]
ROP:  84%|████████▍ | 179976/213608 [12:51<02:24, 233.39it/s]
ROP:  84%|████████▍ | 180042/213608 [12:51<02:23, 233.23it/s]
ROP:  84%|████████▍ | 180051/213608 [12:52<02:23, 233.20it/s]
ROP:  84%|████████▍ | 180080/213608 [12:52<02:23, 233.20it/s]
ROP:  84%|████████▍ | 180109/213608 [12:52<02:23, 233.21it/s]
ROP:  84%|████████▍ | 180138/213608 [12:52<02:23, 233.18it/s]
ROP:  84%|████████▍ | 180167/213608 [12:52<02:23, 233.16it/s]
ROP:  84%|████████▍ | 180224/213608 [12:52<02:23, 233.21it/s]
ROP:  84%|████████▍ | 180300/213608 [12:52<02:22, 233.26it/s]
ROP:  84%|████████▍ | 180376/213608 [12:53<02:22, 233.31it/s]
ROP:  85%|████████▍ | 180562/213608 [12:53<02:21, 233.51it/s]
ROP:  85%|████████▍ | 180748/213608 [12:53<02:20, 233.68it/s]
ROP:  85%|████████▍ | 180934/213608 [12:53<02:19, 233.88it/s]
ROP:  85%|████████▍ | 181120/213608 [12:53<02:18, 234.08it/s]
ROP:  85%|████████▍ | 181444/213608 [12:53<02:17, 234.47it/s]
ROP:  85%|████████▌ | 181768/213608 [12:53<02:15, 234.86it/s]
ROP:  85%|████████▌ | 182092/213608 [12:54<02:13, 235.25it/s]
ROP:  85%|████████▌ | 182416/213608 [12:54<02:12, 235.58it/s]
ROP:  86%|████████▌ | 182774/213608 [12:54<02:10, 236.01it/s]
ROP:  86%|████████▌ | 183132/213608 [12:54<02:08, 236.43it/s]
ROP:  86%|████████▌ | 183490/213608 [12:54<02:07, 236.86it/s]
ROP:  86%|████████▌ | 183848/213608 [12:55<02:05, 237.21it/s]
ROP:  86%|████████▌ | 184206/213608 [12:55<02:03, 237.64it/s]
ROP:  86%|████████▋ | 184564/213608 [12:55<02:02, 238.05it/s]
ROP:  87%|████████▋ | 184922/213608 [12:55<02:00, 238.46it/s]
ROP:  87%|████████▋ | 185304/213608 [12:55<01:58, 238.93it/s]
ROP:  87%|████████▋ | 185686/213608 [12:55<01:56, 239.36it/s]
ROP:  87%|████████▋ | 186068/213608 [12:56<01:54, 239.71it/s]
ROP:  87%|████████▋ | 186450/213608 [12:56<01:53, 240.12it/s]
ROP:  87%|████████▋ | 186832/213608 [12:56<01:51, 240.57it/s]
ROP:  88%|████████▊ | 187214/213608 [12:57<01:49, 240.91it/s]
ROP:  88%|████████▊ | 187408/213608 [12:57<01:48, 241.10it/s]
ROP:  88%|████████▊ | 187663/213608 [12:57<01:47, 241.39it/s]
ROP:  88%|████████▊ | 187918/213608 [12:58<01:46, 241.36it/s]
ROP:  88%|████████▊ | 187940/213608 [12:58<01:46, 241.29it/s]
ROP:  88%|████████▊ | 187962/213608 [12:59<01:46, 241.24it/s]
ROP:  88%|████████▊ | 187993/213608 [12:59<01:46, 241.25it/s]
ROP:  88%|████████▊ | 188024/213608 [12:59<01:46, 241.15it/s]
ROP:  88%|████████▊ | 188055/213608 [13:00<01:45, 241.07it/s]
ROP:  88%|████████▊ | 188104/213608 [13:00<01:45, 241.10it/s]
ROP:  88%|████████▊ | 188153/213608 [13:00<01:45, 241.02it/s]
ROP:  88%|████████▊ | 188224/213608 [13:00<01:45, 241.06it/s]
ROP:  88%|████████▊ | 188295/213608 [13:01<01:44, 241.09it/s]
ROP:  88%|████████▊ | 188366/213608 [13:01<01:44, 241.10it/s]
ROP:  88%|████████▊ | 188437/213608 [13:01<01:44, 241.13it/s]
ROP:  88%|████████▊ | 188569/213608 [13:01<01:43, 241.25it/s]
ROP:  88%|████████▊ | 188701/213608 [13:03<01:43, 240.82it/s]
ROP:  88%|████████▊ | 188744/213608 [13:03<01:43, 240.84it/s]
ROP:  88%|████████▊ | 188787/213608 [13:04<01:43, 240.51it/s]
ROP:  88%|████████▊ | 188809/213608 [13:05<01:43, 240.42it/s]
ROP:  88%|████████▊ | 188831/213608 [13:05<01:43, 240.32it/s]
ROP:  88%|████████▊ | 188916/213608 [13:05<01:42, 240.39it/s]
ROP:  88%|████████▊ | 189001/213608 [13:07<01:42, 240.06it/s]
ROP:  88%|████████▊ | 189033/213608 [13:07<01:42, 240.06it/s]
ROP:  89%|████████▊ | 189065/213608 [13:07<01:42, 239.99it/s]
ROP:  89%|████████▊ | 189097/213608 [13:08<01:42, 239.97it/s]
ROP:  89%|████████▊ | 189129/213608 [13:08<01:42, 239.93it/s]
ROP:  89%|████████▊ | 189161/213608 [13:08<01:41, 239.87it/s]
ROP:  89%|████████▊ | 189198/213608 [13:08<01:41, 239.89it/s]
ROP:  89%|████████▊ | 189235/213608 [13:09<01:41, 239.81it/s]
ROP:  89%|████████▊ | 189272/213608 [13:09<01:41, 239.72it/s]
ROP:  89%|████████▊ | 189322/213608 [13:09<01:41, 239.73it/s]
ROP:  89%|████████▊ | 189372/213608 [13:10<01:41, 239.66it/s]
ROP:  89%|████████▊ | 189422/213608 [13:11<01:41, 239.45it/s]
ROP:  89%|████████▊ | 189428/213608 [13:11<01:41, 239.38it/s]
ROP:  89%|████████▊ | 189456/213608 [13:11<01:40, 239.38it/s]
ROP:  89%|████████▊ | 189484/213608 [13:11<01:40, 239.28it/s]
ROP:  89%|████████▉ | 189582/213608 [13:11<01:40, 239.38it/s]
ROP:  89%|████████▉ | 189680/213608 [13:12<01:39, 239.42it/s]
ROP:  89%|████████▉ | 189795/213608 [13:12<01:39, 239.53it/s]
ROP:  89%|████████▉ | 189910/213608 [13:12<01:38, 239.62it/s]
ROP:  89%|████████▉ | 190025/213608 [13:13<01:38, 239.51it/s]
ROP:  89%|████████▉ | 190078/213608 [13:13<01:38, 239.54it/s]
ROP:  89%|████████▉ | 190131/213608 [13:13<01:38, 239.54it/s]
ROP:  89%|████████▉ | 190228/213608 [13:13<01:37, 239.62it/s]
ROP:  89%|████████▉ | 190325/213608 [13:14<01:37, 239.64it/s]
ROP:  89%|████████▉ | 190422/213608 [13:14<01:36, 239.70it/s]
ROP:  89%|████████▉ | 190519/213608 [13:14<01:36, 239.78it/s]
ROP:  89%|████████▉ | 190616/213608 [13:14<01:35, 239.82it/s]
ROP:  89%|████████▉ | 190713/213608 [13:15<01:35, 239.76it/s]
ROP:  89%|████████▉ | 190733/213608 [13:15<01:35, 239.75it/s]
ROP:  89%|████████▉ | 190753/213608 [13:15<01:35, 239.73it/s]
ROP:  89%|████████▉ | 190773/213608 [13:16<01:35, 239.62it/s]
ROP:  89%|████████▉ | 190793/213608 [13:16<01:35, 239.53it/s]
ROP:  89%|████████▉ | 190821/213608 [13:16<01:35, 239.53it/s]
ROP:  89%|████████▉ | 190849/213608 [13:16<01:35, 239.52it/s]
ROP:  89%|████████▉ | 190880/213608 [13:16<01:34, 239.52it/s]
ROP:  89%|████████▉ | 190978/213608 [13:17<01:34, 239.60it/s]
ROP:  90%|████████▉ | 191215/213608 [13:17<01:33, 239.87it/s]
ROP:  90%|████████▉ | 191452/213608 [13:19<01:32, 239.59it/s]
ROP:  90%|████████▉ | 191545/213608 [13:19<01:32, 239.68it/s]
ROP:  90%|████████▉ | 191638/213608 [13:19<01:31, 239.76it/s]
ROP:  90%|████████▉ | 191731/213608 [13:19<01:31, 239.78it/s]
ROP:  90%|████████▉ | 191843/213608 [13:19<01:30, 239.89it/s]
ROP:  90%|████████▉ | 191958/213608 [13:19<01:30, 239.99it/s]
ROP:  90%|████████▉ | 192143/213608 [13:19<01:29, 240.19it/s]
ROP:  90%|█████████ | 192328/213608 [13:20<01:28, 240.33it/s]
ROP:  90%|█████████ | 192513/213608 [13:20<01:27, 240.51it/s]
ROP:  90%|█████████ | 192698/213608 [13:20<01:26, 240.68it/s]
ROP:  90%|█████████ | 192883/213608 [13:20<01:26, 240.88it/s]
ROP:  90%|█████████ | 193068/213608 [13:20<01:25, 241.07it/s]
ROP:  90%|█████████ | 193253/213608 [13:21<01:24, 241.23it/s]
ROP:  91%|█████████ | 193438/213608 [13:23<01:23, 240.71it/s]
ROP:  91%|█████████ | 193454/213608 [13:23<01:23, 240.69it/s]
ROP:  91%|█████████ | 193472/213608 [13:23<01:23, 240.68it/s]
ROP:  91%|█████████ | 193505/213608 [13:23<01:23, 240.68it/s]
ROP:  91%|█████████ | 193538/213608 [13:24<01:23, 240.56it/s]
ROP:  91%|█████████ | 193575/213608 [13:24<01:23, 240.56it/s]
ROP:  91%|█████████ | 193612/213608 [13:24<01:23, 240.55it/s]
ROP:  91%|█████████ | 193649/213608 [13:25<01:22, 240.48it/s]
ROP:  91%|█████████ | 193686/213608 [13:25<01:22, 240.46it/s]
ROP:  91%|█████████ | 193723/213608 [13:25<01:22, 240.46it/s]
ROP:  91%|█████████ | 193760/213608 [13:25<01:22, 240.42it/s]
ROP:  91%|█████████ | 193797/213608 [13:26<01:22, 240.39it/s]
ROP:  91%|█████████ | 193834/213608 [13:26<01:22, 240.25it/s]
ROP:  91%|█████████ | 193842/213608 [13:26<01:22, 240.22it/s]
ROP:  91%|█████████ | 193850/213608 [13:27<01:22, 240.19it/s]
ROP:  91%|█████████ | 193858/213608 [13:27<01:22, 240.11it/s]
ROP:  91%|█████████ | 193874/213608 [13:27<01:22, 240.09it/s]
ROP:  91%|█████████ | 193890/213608 [13:27<01:22, 240.07it/s]
ROP:  91%|█████████ | 193923/213608 [13:27<01:21, 240.08it/s]
ROP:  91%|█████████ | 193956/213608 [13:28<01:21, 239.96it/s]
ROP:  91%|█████████ | 193980/213608 [13:28<01:21, 239.94it/s]
ROP:  91%|█████████ | 194004/213608 [13:28<01:21, 239.87it/s]
ROP:  91%|█████████ | 194028/213608 [13:29<01:21, 239.80it/s]
ROP:  91%|█████████ | 194058/213608 [13:29<01:21, 239.79it/s]
ROP:  91%|█████████ | 194088/213608 [13:29<01:21, 239.73it/s]
ROP:  91%|█████████ | 194118/213608 [13:29<01:21, 239.68it/s]
ROP:  91%|█████████ | 194204/213608 [13:29<01:20, 239.76it/s]
ROP:  91%|█████████ | 194290/213608 [13:30<01:20, 239.64it/s]
ROP:  91%|█████████ | 194302/213608 [13:30<01:20, 239.59it/s]
ROP:  91%|█████████ | 194314/213608 [13:31<01:20, 239.55it/s]
ROP:  91%|█████████ | 194326/213608 [13:31<01:20, 239.49it/s]
ROP:  91%|█████████ | 194338/213608 [13:31<01:20, 239.43it/s]
ROP:  91%|█████████ | 194459/213608 [13:31<01:19, 239.54it/s]
ROP:  91%|█████████ | 194580/213608 [13:32<01:19, 239.54it/s]
ROP:  91%|█████████ | 194701/213608 [13:33<01:18, 239.43it/s]
ROP:  91%|█████████ | 194756/213608 [13:33<01:18, 239.45it/s]
ROP:  91%|█████████ | 194811/213608 [13:33<01:18, 239.42it/s]
ROP:  91%|█████████ | 194885/213608 [13:33<01:18, 239.48it/s]
ROP:  91%|█████████▏| 194959/213608 [13:34<01:17, 239.46it/s]
ROP:  91%|█████████▏| 195074/213608 [13:34<01:17, 239.57it/s]
ROP:  91%|█████████▏| 195294/213608 [13:34<01:16, 239.80it/s]
ROP:  92%|█████████▏| 195514/213608 [13:36<01:15, 239.40it/s]
ROP:  92%|█████████▏| 195581/213608 [13:36<01:15, 239.45it/s]
ROP:  92%|█████████▏| 195651/213608 [13:36<01:14, 239.50it/s]
ROP:  92%|█████████▏| 195721/213608 [13:37<01:14, 239.53it/s]
ROP:  92%|█████████▏| 195798/213608 [13:37<01:14, 239.59it/s]
ROP:  92%|█████████▏| 195875/213608 [13:37<01:14, 239.63it/s]
ROP:  92%|█████████▏| 196003/213608 [13:37<01:13, 239.75it/s]
ROP:  92%|█████████▏| 196131/213608 [13:37<01:12, 239.81it/s]
ROP:  92%|█████████▏| 196303/213608 [13:38<01:12, 239.97it/s]
ROP:  92%|█████████▏| 196475/213608 [13:38<01:11, 240.02it/s]
ROP:  92%|█████████▏| 196647/213608 [13:38<01:10, 240.19it/s]
ROP:  92%|█████████▏| 196819/213608 [13:39<01:09, 240.21it/s]
ROP:  92%|█████████▏| 196846/213608 [13:39<01:09, 240.18it/s]
ROP:  92%|█████████▏| 196873/213608 [13:39<01:09, 240.14it/s]
ROP:  92%|█████████▏| 196900/213608 [13:40<01:09, 240.06it/s]
ROP:  92%|█████████▏| 196927/213608 [13:40<01:09, 240.04it/s]
ROP:  92%|█████████▏| 196971/213608 [13:40<01:09, 240.05it/s]
ROP:  92%|█████████▏| 197015/213608 [13:41<01:09, 239.93it/s]
ROP:  92%|█████████▏| 197023/213608 [13:41<01:09, 239.86it/s]
ROP:  92%|█████████▏| 197034/213608 [13:41<01:09, 239.85it/s]
ROP:  92%|█████████▏| 197062/213608 [13:41<01:08, 239.83it/s]
ROP:  92%|█████████▏| 197090/213608 [13:41<01:08, 239.82it/s]
ROP:  92%|█████████▏| 197130/213608 [13:41<01:08, 239.82it/s]
ROP:  92%|█████████▏| 197170/213608 [13:42<01:08, 239.80it/s]
ROP:  92%|█████████▏| 197227/213608 [13:42<01:08, 239.82it/s]
ROP:  92%|█████████▏| 197284/213608 [13:43<01:08, 239.60it/s]
ROP:  92%|█████████▏| 197309/213608 [13:43<01:08, 239.58it/s]
ROP:  92%|█████████▏| 197334/213608 [13:43<01:07, 239.54it/s]
ROP:  92%|█████████▏| 197387/213608 [13:43<01:07, 239.56it/s]
ROP:  92%|█████████▏| 197440/213608 [13:44<01:07, 239.56it/s]
ROP:  92%|█████████▏| 197493/213608 [13:44<01:07, 239.57it/s]
ROP:  92%|█████████▏| 197546/213608 [13:44<01:07, 239.53it/s]
ROP:  93%|█████████▎| 197599/213608 [13:44<01:06, 239.56it/s]
ROP:  93%|█████████▎| 197652/213608 [13:45<01:06, 239.53it/s]
ROP:  93%|█████████▎| 197705/213608 [13:45<01:06, 239.41it/s]
ROP:  93%|█████████▎| 197714/213608 [13:46<01:06, 239.35it/s]
ROP:  93%|█████████▎| 197775/213608 [13:46<01:06, 239.37it/s]
ROP:  93%|█████████▎| 197836/213608 [13:46<01:05, 239.38it/s]
ROP:  93%|█████████▎| 197897/213608 [13:46<01:05, 239.34it/s]
ROP:  93%|█████████▎| 198100/213608 [13:46<01:04, 239.55it/s]
ROP:  93%|█████████▎| 198356/213608 [13:47<01:03, 239.80it/s]
ROP:  93%|█████████▎| 198612/213608 [13:48<01:02, 239.76it/s]
ROP:  93%|█████████▎| 198634/213608 [13:48<01:02, 239.69it/s]
ROP:  93%|█████████▎| 198728/213608 [13:48<01:02, 239.76it/s]
ROP:  93%|█████████▎| 198822/213608 [13:49<01:01, 239.75it/s]
ROP:  93%|█████████▎| 198822/213608 [13:50<01:01, 239.42it/s]
ROP:  93%|█████████▎| 198889/213608 [13:50<01:01, 239.49it/s]
ROP:  93%|█████████▎| 198959/213608 [13:50<01:01, 239.54it/s]
ROP:  93%|█████████▎| 199029/213608 [13:51<01:00, 239.49it/s]
ROP:  93%|█████████▎| 199099/213608 [13:51<01:00, 239.46it/s]
ROP:  93%|█████████▎| 199169/213608 [13:51<01:00, 239.47it/s]
ROP:  93%|█████████▎| 199239/213608 [13:51<01:00, 239.48it/s]
ROP:  93%|█████████▎| 199309/213608 [13:52<00:59, 239.46it/s]
ROP:  93%|█████████▎| 199379/213608 [13:52<00:59, 239.42it/s]
ROP:  93%|█████████▎| 199449/213608 [13:52<00:59, 239.47it/s]
ROP:  93%|█████████▎| 199519/213608 [13:53<00:58, 239.41it/s]
ROP:  93%|█████████▎| 199700/213608 [13:53<00:58, 239.59it/s]
ROP:  94%|█████████▎| 199881/213608 [13:53<00:57, 239.72it/s]
ROP:  94%|█████████▎| 200062/213608 [13:54<00:56, 239.76it/s]
ROP:  94%|█████████▎| 200181/213608 [13:54<00:55, 239.87it/s]
ROP:  94%|█████████▍| 200300/213608 [13:55<00:55, 239.87it/s]
ROP:  94%|█████████▍| 200350/213608 [13:55<00:55, 239.90it/s]
ROP:  94%|█████████▍| 200400/213608 [13:55<00:55, 239.93it/s]
ROP:  94%|█████████▍| 200569/213608 [13:55<00:54, 240.10it/s]
ROP:  94%|█████████▍| 200738/213608 [13:56<00:53, 239.98it/s]
ROP:  94%|█████████▍| 200753/213608 [13:56<00:53, 239.91it/s]
ROP:  94%|█████████▍| 200768/213608 [13:57<00:53, 239.81it/s]
ROP:  94%|█████████▍| 200783/213608 [13:57<00:53, 239.74it/s]
ROP:  94%|█████████▍| 200798/213608 [13:57<00:53, 239.72it/s]
ROP:  94%|█████████▍| 200842/213608 [13:57<00:53, 239.75it/s]
ROP:  94%|█████████▍| 200886/213608 [13:57<00:53, 239.76it/s]
ROP:  94%|█████████▍| 200931/213608 [13:57<00:52, 239.78it/s]
ROP:  94%|█████████▍| 200976/213608 [13:58<00:52, 239.71it/s]
ROP:  94%|█████████▍| 201021/213608 [13:58<00:52, 239.70it/s]
ROP:  94%|█████████▍| 201066/213608 [13:59<00:52, 239.63it/s]
ROP:  94%|█████████▍| 201111/213608 [13:59<00:52, 239.60it/s]
ROP:  94%|█████████▍| 201156/213608 [13:59<00:51, 239.51it/s]
ROP:  94%|█████████▍| 201156/213608 [14:00<00:52, 239.35it/s]
ROP:  94%|█████████▍| 201201/213608 [14:00<00:51, 239.39it/s]
ROP:  94%|█████████▍| 201209/213608 [14:00<00:51, 239.33it/s]
ROP:  94%|█████████▍| 201238/213608 [14:00<00:51, 239.33it/s]
ROP:  94%|█████████▍| 201267/213608 [14:00<00:51, 239.32it/s]
ROP:  94%|█████████▍| 201296/213608 [14:01<00:51, 239.32it/s]
ROP:  94%|█████████▍| 201325/213608 [14:01<00:51, 239.32it/s]
ROP:  94%|█████████▍| 201357/213608 [14:01<00:51, 239.32it/s]
ROP:  94%|█████████▍| 201389/213608 [14:01<00:51, 239.32it/s]
ROP:  94%|█████████▍| 201421/213608 [14:01<00:50, 239.31it/s]
ROP:  94%|█████████▍| 201453/213608 [14:01<00:50, 239.30it/s]
ROP:  94%|█████████▍| 201605/213608 [14:01<00:50, 239.45it/s]
ROP:  94%|█████████▍| 201757/213608 [14:02<00:49, 239.56it/s]
ROP:  95%|█████████▍| 201909/213608 [14:03<00:48, 239.42it/s]
ROP:  95%|█████████▍| 201923/213608 [14:03<00:48, 239.32it/s]
ROP:  95%|█████████▍| 201937/213608 [14:03<00:48, 239.29it/s]
ROP:  95%|█████████▍| 201951/213608 [14:04<00:48, 239.25it/s]
ROP:  95%|█████████▍| 202057/213608 [14:04<00:48, 239.34it/s]
ROP:  95%|█████████▍| 202163/213608 [14:05<00:47, 239.08it/s]
ROP:  95%|█████████▍| 202173/213608 [14:05<00:47, 239.05it/s]
ROP:  95%|█████████▍| 202248/213608 [14:05<00:47, 239.11it/s]
ROP:  95%|█████████▍| 202323/213608 [14:06<00:47, 239.14it/s]
ROP:  95%|█████████▍| 202398/213608 [14:06<00:46, 239.12it/s]
ROP:  95%|█████████▍| 202473/213608 [14:06<00:46, 239.15it/s]
ROP:  95%|█████████▍| 202624/213608 [14:06<00:45, 239.29it/s]
ROP:  95%|█████████▍| 202775/213608 [14:07<00:45, 239.33it/s]
ROP:  95%|█████████▍| 202819/213608 [14:07<00:45, 239.35it/s]
ROP:  95%|█████████▍| 202863/213608 [14:07<00:44, 239.34it/s]
ROP:  95%|█████████▍| 202919/213608 [14:07<00:44, 239.36it/s]
ROP:  95%|█████████▌| 203017/213608 [14:07<00:44, 239.44it/s]
ROP:  95%|█████████▌| 203206/213608 [14:07<00:43, 239.63it/s]
ROP:  95%|█████████▌| 203395/213608 [14:08<00:42, 239.73it/s]
ROP:  95%|█████████▌| 203584/213608 [14:09<00:41, 239.59it/s]
ROP:  95%|█████████▌| 203639/213608 [14:09<00:41, 239.60it/s]
ROP:  95%|█████████▌| 203694/213608 [14:10<00:41, 239.55it/s]
ROP:  95%|█████████▌| 203749/213608 [14:10<00:41, 239.55it/s]
ROP:  95%|█████████▌| 203804/213608 [14:10<00:40, 239.56it/s]
ROP:  95%|█████████▌| 203871/213608 [14:10<00:40, 239.60it/s]
ROP:  95%|█████████▌| 203938/213608 [14:11<00:40, 239.61it/s]
ROP:  96%|█████████▌| 204019/213608 [14:11<00:40, 239.66it/s]
ROP:  96%|█████████▌| 204100/213608 [14:11<00:39, 239.72it/s]
ROP:  96%|█████████▌| 204276/213608 [14:11<00:38, 239.89it/s]
ROP:  96%|█████████▌| 204452/213608 [14:11<00:38, 239.98it/s]
ROP:  96%|█████████▌| 204628/213608 [14:12<00:37, 239.98it/s]
ROP:  96%|█████████▌| 204683/213608 [14:12<00:37, 240.00it/s]
ROP:  96%|█████████▌| 204748/213608 [14:13<00:36, 240.03it/s]
ROP:  96%|█████████▌| 204894/213608 [14:13<00:36, 240.16it/s]
ROP:  96%|█████████▌| 205040/213608 [14:14<00:35, 240.08it/s]
ROP:  96%|█████████▌| 205121/213608 [14:14<00:35, 240.14it/s]
ROP:  96%|█████████▌| 205202/213608 [14:14<00:34, 240.18it/s]
ROP:  96%|█████████▌| 205361/213608 [14:14<00:34, 240.32it/s]
ROP:  96%|█████████▌| 205520/213608 [14:14<00:33, 240.38it/s]
ROP:  96%|█████████▋| 205679/213608 [14:15<00:32, 240.49it/s]
ROP:  96%|█████████▋| 205838/213608 [14:15<00:32, 240.62it/s]
ROP:  96%|█████████▋| 206067/213608 [14:15<00:31, 240.85it/s]
ROP:  97%|█████████▋| 206296/213608 [14:15<00:30, 241.01it/s]
ROP:  97%|█████████▋| 206525/213608 [14:16<00:29, 241.23it/s]
ROP:  97%|█████████▋| 206754/213608 [14:16<00:28, 241.36it/s]
ROP:  97%|█████████▋| 206983/213608 [14:17<00:27, 241.40it/s]
ROP:  97%|█████████▋| 207063/213608 [14:17<00:27, 241.46it/s]
ROP:  97%|█████████▋| 207164/213608 [14:17<00:26, 241.54it/s]
ROP:  97%|█████████▋| 207265/213608 [14:18<00:26, 241.56it/s]
ROP:  97%|█████████▋| 207366/213608 [14:18<00:25, 241.58it/s]
ROP:  97%|█████████▋| 207467/213608 [14:18<00:25, 241.63it/s]
ROP:  97%|█████████▋| 207568/213608 [14:19<00:24, 241.61it/s]
ROP:  97%|█████████▋| 207588/213608 [14:19<00:24, 241.59it/s]
ROP:  97%|█████████▋| 207675/213608 [14:19<00:24, 241.65it/s]
ROP:  97%|█████████▋| 207762/213608 [14:19<00:24, 241.72it/s]
ROP:  97%|█████████▋| 208070/213608 [14:19<00:22, 242.04it/s]
ROP:  98%|█████████▊| 208378/213608 [14:19<00:21, 242.33it/s]
ROP:  98%|█████████▊| 208686/213608 [14:20<00:20, 242.54it/s]
ROP:  98%|█████████▊| 208745/213608 [14:21<00:20, 242.44it/s]
ROP:  98%|█████████▊| 208768/213608 [14:21<00:19, 242.43it/s]
ROP:  98%|█████████▊| 208799/213608 [14:21<00:19, 242.43it/s]
ROP:  98%|█████████▊| 208830/213608 [14:21<00:19, 242.38it/s]
ROP:  98%|█████████▊| 208861/213608 [14:22<00:19, 242.27it/s]
ROP:  98%|█████████▊| 208892/213608 [14:22<00:19, 242.28it/s]
ROP:  98%|█████████▊| 208957/213608 [14:22<00:19, 242.32it/s]
ROP:  98%|█████████▊| 209022/213608 [14:23<00:18, 242.15it/s]
ROP:  98%|█████████▊| 209030/213608 [14:23<00:18, 242.11it/s]
ROP:  98%|█████████▊| 209041/213608 [14:23<00:18, 242.08it/s]
ROP:  98%|█████████▊| 209055/213608 [14:23<00:18, 242.05it/s]
ROP:  98%|█████████▊| 209069/213608 [14:23<00:18, 242.02it/s]
ROP:  98%|█████████▊| 209083/213608 [14:24<00:18, 241.99it/s]
ROP:  98%|█████████▊| 209097/213608 [14:24<00:18, 241.96it/s]
ROP:  98%|█████████▊| 209111/213608 [14:24<00:18, 241.93it/s]
ROP:  98%|█████████▊| 209125/213608 [14:24<00:18, 241.90it/s]
ROP:  98%|█████████▊| 209139/213608 [14:24<00:18, 241.88it/s]
ROP:  98%|█████████▊| 209153/213608 [14:24<00:18, 241.85it/s]
ROP:  98%|█████████▊| 209167/213608 [14:24<00:18, 241.82it/s]
ROP:  98%|█████████▊| 209188/213608 [14:25<00:18, 241.81it/s]
ROP:  98%|█████████▊| 209232/213608 [14:25<00:18, 241.83it/s]
ROP:  98%|█████████▊| 209283/213608 [14:25<00:17, 241.85it/s]
ROP:  98%|█████████▊| 209358/213608 [14:25<00:17, 241.90it/s]
ROP:  98%|█████████▊| 209433/213608 [14:25<00:17, 241.90it/s]
ROP:  98%|█████████▊| 209508/213608 [14:25<00:16, 241.93it/s]
ROP:  98%|█████████▊| 209674/213608 [14:26<00:16, 242.09it/s]
ROP:  98%|█████████▊| 209840/213608 [14:26<00:15, 242.19it/s]
ROP:  98%|█████████▊| 210006/213608 [14:27<00:14, 242.21it/s]
ROP:  98%|█████████▊| 210107/213608 [14:27<00:14, 242.30it/s]
ROP:  98%|█████████▊| 210224/213608 [14:27<00:13, 242.40it/s]
ROP:  98%|█████████▊| 210341/213608 [14:27<00:13, 242.51it/s]
ROP:  99%|█████████▊| 210458/213608 [14:27<00:12, 242.59it/s]
ROP:  99%|█████████▊| 210597/213608 [14:27<00:12, 242.72it/s]
ROP:  99%|█████████▊| 210736/213608 [14:27<00:11, 242.84it/s]
ROP:  99%|█████████▊| 210875/213608 [14:27<00:11, 242.96it/s]
ROP:  99%|█████████▉| 211014/213608 [14:28<00:10, 242.91it/s]
ROP:  99%|█████████▉| 211034/213608 [14:28<00:10, 242.90it/s]
ROP:  99%|█████████▉| 211065/213608 [14:28<00:10, 242.90it/s]
ROP:  99%|█████████▉| 211099/213608 [14:29<00:10, 242.91it/s]
ROP:  99%|█████████▉| 211194/213608 [14:29<00:09, 242.98it/s]
ROP:  99%|█████████▉| 211289/213608 [14:29<00:09, 243.04it/s]
ROP:  99%|█████████▉| 211384/213608 [14:29<00:09, 243.12it/s]
ROP:  99%|█████████▉| 211479/213608 [14:29<00:08, 243.18it/s]
ROP:  99%|█████████▉| 211604/213608 [14:29<00:08, 243.30it/s]
ROP:  99%|█████████▉| 211729/213608 [14:29<00:07, 243.40it/s]
ROP:  99%|█████████▉| 211854/213608 [14:30<00:07, 243.50it/s]
ROP:  99%|█████████▉| 212000/213608 [14:30<00:06, 243.64it/s]
ROP:  99%|█████████▉| 212146/213608 [14:30<00:05, 243.76it/s]
ROP:  99%|█████████▉| 212292/213608 [14:30<00:05, 243.76it/s]
ROP:  99%|█████████▉| 212317/213608 [14:31<00:05, 243.73it/s]
ROP:  99%|█████████▉| 212342/213608 [14:31<00:05, 243.71it/s]
ROP:  99%|█████████▉| 212392/213608 [14:31<00:04, 243.73it/s]
ROP:  99%|█████████▉| 212442/213608 [14:31<00:04, 243.73it/s]
ROP:  99%|█████████▉| 212492/213608 [14:31<00:04, 243.75it/s]
ROP: 100%|█████████▉| 212542/213608 [14:31<00:04, 243.77it/s]
ROP: 100%|█████████▉| 212599/213608 [14:32<00:04, 243.80it/s]
ROP: 100%|█████████▉| 212656/213608 [14:32<00:03, 243.82it/s]
ROP: 100%|█████████▉| 212713/213608 [14:32<00:03, 243.85it/s]
ROP: 100%|█████████▉| 212770/213608 [14:32<00:03, 243.88it/s]
ROP: 100%|█████████▉| 212849/213608 [14:32<00:03, 243.94it/s]
ROP: 100%|█████████▉| 212928/213608 [14:32<00:02, 244.01it/s]
ROP: 100%|█████████▉| 213026/213608 [14:32<00:02, 244.09it/s]
ROP: 100%|█████████▉| 213124/213608 [14:32<00:01, 244.16it/s]
ROP: 100%|█████████▉| 213222/213608 [14:33<00:01, 244.24it/s]
ROP: 100%|█████████▉| 213320/213608 [14:33<00:01, 244.23it/s]
ROP: 100%|█████████▉| 213418/213608 [14:33<00:00, 244.28it/s]
ROP: 100%|█████████▉| 213555/213608 [14:33<00:00, 244.40it/s]
ROP: 100%|██████████| 213608/213608 [14:33<00:00, 244.45it/s]
WARNING  | 2026-10-02 13:50:36,065 | angr.storage.memory_mixins.default_filler_mixin | The program is accessing register with an unspecified value. This could indicate unwanted behavior.
WARNING  | 2026-10-02 13:50:36,065 | angr.storage.memory_mixins.default_filler_mixin | angr will cope with this by generating an unconstrained symbolic variable and continuing. You can resolve this by:
WARNING  | 2026-10-02 13:50:36,065 | angr.storage.memory_mixins.default_filler_mixin | 1) setting a value to the initial state
WARNING  | 2026-10-02 13:50:36,065 | angr.storage.memory_mixins.default_filler_mixin | 2) adding the state option ZERO_FILL_UNCONSTRAINED_{MEMORY,REGISTERS}, to make unknown regions hold null
WARNING  | 2026-10-02 13:50:36,065 | angr.storage.memory_mixins.default_filler_mixin | 3) adding the state option SYMBOL_FILL_UNCONSTRAINED_{MEMORY,REGISTERS}, to suppress these messages.
WARNING  | 2026-10-02 13:50:36,065 | angr.storage.memory_mixins.default_filler_mixin | Filling register rax with 8 unconstrained bytes referenced from 0x551ab2 (__nss_database_lookup+0x42 in libc.so.6 (0x151ab2))
WARNING  | 2026-10-02 13:50:36,313 | angr.engines.successors | Exit state has over 256 possible solutions. Likely unconstrained; skipping. <BV64 next_pc_16938_64>
WARNING  | 2026-10-02 13:50:36,316 | angr.storage.memory_mixins.default_filler_mixin | Filling memory at 0x7fffffff0000 with 16 unconstrained bytes referenced from 0x427890 (gnu_get_libc_version+0x10 in libc.so.6 (0x27890))
Traceback (most recent call last):
  File "/home/jalconchel/rop3-eval/utils/angrop_worker.py", line 180, in <module>
    sys.exit(main())
             ^^^^^^
  File "/home/jalconchel/rop3-eval/utils/angrop_worker.py", line 176, in main
    return _emit(found, extract, seconds, status, text, error=err)
           ^^^^^^^^^^^^^^^^^^^^^^^^^^^^^^^^^^^^^^^^^^^^^^^^^^^^^^^
  File "/home/jalconchel/rop3-eval/utils/angrop_worker.py", line 96, in _emit
    print(json.dumps(out))
          ^^^^^^^^^^^^^^^
  File "/home/jalconchel/miniconda3/envs/rop-eval/lib/python3.12/json/__init__.py", line 231, in dumps
    return _default_encoder.encode(obj)
           ^^^^^^^^^^^^^^^^^^^^^^^^^^^^
  File "/home/jalconchel/miniconda3/envs/rop-eval/lib/python3.12/json/encoder.py", line 200, in encode
    chunks = self.iterencode(o, _one_shot=True)
             ^^^^^^^^^^^^^^^^^^^^^^^^^^^^^^^^^^
  File "/home/jalconchel/miniconda3/envs/rop-eval/lib/python3.12/json/encoder.py", line 258, in iterencode
    return _iterencode(o, 0)
           ^^^^^^^^^^^^^^^^^
  File "/home/jalconchel/miniconda3/envs/rop-eval/lib/python3.12/json/encoder.py", line 180, in default
    raise TypeError(f'Object of type {o.__class__.__name__} '
TypeError: Object of type bytes is not JSON serializable

=== angrop | libc_debian_amd64.so | syscall_exec_amd64 | status=error | 2026-10-02T14:05:26
WARNING  | 2026-10-02 13:50:48,524 | cle.loader     | Symbol imported without a known size; emulation may fail if it is used non-opaqely: __libc_enable_secure, _dl_argv. See https://docs.angr.io/extending-angr/environment#simdata
WARNING  | 2026-10-02 13:50:49,694 | angrop.gadget_finder | Enabling fast mode for large binary

ROP:   0%|          | 0/213608 [00:00<?, ?it/s]
ROP:   0%|          | 56/213608 [00:00<06:56, 512.57it/s]
ROP:   0%|          | 112/213608 [00:00<20:46, 171.22it/s]
ROP:   0%|          | 123/213608 [00:00<23:08, 153.74it/s]
ROP:   0%|          | 134/213608 [00:00<23:56, 148.64it/s]
ROP:   0%|          | 172/213608 [00:01<22:02, 161.33it/s]
ROP:   0%|          | 210/213608 [00:02<35:30, 100.16it/s]
ROP:   0%|          | 228/213608 [00:02<34:46, 102.26it/s]
ROP:   0%|          | 246/213608 [00:02<35:57, 98.89it/s] 
ROP:   0%|          | 264/213608 [00:02<38:48, 91.64it/s]
ROP:   0%|          | 282/213608 [00:03<43:26, 81.85it/s]
ROP:   0%|          | 286/213608 [00:03<44:32, 79.84it/s]
ROP:   0%|          | 297/213608 [00:03<44:16, 80.31it/s]
ROP:   0%|          | 308/213608 [00:04<46:26, 76.54it/s]
ROP:   0%|          | 319/213608 [00:04<49:27, 71.88it/s]
ROP:   0%|          | 364/213608 [00:04<44:19, 80.18it/s]
ROP:   0%|          | 414/213608 [00:04<39:50, 89.17it/s]
ROP:   0%|          | 464/213608 [00:05<38:23, 92.54it/s]
ROP:   0%|          | 514/213608 [00:05<39:38, 89.60it/s]
ROP:   0%|          | 521/213608 [00:05<40:39, 87.33it/s]
ROP:   0%|          | 533/213608 [00:06<40:40, 87.30it/s]
ROP:   0%|          | 565/213608 [00:06<39:08, 90.72it/s]
ROP:   0%|          | 610/213608 [00:06<36:54, 96.17it/s]
ROP:   0%|          | 665/213608 [00:06<34:30, 102.86it/s]
ROP:   0%|          | 720/213608 [00:06<32:23, 109.54it/s]
ROP:   0%|          | 775/213608 [00:07<32:44, 108.36it/s]
ROP:   0%|          | 803/213608 [00:07<32:03, 110.64it/s]
ROP:   0%|          | 857/213608 [00:07<30:29, 116.26it/s]
ROP:   0%|          | 911/213608 [00:07<29:05, 121.83it/s]
ROP:   0%|          | 965/213608 [00:07<27:51, 127.22it/s]
ROP:   0%|          | 1019/213608 [00:07<26:45, 132.41it/s]
ROP:   1%|          | 1073/213608 [00:08<26:36, 133.10it/s]
ROP:   1%|          | 1127/213608 [00:08<26:40, 132.72it/s]
ROP:   1%|          | 1181/213608 [00:08<26:00, 136.09it/s]
ROP:   1%|          | 1235/213608 [00:09<25:59, 136.15it/s]
ROP:   1%|          | 1289/213608 [00:09<25:23, 139.40it/s]
ROP:   1%|          | 1378/213608 [00:09<24:06, 146.72it/s]
ROP:   1%|          | 1467/213608 [00:09<24:05, 146.80it/s]
ROP:   1%|          | 1482/213608 [00:10<24:07, 146.54it/s]
ROP:   1%|          | 1514/213608 [00:10<23:52, 148.06it/s]
ROP:   1%|          | 1595/213608 [00:10<22:55, 154.10it/s]
ROP:   1%|          | 1676/213608 [00:10<22:18, 158.31it/s]
ROP:   1%|          | 1757/213608 [00:10<21:32, 163.88it/s]
ROP:   1%|          | 1838/213608 [00:10<21:03, 167.55it/s]
ROP:   1%|          | 1919/213608 [00:11<20:38, 170.89it/s]
ROP:   1%|          | 2000/213608 [00:11<20:19, 173.46it/s]
ROP:   1%|          | 2081/213608 [00:11<20:14, 174.20it/s]
ROP:   1%|          | 2162/213608 [00:12<19:58, 176.45it/s]
ROP:   1%|          | 2243/213608 [00:12<20:13, 174.17it/s]
ROP:   1%|          | 2270/213608 [00:12<20:08, 174.82it/s]
ROP:   1%|          | 2297/213608 [00:13<20:12, 174.21it/s]
ROP:   1%|          | 2339/213608 [00:13<20:00, 175.97it/s]
ROP:   1%|          | 2381/213608 [00:13<19:53, 177.01it/s]
ROP:   1%|          | 2423/213608 [00:13<19:57, 176.36it/s]
ROP:   1%|          | 2487/213608 [00:13<19:35, 179.59it/s]
ROP:   1%|          | 2591/213608 [00:13<18:56, 185.75it/s]
ROP:   1%|▏         | 2695/213608 [00:14<18:46, 187.22it/s]
ROP:   1%|▏         | 2799/213608 [00:14<18:24, 190.95it/s]
ROP:   1%|▏         | 2903/213608 [00:14<18:03, 194.39it/s]
ROP:   1%|▏         | 3007/213608 [00:15<17:46, 197.43it/s]
ROP:   1%|▏         | 3111/213608 [00:15<17:20, 202.32it/s]
ROP:   2%|▏         | 3215/213608 [00:15<17:17, 202.77it/s]
ROP:   2%|▏         | 3319/213608 [00:16<17:05, 205.12it/s]
ROP:   2%|▏         | 3423/213608 [00:16<16:49, 208.30it/s]
ROP:   2%|▏         | 3527/213608 [00:16<16:26, 213.00it/s]
ROP:   2%|▏         | 3644/213608 [00:16<16:01, 218.40it/s]
ROP:   2%|▏         | 3761/213608 [00:17<15:58, 218.94it/s]
ROP:   2%|▏         | 3887/213608 [00:17<15:32, 224.82it/s]
ROP:   2%|▏         | 4013/213608 [00:17<15:21, 227.36it/s]
ROP:   2%|▏         | 4139/213608 [00:17<15:02, 232.04it/s]
ROP:   2%|▏         | 4265/213608 [00:18<14:49, 235.38it/s]
ROP:   2%|▏         | 4391/213608 [00:19<15:10, 229.84it/s]
ROP:   2%|▏         | 4414/213608 [00:19<15:13, 229.10it/s]
ROP:   2%|▏         | 4437/213608 [00:19<15:14, 228.80it/s]
ROP:   2%|▏         | 4502/213608 [00:19<15:06, 230.79it/s]
ROP:   2%|▏         | 4567/213608 [00:20<15:25, 225.89it/s]
ROP:   2%|▏         | 4614/213608 [00:20<15:21, 226.90it/s]
ROP:   2%|▏         | 4661/213608 [00:20<15:22, 226.49it/s]
ROP:   2%|▏         | 4708/213608 [00:20<15:23, 226.29it/s]
ROP:   2%|▏         | 4806/213608 [00:20<15:10, 229.30it/s]
ROP:   2%|▏         | 4904/213608 [00:21<15:03, 230.98it/s]
ROP:   2%|▏         | 5002/213608 [00:21<15:03, 230.87it/s]
ROP:   2%|▏         | 5100/213608 [00:21<14:52, 233.71it/s]
ROP:   2%|▏         | 5198/213608 [00:21<14:39, 236.99it/s]
ROP:   2%|▏         | 5296/213608 [00:22<14:52, 233.37it/s]
ROP:   2%|▏         | 5322/213608 [00:22<14:52, 233.46it/s]
ROP:   3%|▎         | 5361/213608 [00:22<14:50, 233.88it/s]
ROP:   3%|▎         | 5415/213608 [00:23<14:45, 235.21it/s]
ROP:   3%|▎         | 5469/213608 [00:23<14:42, 235.95it/s]
ROP:   3%|▎         | 5528/213608 [00:23<14:37, 237.25it/s]
ROP:   3%|▎         | 5587/213608 [00:23<14:37, 237.14it/s]
ROP:   3%|▎         | 5646/213608 [00:23<14:33, 237.99it/s]
ROP:   3%|▎         | 5752/213608 [00:23<14:21, 241.37it/s]
ROP:   3%|▎         | 5858/213608 [00:25<14:51, 233.02it/s]
ROP:   3%|▎         | 5928/213608 [00:25<14:44, 234.72it/s]
ROP:   3%|▎         | 5998/213608 [00:25<14:48, 233.58it/s]
ROP:   3%|▎         | 6068/213608 [00:26<14:51, 232.71it/s]
ROP:   3%|▎         | 6138/213608 [00:27<15:15, 226.52it/s]
ROP:   3%|▎         | 6157/213608 [00:27<15:17, 226.21it/s]
ROP:   3%|▎         | 6176/213608 [00:27<15:23, 224.50it/s]
ROP:   3%|▎         | 6231/213608 [00:27<15:19, 225.45it/s]
ROP:   3%|▎         | 6286/213608 [00:28<15:35, 221.50it/s]
ROP:   3%|▎         | 6295/213608 [00:28<15:38, 220.79it/s]
ROP:   3%|▎         | 6304/213608 [00:28<15:43, 219.61it/s]
ROP:   3%|▎         | 6313/213608 [00:28<15:47, 218.68it/s]
ROP:   3%|▎         | 6322/213608 [00:28<15:50, 218.16it/s]
ROP:   3%|▎         | 6331/213608 [00:29<15:56, 216.70it/s]
ROP:   3%|▎         | 6340/213608 [00:29<15:58, 216.15it/s]
ROP:   3%|▎         | 6349/213608 [00:29<16:01, 215.45it/s]
ROP:   3%|▎         | 6358/213608 [00:29<16:07, 214.25it/s]
ROP:   3%|▎         | 6367/213608 [00:29<16:11, 213.39it/s]
ROP:   3%|▎         | 6376/213608 [00:29<16:13, 212.83it/s]
ROP:   3%|▎         | 6385/213608 [00:30<16:18, 211.68it/s]
ROP:   3%|▎         | 6394/213608 [00:30<16:21, 211.20it/s]
ROP:   3%|▎         | 6403/213608 [00:30<16:25, 210.17it/s]
ROP:   3%|▎         | 6412/213608 [00:30<16:32, 208.69it/s]
ROP:   3%|▎         | 6421/213608 [00:30<16:39, 207.37it/s]
ROP:   3%|▎         | 6430/213608 [00:31<16:50, 205.09it/s]
ROP:   3%|▎         | 6439/213608 [00:31<16:53, 204.32it/s]
ROP:   3%|▎         | 6449/213608 [00:31<16:56, 203.78it/s]
ROP:   3%|▎         | 6459/213608 [00:31<17:03, 202.42it/s]
ROP:   3%|▎         | 6469/213608 [00:32<17:08, 201.42it/s]
ROP:   3%|▎         | 6479/213608 [00:32<17:14, 200.23it/s]
ROP:   3%|▎         | 6489/213608 [00:32<17:22, 198.73it/s]
ROP:   3%|▎         | 6499/213608 [00:32<17:24, 198.32it/s]
ROP:   3%|▎         | 6515/213608 [00:32<17:27, 197.68it/s]
ROP:   3%|▎         | 6543/213608 [00:33<17:26, 197.93it/s]
ROP:   3%|▎         | 6613/213608 [00:33<17:18, 199.35it/s]
ROP:   3%|▎         | 6683/213608 [00:33<17:18, 199.19it/s]
ROP:   3%|▎         | 6753/213608 [00:33<17:18, 199.19it/s]
ROP:   3%|▎         | 6823/213608 [00:34<17:14, 199.98it/s]
ROP:   3%|▎         | 6893/213608 [00:34<17:20, 198.69it/s]
ROP:   3%|▎         | 6906/213608 [00:34<17:21, 198.43it/s]
ROP:   3%|▎         | 6920/213608 [00:34<17:23, 198.06it/s]
ROP:   3%|▎         | 6934/213608 [00:35<17:29, 196.92it/s]
ROP:   3%|▎         | 6954/213608 [00:35<17:29, 196.93it/s]
ROP:   3%|▎         | 7027/213608 [00:35<17:21, 198.40it/s]
ROP:   3%|▎         | 7100/213608 [00:35<17:15, 199.48it/s]
ROP:   3%|▎         | 7173/213608 [00:35<17:10, 200.35it/s]
ROP:   3%|▎         | 7246/213608 [00:36<17:06, 201.12it/s]
ROP:   3%|▎         | 7319/213608 [00:36<17:00, 202.12it/s]
ROP:   3%|▎         | 7394/213608 [00:36<16:53, 203.52it/s]
ROP:   3%|▎         | 7469/213608 [00:36<16:49, 204.23it/s]
ROP:   4%|▎         | 7568/213608 [00:36<16:38, 206.35it/s]
ROP:   4%|▎         | 7667/213608 [00:36<16:32, 207.49it/s]
ROP:   4%|▎         | 7766/213608 [00:37<16:24, 209.08it/s]
ROP:   4%|▎         | 7865/213608 [00:37<16:16, 210.68it/s]
ROP:   4%|▎         | 7964/213608 [00:37<16:15, 210.80it/s]
ROP:   4%|▍         | 8063/213608 [00:38<16:10, 211.82it/s]
ROP:   4%|▍         | 8162/213608 [00:38<16:07, 212.30it/s]
ROP:   4%|▍         | 8290/213608 [00:38<15:55, 214.97it/s]
ROP:   4%|▍         | 8418/213608 [00:38<15:50, 215.97it/s]
ROP:   4%|▍         | 8546/213608 [00:39<15:42, 217.55it/s]
ROP:   4%|▍         | 8674/213608 [00:39<15:34, 219.40it/s]
ROP:   4%|▍         | 8802/213608 [00:40<15:34, 219.26it/s]
ROP:   4%|▍         | 8834/213608 [00:40<15:33, 219.43it/s]
ROP:   4%|▍         | 8866/213608 [00:40<15:34, 219.06it/s]
ROP:   4%|▍         | 8898/213608 [00:40<15:38, 218.08it/s]
ROP:   4%|▍         | 8930/213608 [00:41<15:49, 215.49it/s]
ROP:   4%|▍         | 8936/213608 [00:41<15:58, 213.52it/s]
ROP:   4%|▍         | 9006/213608 [00:41<15:53, 214.62it/s]
ROP:   4%|▍         | 9076/213608 [00:42<15:50, 215.19it/s]
ROP:   4%|▍         | 9146/213608 [00:42<15:47, 215.86it/s]
ROP:   4%|▍         | 9227/213608 [00:42<15:42, 216.93it/s]
ROP:   4%|▍         | 9308/213608 [00:43<15:52, 214.50it/s]
ROP:   4%|▍         | 9395/213608 [00:43<15:45, 215.94it/s]
ROP:   4%|▍         | 9501/213608 [00:43<15:37, 217.73it/s]
ROP:   4%|▍         | 9607/213608 [00:44<15:46, 215.48it/s]
ROP:   5%|▍         | 9619/213608 [00:44<15:50, 214.56it/s]
ROP:   5%|▍         | 9643/213608 [00:44<15:51, 214.36it/s]
ROP:   5%|▍         | 9667/213608 [00:45<15:55, 213.36it/s]
ROP:   5%|▍         | 9691/213608 [00:45<16:02, 211.92it/s]
ROP:   5%|▍         | 9724/213608 [00:45<16:01, 212.00it/s]
ROP:   5%|▍         | 9757/213608 [00:46<16:10, 210.02it/s]
ROP:   5%|▍         | 9763/213608 [00:46<16:12, 209.63it/s]
ROP:   5%|▍         | 9814/213608 [00:46<16:09, 210.24it/s]
ROP:   5%|▍         | 9865/213608 [00:46<16:08, 210.31it/s]
ROP:   5%|▍         | 9916/213608 [00:47<16:10, 209.93it/s]
ROP:   5%|▍         | 9967/213608 [00:47<16:08, 210.21it/s]
ROP:   5%|▍         | 10018/213608 [00:47<16:12, 209.38it/s]
ROP:   5%|▍         | 10069/213608 [00:48<16:11, 209.49it/s]
ROP:   5%|▍         | 10120/213608 [00:48<16:15, 208.70it/s]
ROP:   5%|▍         | 10171/213608 [00:48<16:14, 208.69it/s]
ROP:   5%|▍         | 10222/213608 [00:49<16:18, 207.90it/s]
ROP:   5%|▍         | 10273/213608 [00:49<16:18, 207.86it/s]
ROP:   5%|▍         | 10324/213608 [00:49<16:20, 207.25it/s]
ROP:   5%|▍         | 10375/213608 [00:50<16:20, 207.36it/s]
ROP:   5%|▍         | 10453/213608 [00:50<16:14, 208.40it/s]
ROP:   5%|▍         | 10531/213608 [00:50<16:12, 208.87it/s]
ROP:   5%|▍         | 10609/213608 [00:50<16:11, 208.88it/s]
ROP:   5%|▌         | 10687/213608 [00:51<16:12, 208.67it/s]
ROP:   5%|▌         | 10765/213608 [00:51<16:17, 207.49it/s]
ROP:   5%|▌         | 10790/213608 [00:52<16:17, 207.39it/s]
ROP:   5%|▌         | 10838/213608 [00:52<16:16, 207.75it/s]
ROP:   5%|▌         | 10886/213608 [00:52<16:20, 206.68it/s]
ROP:   5%|▌         | 10906/213608 [00:52<16:21, 206.58it/s]
ROP:   5%|▌         | 10926/213608 [00:53<16:25, 205.75it/s]
ROP:   5%|▌         | 10964/213608 [00:53<16:23, 206.02it/s]
ROP:   5%|▌         | 11002/213608 [00:53<16:26, 205.37it/s]
ROP:   5%|▌         | 11040/213608 [00:53<16:25, 205.50it/s]
ROP:   5%|▌         | 11078/213608 [00:53<16:26, 205.27it/s]
ROP:   5%|▌         | 11116/213608 [00:54<16:28, 204.91it/s]
ROP:   5%|▌         | 11154/213608 [00:55<16:38, 202.75it/s]
ROP:   5%|▌         | 11159/213608 [00:55<16:40, 202.45it/s]
ROP:   5%|▌         | 11204/213608 [00:55<16:37, 202.88it/s]
ROP:   5%|▌         | 11249/213608 [00:55<16:42, 201.84it/s]
ROP:   5%|▌         | 11291/213608 [00:55<16:41, 201.98it/s]
ROP:   5%|▌         | 11333/213608 [00:56<16:46, 200.89it/s]
ROP:   5%|▌         | 11397/213608 [00:56<16:43, 201.53it/s]
ROP:   5%|▌         | 11461/213608 [00:57<16:47, 200.74it/s]
ROP:   5%|▌         | 11484/213608 [00:57<16:47, 200.71it/s]
ROP:   5%|▌         | 11507/213608 [00:57<16:48, 200.34it/s]
ROP:   5%|▌         | 11530/213608 [00:57<16:51, 199.79it/s]
ROP:   5%|▌         | 11553/213608 [00:57<16:54, 199.20it/s]
ROP:   5%|▌         | 11581/213608 [00:58<16:53, 199.27it/s]
ROP:   5%|▌         | 11609/213608 [00:58<16:54, 199.08it/s]
ROP:   5%|▌         | 11637/213608 [00:58<16:54, 199.18it/s]
ROP:   5%|▌         | 11667/213608 [00:58<16:53, 199.26it/s]
ROP:   5%|▌         | 11697/213608 [00:58<16:55, 198.79it/s]
ROP:   5%|▌         | 11727/213608 [00:59<16:58, 198.19it/s]
ROP:   6%|▌         | 11757/213608 [00:59<17:03, 197.20it/s]
ROP:   6%|▌         | 11810/213608 [00:59<17:00, 197.66it/s]
ROP:   6%|▌         | 11863/213608 [01:00<17:01, 197.43it/s]
ROP:   6%|▌         | 11916/213608 [01:00<17:05, 196.68it/s]
ROP:   6%|▌         | 11931/213608 [01:00<17:05, 196.60it/s]
ROP:   6%|▌         | 11946/213608 [01:00<17:08, 196.12it/s]
ROP:   6%|▌         | 11974/213608 [01:01<17:07, 196.22it/s]
ROP:   6%|▌         | 12009/213608 [01:01<17:06, 196.39it/s]
ROP:   6%|▌         | 12044/213608 [01:01<17:12, 195.15it/s]
ROP:   6%|▌         | 12051/213608 [01:01<17:14, 194.90it/s]
ROP:   6%|▌         | 12129/213608 [01:01<17:08, 195.80it/s]
ROP:   6%|▌         | 12207/213608 [01:02<17:07, 196.02it/s]
ROP:   6%|▌         | 12285/213608 [01:02<17:08, 195.76it/s]
ROP:   6%|▌         | 12363/213608 [01:03<17:14, 194.44it/s]
ROP:   6%|▌         | 12387/213608 [01:03<17:15, 194.39it/s]
ROP:   6%|▌         | 12411/213608 [01:03<17:15, 194.25it/s]
ROP:   6%|▌         | 12435/213608 [01:04<17:16, 194.05it/s]
ROP:   6%|▌         | 12459/213608 [01:04<17:16, 194.00it/s]
ROP:   6%|▌         | 12483/213608 [01:04<17:21, 193.04it/s]
ROP:   6%|▌         | 12507/213608 [01:04<17:22, 192.88it/s]
ROP:   6%|▌         | 12558/213608 [01:05<17:20, 193.17it/s]
ROP:   6%|▌         | 12609/213608 [01:05<17:18, 193.62it/s]
ROP:   6%|▌         | 12660/213608 [01:05<17:17, 193.76it/s]
ROP:   6%|▌         | 12711/213608 [01:05<17:15, 193.96it/s]
ROP:   6%|▌         | 12762/213608 [01:05<17:13, 194.28it/s]
ROP:   6%|▌         | 12813/213608 [01:06<17:14, 194.06it/s]
ROP:   6%|▌         | 12864/213608 [01:06<17:12, 194.44it/s]
ROP:   6%|▌         | 12915/213608 [01:06<17:16, 193.67it/s]
ROP:   6%|▌         | 12925/213608 [01:06<17:17, 193.49it/s]
ROP:   6%|▌         | 13016/213608 [01:06<17:11, 194.48it/s]
ROP:   6%|▌         | 13107/213608 [01:08<17:23, 192.16it/s]
ROP:   6%|▌         | 13142/213608 [01:08<17:22, 192.35it/s]
ROP:   6%|▌         | 13177/213608 [01:08<17:21, 192.40it/s]
ROP:   6%|▌         | 13212/213608 [01:08<17:21, 192.38it/s]
ROP:   6%|▌         | 13247/213608 [01:08<17:23, 192.04it/s]
ROP:   6%|▌         | 13282/213608 [01:09<17:28, 191.13it/s]
ROP:   6%|▌         | 13289/213608 [01:09<17:34, 189.97it/s]
ROP:   6%|▌         | 13297/213608 [01:10<17:35, 189.75it/s]
ROP:   6%|▌         | 13305/213608 [01:10<17:36, 189.57it/s]
ROP:   6%|▌         | 13313/213608 [01:10<17:37, 189.41it/s]
ROP:   6%|▋         | 13402/213608 [01:10<17:31, 190.41it/s]
ROP:   6%|▋         | 13491/213608 [01:10<17:26, 191.31it/s]
ROP:   6%|▋         | 13580/213608 [01:11<17:30, 190.46it/s]
ROP:   6%|▋         | 13654/213608 [01:11<17:25, 191.17it/s]
ROP:   6%|▋         | 13742/213608 [01:11<17:20, 192.13it/s]
ROP:   6%|▋         | 13830/213608 [01:12<17:26, 190.85it/s]
ROP:   6%|▋         | 13841/213608 [01:12<17:27, 190.72it/s]
ROP:   6%|▋         | 13852/213608 [01:12<17:28, 190.55it/s]
ROP:   6%|▋         | 13863/213608 [01:12<17:29, 190.33it/s]
ROP:   7%|▋         | 13887/213608 [01:12<17:29, 190.35it/s]
ROP:   7%|▋         | 13911/213608 [01:13<17:28, 190.38it/s]
ROP:   7%|▋         | 13935/213608 [01:13<17:28, 190.41it/s]
ROP:   7%|▋         | 13959/213608 [01:13<17:29, 190.20it/s]
ROP:   7%|▋         | 13995/213608 [01:13<17:28, 190.40it/s]
ROP:   7%|▋         | 14031/213608 [01:13<17:28, 190.28it/s]
ROP:   7%|▋         | 14082/213608 [01:13<17:26, 190.69it/s]
ROP:   7%|▋         | 14133/213608 [01:14<17:29, 190.12it/s]
ROP:   7%|▋         | 14184/213608 [01:14<17:28, 190.13it/s]
ROP:   7%|▋         | 14235/213608 [01:14<17:27, 190.36it/s]
ROP:   7%|▋         | 14286/213608 [01:15<17:36, 188.69it/s]
ROP:   7%|▋         | 14371/213608 [01:15<17:31, 189.56it/s]
ROP:   7%|▋         | 14456/213608 [01:16<17:39, 188.04it/s]
ROP:   7%|▋         | 14464/213608 [01:17<17:40, 187.78it/s]
ROP:   7%|▋         | 14472/213608 [01:17<17:41, 187.60it/s]
ROP:   7%|▋         | 14521/213608 [01:17<17:39, 187.94it/s]
ROP:   7%|▋         | 14570/213608 [01:17<17:37, 188.14it/s]
ROP:   7%|▋         | 14619/213608 [01:17<17:36, 188.34it/s]
ROP:   7%|▋         | 14668/213608 [01:18<17:40, 187.59it/s]
ROP:   7%|▋         | 14706/213608 [01:18<17:38, 187.82it/s]
ROP:   7%|▋         | 14744/213608 [01:18<17:37, 188.00it/s]
ROP:   7%|▋         | 14782/213608 [01:18<17:37, 187.95it/s]
ROP:   7%|▋         | 14822/213608 [01:18<17:36, 188.11it/s]
ROP:   7%|▋         | 14862/213608 [01:19<17:37, 187.97it/s]
ROP:   7%|▋         | 14902/213608 [01:19<17:37, 187.91it/s]
ROP:   7%|▋         | 15037/213608 [01:19<17:28, 189.38it/s]
ROP:   7%|▋         | 15037/213608 [01:20<17:36, 187.96it/s]
ROP:   7%|▋         | 15091/213608 [01:20<17:32, 188.61it/s]
ROP:   7%|▋         | 15101/213608 [01:20<17:33, 188.40it/s]
ROP:   7%|▋         | 15111/213608 [01:20<17:36, 187.83it/s]
ROP:   7%|▋         | 15121/213608 [01:20<17:40, 187.16it/s]
ROP:   7%|▋         | 15182/213608 [01:20<17:37, 187.64it/s]
ROP:   7%|▋         | 15251/213608 [01:21<17:33, 188.21it/s]
ROP:   7%|▋         | 15320/213608 [01:21<17:31, 188.59it/s]
ROP:   7%|▋         | 15389/213608 [01:21<17:28, 189.05it/s]
ROP:   7%|▋         | 15490/213608 [01:21<17:22, 190.05it/s]
ROP:   7%|▋         | 15591/213608 [01:21<17:17, 190.87it/s]
ROP:   7%|▋         | 15692/213608 [01:22<17:15, 191.13it/s]
ROP:   7%|▋         | 15793/213608 [01:22<17:15, 191.05it/s]
ROP:   7%|▋         | 15823/213608 [01:22<17:14, 191.12it/s]
ROP:   7%|▋         | 15853/213608 [01:22<17:14, 191.18it/s]
ROP:   7%|▋         | 15905/213608 [01:23<17:11, 191.57it/s]
ROP:   7%|▋         | 15957/213608 [01:23<17:12, 191.37it/s]
ROP:   8%|▊         | 16032/213608 [01:23<17:09, 191.88it/s]
ROP:   8%|▊         | 16107/213608 [01:23<17:07, 192.13it/s]
ROP:   8%|▊         | 16496/213608 [01:23<16:42, 196.53it/s]
ROP:   8%|▊         | 16885/213608 [01:24<16:21, 200.43it/s]
ROP:   8%|▊         | 17274/213608 [01:25<16:10, 202.28it/s]
ROP:   8%|▊         | 17319/213608 [01:25<16:09, 202.51it/s]
ROP:   8%|▊         | 17459/213608 [01:25<16:01, 203.91it/s]
ROP:   8%|▊         | 17692/213608 [01:25<15:49, 206.36it/s]
ROP:   8%|▊         | 17925/213608 [01:26<15:43, 207.50it/s]
ROP:   8%|▊         | 17961/213608 [01:26<15:44, 207.16it/s]
ROP:   8%|▊         | 17998/213608 [01:26<15:43, 207.25it/s]
ROP:   8%|▊         | 18035/213608 [01:27<15:43, 207.20it/s]
ROP:   8%|▊         | 18101/213608 [01:27<15:41, 207.66it/s]
ROP:   9%|▊         | 18167/213608 [01:27<15:39, 208.11it/s]
ROP:   9%|▊         | 18248/213608 [01:27<15:35, 208.77it/s]
ROP:   9%|▊         | 18329/213608 [01:27<15:36, 208.48it/s]
ROP:   9%|▊         | 18433/213608 [01:28<15:32, 209.23it/s]
ROP:   9%|▊         | 18537/213608 [01:28<15:29, 209.77it/s]
ROP:   9%|▊         | 18641/213608 [01:28<15:26, 210.54it/s]
ROP:   9%|▉         | 18745/213608 [01:29<15:29, 209.62it/s]
ROP:   9%|▉         | 18778/213608 [01:29<15:29, 209.62it/s]
ROP:   9%|▉         | 18811/213608 [01:29<15:31, 209.07it/s]
ROP:   9%|▉         | 18844/213608 [01:30<15:32, 208.81it/s]
ROP:   9%|▉         | 18877/213608 [01:30<15:35, 208.23it/s]
ROP:   9%|▉         | 18910/213608 [01:30<15:34, 208.36it/s]
ROP:   9%|▉         | 18960/213608 [01:30<15:33, 208.51it/s]
ROP:   9%|▉         | 19010/213608 [01:31<15:37, 207.57it/s]
ROP:   9%|▉         | 19018/213608 [01:31<15:38, 207.26it/s]
ROP:   9%|▉         | 19026/213608 [01:32<15:41, 206.61it/s]
ROP:   9%|▉         | 19046/213608 [01:32<15:41, 206.58it/s]
ROP:   9%|▉         | 19137/213608 [01:32<15:38, 207.31it/s]
ROP:   9%|▉         | 19228/213608 [01:32<15:35, 207.70it/s]
ROP:   9%|▉         | 19319/213608 [01:32<15:33, 208.14it/s]
ROP:   9%|▉         | 19432/213608 [01:32<15:28, 209.05it/s]
ROP:   9%|▉         | 19545/213608 [01:34<15:36, 207.32it/s]
ROP:   9%|▉         | 19603/213608 [01:34<15:34, 207.60it/s]
ROP:   9%|▉         | 19720/213608 [01:34<15:29, 208.59it/s]
ROP:   9%|▉         | 19837/213608 [01:35<15:30, 208.29it/s]
ROP:   9%|▉         | 19899/213608 [01:35<15:28, 208.68it/s]
ROP:   9%|▉         | 19961/213608 [01:35<15:28, 208.66it/s]
ROP:   9%|▉         | 20098/213608 [01:35<15:22, 209.84it/s]
ROP:   9%|▉         | 20235/213608 [01:37<15:31, 207.59it/s]
ROP:  10%|▉         | 20365/213608 [01:37<15:26, 208.66it/s]
ROP:  10%|▉         | 20495/213608 [01:38<15:29, 207.87it/s]
ROP:  10%|▉         | 20509/213608 [01:38<15:30, 207.59it/s]
ROP:  10%|▉         | 20523/213608 [01:39<15:32, 206.99it/s]
ROP:  10%|▉         | 20537/213608 [01:39<15:34, 206.55it/s]
ROP:  10%|▉         | 20553/213608 [01:39<15:35, 206.47it/s]
ROP:  10%|▉         | 20602/213608 [01:39<15:33, 206.75it/s]
ROP:  10%|▉         | 20651/213608 [01:40<15:41, 204.93it/s]
ROP:  10%|▉         | 20807/213608 [01:40<15:34, 206.27it/s]
ROP:  10%|▉         | 20963/213608 [01:41<15:30, 207.08it/s]
ROP:  10%|▉         | 21119/213608 [01:41<15:23, 208.36it/s]
ROP:  10%|▉         | 21319/213608 [01:41<15:15, 210.13it/s]
ROP:  10%|█         | 21519/213608 [01:41<15:08, 211.54it/s]
ROP:  10%|█         | 21719/213608 [01:42<15:02, 212.72it/s]
ROP:  10%|█         | 21919/213608 [01:43<15:01, 212.66it/s]
ROP:  10%|█         | 21940/213608 [01:43<15:01, 212.65it/s]
ROP:  10%|█         | 21961/213608 [01:43<15:01, 212.61it/s]
ROP:  10%|█         | 21982/213608 [01:43<15:03, 212.11it/s]
ROP:  10%|█         | 22003/213608 [01:43<15:03, 212.09it/s]
ROP:  10%|█         | 22024/213608 [01:44<15:04, 211.77it/s]
ROP:  10%|█         | 22045/213608 [01:44<15:05, 211.64it/s]
ROP:  10%|█         | 22066/213608 [01:44<15:06, 211.39it/s]
ROP:  10%|█         | 22087/213608 [01:44<15:06, 211.27it/s]
ROP:  10%|█         | 22116/213608 [01:44<15:06, 211.23it/s]
ROP:  10%|█         | 22145/213608 [01:45<15:09, 210.51it/s]
ROP:  10%|█         | 22174/213608 [01:45<15:10, 210.30it/s]
ROP:  10%|█         | 22203/213608 [01:45<15:11, 210.06it/s]
ROP:  10%|█         | 22232/213608 [01:45<15:11, 209.96it/s]
ROP:  10%|█         | 22261/213608 [01:46<15:11, 209.83it/s]
ROP:  10%|█         | 22290/213608 [01:46<15:13, 209.44it/s]
ROP:  10%|█         | 22319/213608 [01:47<15:19, 208.05it/s]
ROP:  10%|█         | 22354/213608 [01:47<15:19, 208.10it/s]
ROP:  10%|█         | 22389/213608 [01:47<15:21, 207.62it/s]
ROP:  11%|█         | 22438/213608 [01:47<15:19, 207.80it/s]
ROP:  11%|█         | 22487/213608 [01:48<15:23, 206.89it/s]
ROP:  11%|█         | 22513/213608 [01:48<15:23, 206.85it/s]
ROP:  11%|█         | 22539/213608 [01:49<15:26, 206.19it/s]
ROP:  11%|█         | 22576/213608 [01:49<15:25, 206.33it/s]
ROP:  11%|█         | 22576/213608 [01:50<15:30, 205.23it/s]
ROP:  11%|█         | 22612/213608 [01:50<15:29, 205.48it/s]
ROP:  11%|█         | 22623/213608 [01:50<15:30, 205.31it/s]
ROP:  11%|█         | 22661/213608 [01:50<15:29, 205.43it/s]
ROP:  11%|█         | 22699/213608 [01:50<15:30, 205.23it/s]
ROP:  11%|█         | 22753/213608 [01:50<15:28, 205.49it/s]
ROP:  11%|█         | 22807/213608 [01:51<15:33, 204.43it/s]
ROP:  11%|█         | 22843/213608 [01:51<15:32, 204.55it/s]
ROP:  11%|█         | 22879/213608 [01:51<15:33, 204.34it/s]
ROP:  11%|█         | 22918/213608 [01:52<15:32, 204.51it/s]
ROP:  11%|█         | 23021/213608 [01:52<15:28, 205.24it/s]
ROP:  11%|█         | 23124/213608 [01:52<15:26, 205.49it/s]
ROP:  11%|█         | 23227/213608 [01:52<15:23, 206.14it/s]
ROP:  11%|█         | 23330/213608 [01:52<15:21, 206.53it/s]
ROP:  11%|█         | 23433/213608 [01:53<15:21, 206.42it/s]
ROP:  11%|█         | 23472/213608 [01:53<15:20, 206.57it/s]
ROP:  11%|█         | 23511/213608 [01:53<15:19, 206.69it/s]
ROP:  11%|█         | 23579/213608 [01:53<15:17, 207.07it/s]
ROP:  11%|█         | 23647/213608 [01:54<15:19, 206.52it/s]
ROP:  11%|█         | 23702/213608 [01:54<15:18, 206.72it/s]
ROP:  11%|█         | 23757/213608 [01:55<15:19, 206.55it/s]
ROP:  11%|█         | 23812/213608 [01:55<15:18, 206.69it/s]
ROP:  11%|█         | 23867/213608 [01:55<15:17, 206.81it/s]
ROP:  11%|█         | 23922/213608 [01:55<15:19, 206.32it/s]
ROP:  11%|█         | 23955/213608 [01:56<15:18, 206.38it/s]
ROP:  11%|█         | 23988/213608 [01:56<15:18, 206.48it/s]
ROP:  11%|█         | 24021/213608 [01:56<15:17, 206.58it/s]
ROP:  11%|█▏        | 24054/213608 [01:56<15:18, 206.41it/s]
ROP:  11%|█▏        | 24092/213608 [01:56<15:17, 206.55it/s]
ROP:  11%|█▏        | 24130/213608 [01:56<15:16, 206.67it/s]
ROP:  11%|█▏        | 24205/213608 [01:56<15:14, 207.13it/s]
ROP:  11%|█▏        | 24280/213608 [01:57<15:15, 206.82it/s]
ROP:  11%|█▏        | 24294/213608 [01:57<15:16, 206.62it/s]
ROP:  11%|█▏        | 24363/213608 [01:57<15:14, 207.02it/s]
ROP:  11%|█▏        | 24448/213608 [01:57<15:11, 207.57it/s]
ROP:  11%|█▏        | 24533/213608 [01:57<15:08, 208.07it/s]
ROP:  12%|█▏        | 24618/213608 [01:58<15:07, 208.27it/s]
ROP:  12%|█▏        | 24703/213608 [01:58<15:06, 208.50it/s]
ROP:  12%|█▏        | 24788/213608 [01:58<15:05, 208.63it/s]
ROP:  12%|█▏        | 24911/213608 [01:58<15:00, 209.49it/s]
ROP:  12%|█▏        | 25034/213608 [01:59<15:00, 209.36it/s]
ROP:  12%|█▏        | 25053/213608 [01:59<15:00, 209.28it/s]
ROP:  12%|█▏        | 25072/213608 [02:00<15:04, 208.54it/s]
ROP:  12%|█▏        | 25076/213608 [02:00<15:06, 207.96it/s]
ROP:  12%|█▏        | 25138/213608 [02:00<15:04, 208.30it/s]
ROP:  12%|█▏        | 25200/213608 [02:00<15:04, 208.28it/s]
ROP:  12%|█▏        | 25262/213608 [02:01<15:08, 207.22it/s]
ROP:  12%|█▏        | 25284/213608 [02:02<15:08, 207.20it/s]
ROP:  12%|█▏        | 25306/213608 [02:02<15:09, 207.11it/s]
ROP:  12%|█▏        | 25328/213608 [02:02<15:09, 207.03it/s]
ROP:  12%|█▏        | 25372/213608 [02:02<15:08, 207.22it/s]
ROP:  12%|█▏        | 25416/213608 [02:02<15:07, 207.28it/s]
ROP:  12%|█▏        | 25472/213608 [02:02<15:06, 207.53it/s]
ROP:  12%|█▏        | 25528/213608 [02:02<15:05, 207.63it/s]
ROP:  12%|█▏        | 25584/213608 [02:03<15:05, 207.75it/s]
ROP:  12%|█▏        | 25640/213608 [02:03<15:06, 207.41it/s]
ROP:  12%|█▏        | 25696/213608 [02:04<15:09, 206.60it/s]
ROP:  12%|█▏        | 25769/213608 [02:04<15:07, 207.00it/s]
ROP:  12%|█▏        | 25842/213608 [02:04<15:06, 207.13it/s]
ROP:  12%|█▏        | 25915/213608 [02:04<15:04, 207.47it/s]
ROP:  12%|█▏        | 25988/213608 [02:05<15:03, 207.71it/s]
ROP:  12%|█▏        | 26061/213608 [02:05<15:01, 208.11it/s]
ROP:  12%|█▏        | 26134/213608 [02:05<14:59, 208.38it/s]
ROP:  12%|█▏        | 26207/213608 [02:05<14:58, 208.53it/s]
ROP:  12%|█▏        | 26280/213608 [02:05<14:56, 208.87it/s]
ROP:  12%|█▏        | 26353/213608 [02:06<14:56, 208.93it/s]
ROP:  12%|█▏        | 26457/213608 [02:06<14:53, 209.57it/s]
ROP:  12%|█▏        | 26561/213608 [02:06<14:50, 210.13it/s]
ROP:  12%|█▏        | 26665/213608 [02:06<14:49, 210.07it/s]
ROP:  12%|█▏        | 26685/213608 [02:07<14:51, 209.62it/s]
ROP:  13%|█▎        | 26705/213608 [02:07<14:51, 209.57it/s]
ROP:  13%|█▎        | 26730/213608 [02:07<14:51, 209.58it/s]
ROP:  13%|█▎        | 26790/213608 [02:07<14:50, 209.86it/s]
ROP:  13%|█▎        | 26850/213608 [02:07<14:50, 209.79it/s]
ROP:  13%|█▎        | 26910/213608 [02:08<14:49, 209.83it/s]
ROP:  13%|█▎        | 26970/213608 [02:08<14:50, 209.60it/s]
ROP:  13%|█▎        | 27030/213608 [02:08<14:49, 209.72it/s]
ROP:  13%|█▎        | 27090/213608 [02:09<14:48, 209.98it/s]
ROP:  13%|█▎        | 27150/213608 [02:09<14:47, 210.12it/s]
ROP:  13%|█▎        | 27268/213608 [02:09<14:43, 210.84it/s]
ROP:  13%|█▎        | 27386/213608 [02:09<14:43, 210.85it/s]
ROP:  13%|█▎        | 27494/213608 [02:09<14:39, 211.51it/s]
ROP:  13%|█▎        | 27602/213608 [02:10<14:36, 212.14it/s]
ROP:  13%|█▎        | 27710/213608 [02:10<14:34, 212.58it/s]
ROP:  13%|█▎        | 27878/213608 [02:10<14:29, 213.70it/s]
ROP:  13%|█▎        | 28046/213608 [02:10<14:24, 214.62it/s]
ROP:  13%|█▎        | 28214/213608 [02:10<14:19, 215.63it/s]
ROP:  13%|█▎        | 28382/213608 [02:11<14:15, 216.40it/s]
ROP:  13%|█▎        | 28550/213608 [02:11<14:10, 217.47it/s]
ROP:  13%|█▎        | 28718/213608 [02:11<14:06, 218.47it/s]
ROP:  14%|█▎        | 28886/213608 [02:11<14:03, 219.05it/s]
ROP:  14%|█▎        | 29204/213608 [02:11<13:53, 221.29it/s]
ROP:  14%|█▍        | 29522/213608 [02:12<13:45, 222.90it/s]
ROP:  14%|█▍        | 29840/213608 [02:13<13:42, 223.56it/s]
ROP:  14%|█▍        | 29871/213608 [02:13<13:41, 223.56it/s]
ROP:  14%|█▍        | 30009/213608 [02:13<13:38, 224.40it/s]
ROP:  14%|█▍        | 30147/213608 [02:13<13:34, 225.15it/s]
ROP:  14%|█▍        | 30285/213608 [02:14<13:33, 225.29it/s]
ROP:  14%|█▍        | 30362/213608 [02:14<13:31, 225.68it/s]
ROP:  14%|█▍        | 30439/213608 [02:14<13:31, 225.61it/s]
ROP:  14%|█▍        | 30516/213608 [02:15<13:31, 225.69it/s]
ROP:  14%|█▍        | 30645/213608 [02:15<13:27, 226.47it/s]
ROP:  14%|█▍        | 30774/213608 [02:15<13:27, 226.35it/s]
ROP:  14%|█▍        | 30819/213608 [02:16<13:26, 226.50it/s]
ROP:  14%|█▍        | 30939/213608 [02:16<13:23, 227.22it/s]
ROP:  15%|█▍        | 31059/213608 [02:16<13:22, 227.54it/s]
ROP:  15%|█▍        | 31179/213608 [02:16<13:20, 227.99it/s]
ROP:  15%|█▍        | 31299/213608 [02:17<13:19, 228.00it/s]
ROP:  15%|█▍        | 31333/213608 [02:17<13:19, 228.03it/s]
ROP:  15%|█▍        | 31384/213608 [02:17<13:18, 228.18it/s]
ROP:  15%|█▍        | 31435/213608 [02:17<13:19, 227.95it/s]
ROP:  15%|█▍        | 31486/213608 [02:18<13:18, 228.13it/s]
ROP:  15%|█▍        | 31537/213608 [02:18<13:17, 228.31it/s]
ROP:  15%|█▍        | 31600/213608 [02:18<13:16, 228.59it/s]
ROP:  15%|█▍        | 31663/213608 [02:18<13:16, 228.49it/s]
ROP:  15%|█▍        | 31727/213608 [02:18<13:15, 228.76it/s]
ROP:  15%|█▍        | 31791/213608 [02:18<13:14, 228.78it/s]
ROP:  15%|█▍        | 31855/213608 [02:19<13:13, 229.00it/s]
ROP:  15%|█▍        | 31941/213608 [02:19<13:12, 229.36it/s]
ROP:  15%|█▍        | 32027/213608 [02:19<13:11, 229.44it/s]
ROP:  15%|█▌        | 32163/213608 [02:19<13:08, 230.21it/s]
ROP:  15%|█▌        | 32299/213608 [02:19<13:04, 230.99it/s]
ROP:  15%|█▌        | 32520/213608 [02:19<12:59, 232.40it/s]
ROP:  15%|█▌        | 32804/213608 [02:20<12:51, 234.26it/s]
ROP:  15%|█▌        | 33088/213608 [02:20<12:44, 236.01it/s]
ROP:  16%|█▌        | 33372/213608 [02:21<12:42, 236.39it/s]
ROP:  16%|█▌        | 33402/213608 [02:21<12:42, 236.20it/s]
ROP:  16%|█▌        | 33446/213608 [02:21<12:42, 236.33it/s]
ROP:  16%|█▌        | 33490/213608 [02:21<12:42, 236.18it/s]
ROP:  16%|█▌        | 33534/213608 [02:21<12:42, 236.31it/s]
ROP:  16%|█▌        | 33629/213608 [02:22<12:40, 236.72it/s]
ROP:  16%|█▌        | 33724/213608 [02:23<12:46, 234.73it/s]
ROP:  16%|█▌        | 33752/213608 [02:23<12:46, 234.70it/s]
ROP:  16%|█▌        | 33809/213608 [02:23<12:45, 234.89it/s]
ROP:  16%|█▌        | 33866/213608 [02:24<12:45, 234.71it/s]
ROP:  16%|█▌        | 33923/213608 [02:24<12:45, 234.82it/s]
ROP:  16%|█▌        | 34025/213608 [02:24<12:43, 235.35it/s]
ROP:  16%|█▌        | 34127/213608 [02:25<12:42, 235.34it/s]
ROP:  16%|█▌        | 34229/213608 [02:25<12:42, 235.30it/s]
ROP:  16%|█▌        | 34331/213608 [02:25<12:41, 235.34it/s]
ROP:  16%|█▌        | 34433/213608 [02:26<12:42, 234.93it/s]
ROP:  16%|█▌        | 34465/213608 [02:26<12:42, 234.94it/s]
ROP:  16%|█▌        | 34513/213608 [02:26<12:41, 235.09it/s]
ROP:  16%|█▌        | 34561/213608 [02:27<12:42, 234.96it/s]
ROP:  16%|█▌        | 34609/213608 [02:27<12:41, 235.09it/s]
ROP:  16%|█▌        | 34657/213608 [02:27<12:41, 235.01it/s]
ROP:  16%|█▌        | 34705/213608 [02:27<12:41, 234.93it/s]
ROP:  16%|█▋        | 34753/213608 [02:28<12:43, 234.34it/s]
ROP:  16%|█▋        | 34809/213608 [02:28<12:42, 234.47it/s]
ROP:  16%|█▋        | 34865/213608 [02:28<12:43, 234.17it/s]
ROP:  16%|█▋        | 34921/213608 [02:29<12:42, 234.27it/s]
ROP:  16%|█▋        | 35040/213608 [02:29<12:40, 234.86it/s]
ROP:  16%|█▋        | 35159/213608 [02:29<12:40, 234.74it/s]
ROP:  16%|█▋        | 35180/213608 [02:29<12:40, 234.66it/s]
ROP:  16%|█▋        | 35223/213608 [02:30<12:39, 234.79it/s]
ROP:  17%|█▋        | 35266/213608 [02:30<12:39, 234.72it/s]
ROP:  17%|█▋        | 35309/213608 [02:30<12:39, 234.61it/s]
ROP:  17%|█▋        | 35352/213608 [02:30<12:39, 234.72it/s]
ROP:  17%|█▋        | 35397/213608 [02:30<12:38, 234.84it/s]
ROP:  17%|█▋        | 35522/213608 [02:30<12:36, 235.49it/s]
ROP:  17%|█▋        | 35647/213608 [02:31<12:35, 235.49it/s]
ROP:  17%|█▋        | 35671/213608 [02:31<12:36, 235.35it/s]
ROP:  17%|█▋        | 35718/213608 [02:31<12:35, 235.47it/s]
ROP:  17%|█▋        | 35765/213608 [02:32<12:35, 235.29it/s]
ROP:  17%|█▋        | 35812/213608 [02:32<12:37, 234.65it/s]
ROP:  17%|█▋        | 35900/213608 [02:32<12:35, 235.07it/s]
ROP:  17%|█▋        | 35988/213608 [02:33<12:37, 234.58it/s]
ROP:  17%|█▋        | 36070/213608 [02:33<12:36, 234.80it/s]
ROP:  17%|█▋        | 36152/213608 [02:34<12:36, 234.65it/s]
ROP:  17%|█▋        | 36234/213608 [02:34<12:35, 234.68it/s]
ROP:  17%|█▋        | 36360/213608 [02:34<12:33, 235.31it/s]
ROP:  17%|█▋        | 36486/213608 [02:35<12:33, 234.98it/s]
ROP:  17%|█▋        | 36515/213608 [02:35<12:33, 235.01it/s]
ROP:  17%|█▋        | 36553/213608 [02:35<12:33, 235.10it/s]
ROP:  17%|█▋        | 36591/213608 [02:35<12:33, 234.86it/s]
ROP:  17%|█▋        | 36629/213608 [02:36<12:34, 234.43it/s]
ROP:  17%|█▋        | 36667/213608 [02:36<12:34, 234.42it/s]
ROP:  17%|█▋        | 36705/213608 [02:36<12:34, 234.42it/s]
ROP:  17%|█▋        | 36754/213608 [02:36<12:33, 234.58it/s]
ROP:  17%|█▋        | 36803/213608 [02:37<12:35, 234.01it/s]
ROP:  17%|█▋        | 36817/213608 [02:37<12:35, 233.86it/s]
ROP:  17%|█▋        | 36831/213608 [02:37<12:38, 233.15it/s]
ROP:  17%|█▋        | 36843/213608 [02:38<12:38, 233.07it/s]
ROP:  17%|█▋        | 36867/213608 [02:38<12:38, 233.07it/s]
ROP:  17%|█▋        | 36891/213608 [02:38<12:38, 232.92it/s]
ROP:  17%|█▋        | 36953/213608 [02:38<12:37, 233.15it/s]
ROP:  17%|█▋        | 37015/213608 [02:38<12:37, 232.98it/s]
ROP:  17%|█▋        | 37077/213608 [02:39<12:38, 232.64it/s]
ROP:  17%|█▋        | 37077/213608 [02:40<12:41, 231.73it/s]
ROP:  17%|█▋        | 37116/213608 [02:40<12:40, 231.96it/s]
ROP:  17%|█▋        | 37123/213608 [02:40<12:41, 231.76it/s]
ROP:  17%|█▋        | 37130/213608 [02:40<12:42, 231.50it/s]
ROP:  17%|█▋        | 37137/213608 [02:40<12:42, 231.39it/s]
ROP:  17%|█▋        | 37149/213608 [02:40<12:42, 231.27it/s]
ROP:  17%|█▋        | 37161/213608 [02:40<12:44, 230.87it/s]
ROP:  17%|█▋        | 37173/213608 [02:41<12:45, 230.62it/s]
ROP:  17%|█▋        | 37185/213608 [02:41<12:45, 230.46it/s]
ROP:  17%|█▋        | 37197/213608 [02:41<12:45, 230.38it/s]
ROP:  17%|█▋        | 37285/213608 [02:41<12:44, 230.78it/s]
ROP:  17%|█▋        | 37373/213608 [02:41<12:42, 231.16it/s]
ROP:  18%|█▊        | 37461/213608 [02:42<12:43, 230.84it/s]
ROP:  18%|█▊        | 37526/213608 [02:42<12:42, 231.08it/s]
ROP:  18%|█▊        | 37591/213608 [02:42<12:41, 231.29it/s]
ROP:  18%|█▊        | 37656/213608 [02:42<12:39, 231.53it/s]
ROP:  18%|█▊        | 37721/213608 [02:42<12:39, 231.45it/s]
ROP:  18%|█▊        | 37786/213608 [02:43<12:39, 231.50it/s]
ROP:  18%|█▊        | 37851/213608 [02:43<12:38, 231.61it/s]
ROP:  18%|█▊        | 37916/213608 [02:44<12:39, 231.19it/s]
ROP:  18%|█▊        | 38038/213608 [02:44<12:37, 231.72it/s]
ROP:  18%|█▊        | 38160/213608 [02:44<12:37, 231.59it/s]
ROP:  18%|█▊        | 38205/213608 [02:44<12:37, 231.70it/s]
ROP:  18%|█▊        | 38270/213608 [02:45<12:36, 231.92it/s]
ROP:  18%|█▊        | 38349/213608 [02:45<12:34, 232.24it/s]
ROP:  18%|█▊        | 38428/213608 [02:45<12:35, 231.89it/s]
ROP:  18%|█▊        | 38450/213608 [02:45<12:35, 231.88it/s]
ROP:  18%|█▊        | 38472/213608 [02:45<12:35, 231.79it/s]
ROP:  18%|█▊        | 38500/213608 [02:46<12:35, 231.79it/s]
ROP:  18%|█▊        | 38537/213608 [02:46<12:35, 231.81it/s]
ROP:  18%|█▊        | 38581/213608 [02:46<12:34, 231.94it/s]
ROP:  18%|█▊        | 38625/213608 [02:46<12:34, 231.96it/s]
ROP:  18%|█▊        | 38702/213608 [02:46<12:33, 232.17it/s]
ROP:  18%|█▊        | 38779/213608 [02:47<12:33, 232.01it/s]
ROP:  18%|█▊        | 38856/213608 [02:47<12:32, 232.16it/s]
ROP:  18%|█▊        | 38933/213608 [02:47<12:31, 232.46it/s]
ROP:  18%|█▊        | 39010/213608 [02:47<12:30, 232.68it/s]
ROP:  18%|█▊        | 39087/213608 [02:47<12:29, 232.74it/s]
ROP:  18%|█▊        | 39164/213608 [02:48<12:31, 232.00it/s]
ROP:  18%|█▊        | 39187/213608 [02:48<12:31, 231.95it/s]
ROP:  18%|█▊        | 39219/213608 [02:49<12:31, 231.99it/s]
ROP:  18%|█▊        | 39251/213608 [02:49<12:32, 231.79it/s]
ROP:  18%|█▊        | 39418/213608 [02:49<12:28, 232.58it/s]
ROP:  18%|█▊        | 39418/213608 [02:50<12:31, 231.86it/s]
ROP:  18%|█▊        | 39436/213608 [02:50<12:30, 231.95it/s]
ROP:  18%|█▊        | 39458/213608 [02:50<12:31, 231.86it/s]
ROP:  18%|█▊        | 39480/213608 [02:50<12:32, 231.36it/s]
ROP:  18%|█▊        | 39502/213608 [02:51<12:35, 230.60it/s]
ROP:  18%|█▊        | 39513/213608 [02:51<12:35, 230.45it/s]
ROP:  19%|█▊        | 39524/213608 [02:51<12:35, 230.34it/s]
ROP:  19%|█▊        | 39535/213608 [02:51<12:36, 230.01it/s]
ROP:  19%|█▊        | 39546/213608 [02:52<12:37, 229.70it/s]
ROP:  19%|█▊        | 39557/213608 [02:52<12:38, 229.60it/s]
ROP:  19%|█▊        | 39568/213608 [02:52<12:38, 229.46it/s]
ROP:  19%|█▊        | 39579/213608 [02:52<12:39, 229.26it/s]
ROP:  19%|█▊        | 39590/213608 [02:52<12:39, 229.09it/s]
ROP:  19%|█▊        | 39601/213608 [02:53<12:40, 228.85it/s]
ROP:  19%|█▊        | 39612/213608 [02:53<12:41, 228.44it/s]
ROP:  19%|█▊        | 39660/213608 [02:53<12:41, 228.51it/s]
ROP:  19%|█▊        | 39708/213608 [02:54<12:43, 227.86it/s]
ROP:  19%|█▊        | 39730/213608 [02:54<12:43, 227.82it/s]
ROP:  19%|█▊        | 39775/213608 [02:54<12:42, 227.95it/s]
ROP:  19%|█▊        | 39820/213608 [02:54<12:43, 227.63it/s]
ROP:  19%|█▊        | 39950/213608 [02:55<12:41, 228.13it/s]
ROP:  19%|█▉        | 40080/213608 [02:56<12:43, 227.23it/s]
ROP:  19%|█▉        | 40091/213608 [02:56<12:44, 226.91it/s]
ROP:  19%|█▉        | 40102/213608 [02:56<12:45, 226.78it/s]
ROP:  19%|█▉        | 40113/213608 [02:57<12:46, 226.42it/s]
ROP:  19%|█▉        | 40133/213608 [02:57<12:46, 226.37it/s]
ROP:  19%|█▉        | 40153/213608 [02:57<12:48, 225.84it/s]
ROP:  19%|█▉        | 40164/213608 [02:57<12:48, 225.75it/s]
ROP:  19%|█▉        | 40245/213608 [02:58<12:47, 226.01it/s]
ROP:  19%|█▉        | 40326/213608 [02:58<12:48, 225.57it/s]
ROP:  19%|█▉        | 40348/213608 [02:58<12:48, 225.55it/s]
ROP:  19%|█▉        | 40379/213608 [02:58<12:47, 225.58it/s]
ROP:  19%|█▉        | 40410/213608 [02:59<12:49, 225.06it/s]
ROP:  19%|█▉        | 40432/213608 [02:59<12:49, 225.05it/s]
ROP:  19%|█▉        | 40454/213608 [02:59<12:50, 224.87it/s]
ROP:  19%|█▉        | 40508/213608 [03:00<12:49, 224.97it/s]
ROP:  19%|█▉        | 40562/213608 [03:00<12:51, 224.42it/s]
ROP:  19%|█▉        | 40586/213608 [03:00<12:51, 224.38it/s]
ROP:  19%|█▉        | 40610/213608 [03:01<12:51, 224.30it/s]
ROP:  19%|█▉        | 40634/213608 [03:01<12:51, 224.29it/s]
ROP:  19%|█▉        | 40740/213608 [03:01<12:49, 224.74it/s]
ROP:  19%|█▉        | 40846/213608 [03:01<12:47, 225.13it/s]
ROP:  19%|█▉        | 40952/213608 [03:03<12:52, 223.58it/s]
ROP:  19%|█▉        | 40974/213608 [03:03<12:52, 223.56it/s]
ROP:  19%|█▉        | 40996/213608 [03:03<12:52, 223.52it/s]
ROP:  19%|█▉        | 41046/213608 [03:03<12:51, 223.61it/s]
ROP:  19%|█▉        | 41101/213608 [03:03<12:50, 223.77it/s]
ROP:  19%|█▉        | 41178/213608 [03:03<12:49, 224.06it/s]
ROP:  19%|█▉        | 41269/213608 [03:03<12:47, 224.43it/s]
ROP:  19%|█▉        | 41360/213608 [03:04<12:48, 224.02it/s]
ROP:  19%|█▉        | 41421/213608 [03:04<12:47, 224.22it/s]
ROP:  19%|█▉        | 41482/213608 [03:05<12:48, 223.99it/s]
ROP:  19%|█▉        | 41543/213608 [03:05<12:48, 223.80it/s]
ROP:  20%|█▉        | 41660/213608 [03:05<12:46, 224.29it/s]
ROP:  20%|█▉        | 41777/213608 [03:07<12:52, 222.58it/s]
ROP:  20%|█▉        | 41796/213608 [03:07<12:52, 222.55it/s]
ROP:  20%|█▉        | 41855/213608 [03:07<12:51, 222.71it/s]
ROP:  20%|█▉        | 41914/213608 [03:08<12:50, 222.82it/s]
ROP:  20%|█▉        | 41973/213608 [03:08<12:50, 222.87it/s]
ROP:  20%|█▉        | 42032/213608 [03:08<12:51, 222.44it/s]
ROP:  20%|█▉        | 42065/213608 [03:09<12:51, 222.49it/s]
ROP:  20%|█▉        | 42132/213608 [03:09<12:49, 222.71it/s]
ROP:  20%|█▉        | 42203/213608 [03:09<12:48, 222.92it/s]
ROP:  20%|█▉        | 42274/213608 [03:09<12:48, 222.99it/s]
ROP:  20%|█▉        | 42402/213608 [03:09<12:45, 223.53it/s]
ROP:  20%|█▉        | 42530/213608 [03:11<12:49, 222.25it/s]
ROP:  20%|█▉        | 42544/213608 [03:11<12:49, 222.18it/s]
ROP:  20%|█▉        | 42558/213608 [03:11<12:50, 222.11it/s]
ROP:  20%|█▉        | 42624/213608 [03:11<12:49, 222.26it/s]
ROP:  20%|█▉        | 42690/213608 [03:12<12:52, 221.20it/s]
ROP:  20%|█▉        | 42696/213608 [03:13<12:53, 220.93it/s]
ROP:  20%|█▉        | 42707/213608 [03:13<12:53, 220.87it/s]
ROP:  20%|█▉        | 42718/213608 [03:13<12:54, 220.55it/s]
ROP:  20%|██        | 42729/213608 [03:13<12:55, 220.28it/s]
ROP:  20%|██        | 42740/213608 [03:14<12:56, 220.17it/s]
ROP:  20%|██        | 42754/213608 [03:14<12:56, 220.08it/s]
ROP:  20%|██        | 42770/213608 [03:14<12:56, 220.02it/s]
ROP:  20%|██        | 42786/213608 [03:14<12:56, 219.87it/s]
ROP:  20%|██        | 42812/213608 [03:14<12:56, 219.87it/s]
ROP:  20%|██        | 42838/213608 [03:15<12:57, 219.59it/s]
ROP:  20%|██        | 42871/213608 [03:15<12:57, 219.63it/s]
ROP:  20%|██        | 42981/213608 [03:15<12:55, 219.99it/s]
ROP:  20%|██        | 43091/213608 [03:16<12:57, 219.21it/s]
ROP:  20%|██        | 43101/213608 [03:17<12:59, 218.76it/s]
ROP:  20%|██        | 43111/213608 [03:17<13:00, 218.42it/s]
ROP:  20%|██        | 43121/213608 [03:17<13:01, 218.15it/s]
ROP:  20%|██        | 43133/213608 [03:17<13:01, 218.04it/s]
ROP:  20%|██        | 43145/213608 [03:18<13:03, 217.70it/s]
ROP:  20%|██        | 43157/213608 [03:18<13:03, 217.50it/s]
ROP:  20%|██        | 43169/213608 [03:18<13:04, 217.35it/s]
ROP:  20%|██        | 43181/213608 [03:19<13:05, 216.99it/s]
ROP:  20%|██        | 43203/213608 [03:19<13:05, 216.92it/s]
ROP:  20%|██        | 43229/213608 [03:19<13:05, 216.91it/s]
ROP:  20%|██        | 43255/213608 [03:19<13:06, 216.67it/s]
ROP:  20%|██        | 43281/213608 [03:19<13:06, 216.55it/s]
ROP:  20%|██        | 43307/213608 [03:20<13:07, 216.26it/s]
ROP:  20%|██        | 43333/213608 [03:20<13:07, 216.25it/s]
ROP:  20%|██        | 43359/213608 [03:20<13:08, 215.96it/s]
ROP:  20%|██        | 43385/213608 [03:20<13:08, 215.94it/s]
ROP:  20%|██        | 43426/213608 [03:21<13:07, 215.98it/s]
ROP:  20%|██        | 43467/213608 [03:21<13:08, 215.84it/s]
ROP:  20%|██        | 43508/213608 [03:21<13:08, 215.75it/s]
ROP:  20%|██        | 43558/213608 [03:21<13:07, 215.86it/s]
ROP:  20%|██        | 43608/213608 [03:22<13:10, 215.09it/s]
ROP:  20%|██        | 43626/213608 [03:22<13:10, 215.05it/s]
ROP:  20%|██        | 43644/213608 [03:23<13:11, 214.82it/s]
ROP:  20%|██        | 43680/213608 [03:23<13:10, 214.90it/s]
ROP:  20%|██        | 43716/213608 [03:23<13:12, 214.40it/s]
ROP:  20%|██        | 43773/213608 [03:24<13:11, 214.53it/s]
ROP:  21%|██        | 43830/213608 [03:24<13:11, 214.39it/s]
ROP:  21%|██        | 43887/213608 [03:25<13:13, 213.97it/s]
ROP:  21%|██        | 43917/213608 [03:25<13:13, 213.97it/s]
ROP:  21%|██        | 43947/213608 [03:25<13:14, 213.65it/s]
ROP:  21%|██        | 43977/213608 [03:25<13:14, 213.61it/s]
ROP:  21%|██        | 44007/213608 [03:26<13:16, 212.93it/s]
ROP:  21%|██        | 44023/213608 [03:26<13:16, 212.88it/s]
ROP:  21%|██        | 44047/213608 [03:26<13:16, 212.89it/s]
ROP:  21%|██        | 44110/213608 [03:27<13:15, 213.04it/s]
ROP:  21%|██        | 44173/213608 [03:27<13:15, 212.96it/s]
ROP:  21%|██        | 44236/213608 [03:27<13:15, 212.84it/s]
ROP:  21%|██        | 44299/213608 [03:28<13:16, 212.51it/s]
ROP:  21%|██        | 44322/213608 [03:28<13:16, 212.50it/s]
ROP:  21%|██        | 44345/213608 [03:29<13:18, 211.94it/s]
ROP:  21%|██        | 44364/213608 [03:29<13:18, 211.93it/s]
ROP:  21%|██        | 44383/213608 [03:29<13:20, 211.45it/s]
ROP:  21%|██        | 44458/213608 [03:30<13:19, 211.68it/s]
ROP:  21%|██        | 44533/213608 [03:30<13:20, 211.18it/s]
ROP:  21%|██        | 44542/213608 [03:31<13:21, 211.05it/s]
ROP:  21%|██        | 44551/213608 [03:31<13:22, 210.69it/s]
ROP:  21%|██        | 44560/213608 [03:31<13:22, 210.61it/s]
ROP:  21%|██        | 44607/213608 [03:31<13:22, 210.71it/s]
ROP:  21%|██        | 44654/213608 [03:32<13:23, 210.37it/s]
ROP:  21%|██        | 44663/213608 [03:32<13:23, 210.29it/s]
ROP:  21%|██        | 44675/213608 [03:32<13:23, 210.19it/s]
ROP:  21%|██        | 44687/213608 [03:32<13:24, 210.10it/s]
ROP:  21%|██        | 44699/213608 [03:32<13:24, 209.99it/s]
ROP:  21%|██        | 44711/213608 [03:33<13:24, 209.87it/s]
ROP:  21%|██        | 44723/213608 [03:33<13:25, 209.68it/s]
ROP:  21%|██        | 44735/213608 [03:33<13:26, 209.46it/s]
ROP:  21%|██        | 44755/213608 [03:33<13:26, 209.45it/s]
ROP:  21%|██        | 44775/213608 [03:34<13:27, 209.17it/s]
ROP:  21%|██        | 44795/213608 [03:34<13:28, 208.71it/s]
ROP:  21%|██        | 44799/213608 [03:34<13:29, 208.49it/s]
ROP:  21%|██        | 44803/213608 [03:35<13:30, 208.36it/s]
ROP:  21%|██        | 44811/213608 [03:35<13:30, 208.26it/s]
ROP:  21%|██        | 44829/213608 [03:35<13:30, 208.22it/s]
ROP:  21%|██        | 44847/213608 [03:35<13:30, 208.11it/s]
ROP:  21%|██        | 44865/213608 [03:35<13:32, 207.79it/s]
ROP:  21%|██        | 44889/213608 [03:36<13:32, 207.76it/s]
ROP:  21%|██        | 44913/213608 [03:36<13:33, 207.47it/s]
ROP:  21%|██        | 44937/213608 [03:36<13:34, 207.15it/s]
ROP:  21%|██        | 44961/213608 [03:37<13:36, 206.64it/s]
ROP:  21%|██        | 44965/213608 [03:37<13:36, 206.48it/s]
ROP:  21%|██        | 44971/213608 [03:37<13:37, 206.39it/s]
ROP:  21%|██        | 44977/213608 [03:38<13:37, 206.30it/s]
ROP:  21%|██        | 44986/213608 [03:38<13:37, 206.20it/s]
ROP:  21%|██        | 44995/213608 [03:38<13:38, 206.10it/s]
ROP:  21%|██        | 45004/213608 [03:38<13:38, 205.96it/s]
ROP:  21%|██        | 45028/213608 [03:38<13:38, 205.96it/s]
ROP:  21%|██        | 45052/213608 [03:38<13:39, 205.77it/s]
ROP:  21%|██        | 45076/213608 [03:39<13:39, 205.64it/s]
ROP:  21%|██        | 45113/213608 [03:39<13:39, 205.69it/s]
ROP:  21%|██        | 45201/213608 [03:39<13:37, 205.99it/s]
ROP:  21%|██        | 45289/213608 [03:39<13:36, 206.10it/s]
ROP:  21%|██        | 45377/213608 [03:40<13:37, 205.67it/s]
ROP:  21%|██▏       | 45416/213608 [03:40<13:37, 205.75it/s]
ROP:  21%|██▏       | 45455/213608 [03:41<13:37, 205.66it/s]
ROP:  21%|██▏       | 45496/213608 [03:41<13:37, 205.75it/s]
ROP:  21%|██▏       | 45537/213608 [03:41<13:37, 205.65it/s]
ROP:  21%|██▏       | 45592/213608 [03:41<13:36, 205.77it/s]
ROP:  21%|██▏       | 45662/213608 [03:41<13:35, 205.99it/s]
ROP:  21%|██▏       | 45732/213608 [03:42<13:35, 205.83it/s]
ROP:  21%|██▏       | 45746/213608 [03:42<13:35, 205.78it/s]
ROP:  21%|██▏       | 45791/213608 [03:42<13:35, 205.84it/s]
ROP:  21%|██▏       | 45836/213608 [03:42<13:35, 205.74it/s]
ROP:  21%|██▏       | 45881/213608 [03:43<13:35, 205.71it/s]
ROP:  22%|██▏       | 45977/213608 [03:43<13:33, 206.03it/s]
ROP:  22%|██▏       | 46073/213608 [03:43<13:33, 206.03it/s]
ROP:  22%|██▏       | 46169/213608 [03:44<13:33, 205.85it/s]
ROP:  22%|██▏       | 46217/213608 [03:44<13:32, 205.96it/s]
ROP:  22%|██▏       | 46265/213608 [03:44<13:32, 205.88it/s]
ROP:  22%|██▏       | 46313/213608 [03:45<13:32, 205.81it/s]
ROP:  22%|██▏       | 46361/213608 [03:45<13:33, 205.56it/s]
ROP:  22%|██▏       | 46380/213608 [03:45<13:33, 205.51it/s]
ROP:  22%|██▏       | 46399/213608 [03:46<13:35, 204.99it/s]
ROP:  22%|██▏       | 46403/213608 [03:46<13:36, 204.89it/s]
ROP:  22%|██▏       | 46425/213608 [03:46<13:36, 204.87it/s]
ROP:  22%|██▏       | 46447/213608 [03:46<13:36, 204.72it/s]
ROP:  22%|██▏       | 46494/213608 [03:47<13:36, 204.78it/s]
ROP:  22%|██▏       | 46541/213608 [03:47<13:36, 204.70it/s]
ROP:  22%|██▏       | 46658/213608 [03:47<13:33, 205.13it/s]
ROP:  22%|██▏       | 46775/213608 [03:48<13:34, 204.75it/s]
ROP:  22%|██▏       | 46808/213608 [03:48<13:34, 204.76it/s]
ROP:  22%|██▏       | 46841/213608 [03:48<13:34, 204.77it/s]
ROP:  22%|██▏       | 46874/213608 [03:48<13:34, 204.79it/s]
ROP:  22%|██▏       | 46925/213608 [03:49<13:33, 204.86it/s]
ROP:  22%|██▏       | 46983/213608 [03:49<13:32, 205.00it/s]
ROP:  22%|██▏       | 47041/213608 [03:49<13:32, 204.95it/s]
ROP:  22%|██▏       | 47099/213608 [03:49<13:33, 204.80it/s]
ROP:  22%|██▏       | 47157/213608 [03:50<13:34, 204.33it/s]
ROP:  22%|██▏       | 47165/213608 [03:50<13:34, 204.26it/s]
ROP:  22%|██▏       | 47204/213608 [03:51<13:34, 204.33it/s]
ROP:  22%|██▏       | 47243/213608 [03:51<13:34, 204.15it/s]
ROP:  22%|██▏       | 47282/213608 [03:51<13:35, 203.92it/s]
ROP:  22%|██▏       | 47321/213608 [03:52<13:35, 203.89it/s]
ROP:  22%|██▏       | 47360/213608 [03:52<13:37, 203.40it/s]
ROP:  22%|██▏       | 47408/213608 [03:52<13:36, 203.52it/s]
ROP:  22%|██▏       | 47481/213608 [03:53<13:35, 203.75it/s]
ROP:  22%|██▏       | 47554/213608 [03:53<13:34, 203.82it/s]
ROP:  22%|██▏       | 47627/213608 [03:53<13:35, 203.65it/s]
ROP:  22%|██▏       | 47650/213608 [03:53<13:34, 203.66it/s]
ROP:  22%|██▏       | 47673/213608 [03:54<13:35, 203.40it/s]
ROP:  22%|██▏       | 47696/213608 [03:54<13:36, 203.31it/s]
ROP:  22%|██▏       | 47719/213608 [03:54<13:36, 203.12it/s]
ROP:  22%|██▏       | 47742/213608 [03:55<13:36, 203.08it/s]
ROP:  22%|██▏       | 47765/213608 [03:55<13:36, 203.08it/s]
ROP:  22%|██▏       | 47831/213608 [03:55<13:35, 203.27it/s]
ROP:  22%|██▏       | 47897/213608 [03:55<13:36, 203.06it/s]
ROP:  22%|██▏       | 48009/213608 [03:55<13:33, 203.45it/s]
ROP:  23%|██▎       | 48121/213608 [03:56<13:32, 203.57it/s]
ROP:  23%|██▎       | 48233/213608 [03:56<13:31, 203.72it/s]
ROP:  23%|██▎       | 48345/213608 [03:57<13:30, 203.89it/s]
ROP:  23%|██▎       | 48457/213608 [03:57<13:30, 203.84it/s]
ROP:  23%|██▎       | 48476/213608 [03:58<13:31, 203.53it/s]
ROP:  23%|██▎       | 48514/213608 [03:58<13:30, 203.58it/s]
ROP:  23%|██▎       | 48552/213608 [03:58<13:30, 203.57it/s]
ROP:  23%|██▎       | 48590/213608 [03:58<13:30, 203.60it/s]
ROP:  23%|██▎       | 48628/213608 [03:58<13:30, 203.62it/s]
ROP:  23%|██▎       | 48666/213608 [03:58<13:29, 203.64it/s]
ROP:  23%|██▎       | 48738/213608 [03:59<13:28, 203.86it/s]
ROP:  23%|██▎       | 48810/213608 [03:59<13:29, 203.56it/s]
ROP:  23%|██▎       | 48850/213608 [03:59<13:29, 203.60it/s]
ROP:  23%|██▎       | 48890/213608 [04:00<13:29, 203.41it/s]
ROP:  23%|██▎       | 48930/213608 [04:00<13:29, 203.33it/s]
ROP:  23%|██▎       | 48970/213608 [04:00<13:29, 203.38it/s]
ROP:  23%|██▎       | 49010/213608 [04:01<13:29, 203.29it/s]
ROP:  23%|██▎       | 49050/213608 [04:01<13:30, 203.12it/s]
ROP:  23%|██▎       | 49090/213608 [04:01<13:30, 202.94it/s]
ROP:  23%|██▎       | 49130/213608 [04:02<13:30, 202.96it/s]
ROP:  23%|██▎       | 49170/213608 [04:02<13:31, 202.67it/s]
ROP:  23%|██▎       | 49178/213608 [04:02<13:31, 202.60it/s]
ROP:  23%|██▎       | 49189/213608 [04:02<13:31, 202.54it/s]
ROP:  23%|██▎       | 49257/213608 [04:03<13:30, 202.69it/s]
ROP:  23%|██▎       | 49369/213608 [04:03<13:28, 203.07it/s]
ROP:  23%|██▎       | 49481/213608 [04:03<13:27, 203.28it/s]
ROP:  23%|██▎       | 49593/213608 [04:03<13:26, 203.32it/s]
ROP:  23%|██▎       | 49705/213608 [04:04<13:26, 203.12it/s]
ROP:  23%|██▎       | 49780/213608 [04:04<13:25, 203.34it/s]
ROP:  23%|██▎       | 49855/213608 [04:05<13:25, 203.38it/s]
ROP:  23%|██▎       | 49972/213608 [04:05<13:23, 203.76it/s]
ROP:  23%|██▎       | 50089/213608 [04:05<13:21, 204.14it/s]
ROP:  24%|██▎       | 50206/213608 [04:06<13:21, 203.81it/s]
ROP:  24%|██▎       | 50236/213608 [04:06<13:21, 203.84it/s]
ROP:  24%|██▎       | 50266/213608 [04:06<13:22, 203.63it/s]
ROP:  24%|██▎       | 50296/213608 [04:07<13:23, 203.22it/s]
ROP:  24%|██▎       | 50340/213608 [04:07<13:23, 203.28it/s]
ROP:  24%|██▎       | 50384/213608 [04:07<13:22, 203.28it/s]
ROP:  24%|██▎       | 50428/213608 [04:08<13:23, 203.17it/s]
ROP:  24%|██▎       | 50472/213608 [04:08<13:22, 203.23it/s]
ROP:  24%|██▎       | 50528/213608 [04:08<13:21, 203.35it/s]
ROP:  24%|██▎       | 50584/213608 [04:08<13:21, 203.44it/s]
ROP:  24%|██▎       | 50640/213608 [04:08<13:20, 203.48it/s]
ROP:  24%|██▎       | 50696/213608 [04:09<13:20, 203.52it/s]
ROP:  24%|██▍       | 50752/213608 [04:09<13:19, 203.59it/s]
ROP:  24%|██▍       | 50808/213608 [04:09<13:20, 203.37it/s]
ROP:  24%|██▍       | 50819/213608 [04:10<13:21, 203.05it/s]
ROP:  24%|██▍       | 50830/213608 [04:10<13:21, 203.01it/s]
ROP:  24%|██▍       | 50841/213608 [04:10<13:22, 202.87it/s]
ROP:  24%|██▍       | 50947/213608 [04:10<13:20, 203.20it/s]
ROP:  24%|██▍       | 51053/213608 [04:11<13:20, 203.07it/s]
ROP:  24%|██▍       | 51069/213608 [04:11<13:20, 203.00it/s]
ROP:  24%|██▍       | 51085/213608 [04:11<13:21, 202.78it/s]
ROP:  24%|██▍       | 51101/213608 [04:12<13:21, 202.69it/s]
ROP:  24%|██▍       | 51117/213608 [04:12<13:21, 202.63it/s]
ROP:  24%|██▍       | 51133/213608 [04:12<13:22, 202.41it/s]
ROP:  24%|██▍       | 51166/213608 [04:12<13:22, 202.45it/s]
ROP:  24%|██▍       | 51199/213608 [04:13<13:23, 202.23it/s]
ROP:  24%|██▍       | 51232/213608 [04:13<13:23, 202.05it/s]
ROP:  24%|██▍       | 51265/213608 [04:13<13:23, 201.98it/s]
ROP:  24%|██▍       | 51298/213608 [04:14<13:24, 201.85it/s]
ROP:  24%|██▍       | 51331/213608 [04:14<13:23, 201.86it/s]
ROP:  24%|██▍       | 51366/213608 [04:14<13:23, 201.88it/s]
ROP:  24%|██▍       | 51411/213608 [04:14<13:23, 201.93it/s]
ROP:  24%|██▍       | 51456/213608 [04:14<13:22, 201.99it/s]
ROP:  24%|██▍       | 51501/213608 [04:15<13:23, 201.77it/s]
ROP:  24%|██▍       | 51546/213608 [04:15<13:23, 201.72it/s]
ROP:  24%|██▍       | 51591/213608 [04:15<13:22, 201.77it/s]
ROP:  24%|██▍       | 51636/213608 [04:15<13:22, 201.72it/s]
ROP:  24%|██▍       | 51681/213608 [04:16<13:23, 201.61it/s]
ROP:  24%|██▍       | 51726/213608 [04:16<13:23, 201.53it/s]
ROP:  24%|██▍       | 51771/213608 [04:17<13:23, 201.33it/s]
ROP:  24%|██▍       | 51816/213608 [04:17<13:24, 201.11it/s]
ROP:  24%|██▍       | 51912/213608 [04:17<13:22, 201.39it/s]
ROP:  24%|██▍       | 52008/213608 [04:19<13:26, 200.46it/s]
ROP:  24%|██▍       | 52014/213608 [04:19<13:26, 200.33it/s]
ROP:  24%|██▍       | 52020/213608 [04:19<13:27, 200.18it/s]
ROP:  24%|██▍       | 52150/213608 [04:20<13:25, 200.56it/s]
ROP:  24%|██▍       | 52280/213608 [04:20<13:22, 200.95it/s]
ROP:  25%|██▍       | 52410/213608 [04:20<13:21, 201.16it/s]
ROP:  25%|██▍       | 52540/213608 [04:21<13:22, 200.83it/s]
ROP:  25%|██▍       | 52553/213608 [04:21<13:22, 200.72it/s]
ROP:  25%|██▍       | 52584/213608 [04:21<13:22, 200.72it/s]
ROP:  25%|██▍       | 52615/213608 [04:22<13:23, 200.44it/s]
ROP:  25%|██▍       | 52678/213608 [04:22<13:22, 200.60it/s]
ROP:  25%|██▍       | 52741/213608 [04:23<13:23, 200.27it/s]
ROP:  25%|██▍       | 52750/213608 [04:23<13:23, 200.16it/s]
ROP:  25%|██▍       | 52759/213608 [04:23<13:23, 200.09it/s]
ROP:  25%|██▍       | 52780/213608 [04:23<13:23, 200.09it/s]
ROP:  25%|██▍       | 52818/213608 [04:23<13:23, 200.12it/s]
ROP:  25%|██▍       | 52856/213608 [04:24<13:23, 200.13it/s]
ROP:  25%|██▍       | 52894/213608 [04:24<13:24, 199.66it/s]
ROP:  25%|██▍       | 52901/213608 [04:25<13:25, 199.55it/s]
ROP:  25%|██▍       | 52917/213608 [04:25<13:25, 199.52it/s]
ROP:  25%|██▍       | 52941/213608 [04:25<13:25, 199.54it/s]
ROP:  25%|██▍       | 52996/213608 [04:25<13:24, 199.64it/s]
ROP:  25%|██▍       | 53051/213608 [04:25<13:24, 199.63it/s]
ROP:  25%|██▍       | 53194/213608 [04:25<13:21, 200.09it/s]
ROP:  25%|██▍       | 53337/213608 [04:26<13:19, 200.36it/s]
ROP:  25%|██▌       | 53480/213608 [04:26<13:18, 200.48it/s]
ROP:  25%|██▌       | 53506/213608 [04:26<13:18, 200.45it/s]
ROP:  25%|██▌       | 53544/213608 [04:27<13:18, 200.52it/s]
ROP:  25%|██▌       | 53582/213608 [04:27<13:18, 200.38it/s]
ROP:  25%|██▌       | 53620/213608 [04:27<13:18, 200.26it/s]
ROP:  25%|██▌       | 53658/213608 [04:28<13:19, 200.10it/s]
ROP:  25%|██▌       | 53696/213608 [04:28<13:19, 200.04it/s]
ROP:  25%|██▌       | 53734/213608 [04:28<13:19, 199.86it/s]
ROP:  25%|██▌       | 53772/213608 [04:29<13:20, 199.78it/s]
ROP:  25%|██▌       | 53810/213608 [04:29<13:19, 199.80it/s]
ROP:  25%|██▌       | 53864/213608 [04:29<13:19, 199.92it/s]
ROP:  25%|██▌       | 53935/213608 [04:29<13:18, 200.07it/s]
ROP:  25%|██▌       | 54006/213608 [04:30<13:20, 199.35it/s]
ROP:  25%|██▌       | 54012/213608 [04:31<13:21, 199.13it/s]
ROP:  25%|██▌       | 54021/213608 [04:31<13:21, 199.07it/s]
ROP:  25%|██▌       | 54030/213608 [04:31<13:21, 199.00it/s]
ROP:  25%|██▌       | 54039/213608 [04:31<13:22, 198.75it/s]
ROP:  25%|██▌       | 54048/213608 [04:32<13:23, 198.68it/s]
ROP:  25%|██▌       | 54057/213608 [04:32<13:23, 198.56it/s]
ROP:  25%|██▌       | 54066/213608 [04:32<13:23, 198.45it/s]
ROP:  25%|██▌       | 54080/213608 [04:32<13:24, 198.41it/s]
ROP:  25%|██▌       | 54094/213608 [04:32<13:24, 198.26it/s]
ROP:  25%|██▌       | 54108/213608 [04:33<13:25, 198.08it/s]
ROP:  25%|██▌       | 54122/213608 [04:33<13:25, 197.96it/s]
ROP:  25%|██▌       | 54136/213608 [04:33<13:26, 197.84it/s]
ROP:  25%|██▌       | 54150/213608 [04:33<13:26, 197.72it/s]
ROP:  25%|██▌       | 54167/213608 [04:34<13:26, 197.66it/s]
ROP:  25%|██▌       | 54184/213608 [04:34<13:27, 197.47it/s]
ROP:  25%|██▌       | 54201/213608 [04:34<13:27, 197.40it/s]
ROP:  25%|██▌       | 54228/213608 [04:34<13:27, 197.39it/s]
ROP:  25%|██▌       | 54298/213608 [04:34<13:26, 197.53it/s]
ROP:  25%|██▌       | 54368/213608 [04:35<13:25, 197.68it/s]
ROP:  25%|██▌       | 54438/213608 [04:35<13:24, 197.83it/s]
ROP:  26%|██▌       | 54508/213608 [04:35<13:23, 197.96it/s]
ROP:  26%|██▌       | 54578/213608 [04:35<13:23, 197.94it/s]
ROP:  26%|██▌       | 54672/213608 [04:35<13:22, 198.17it/s]
ROP:  26%|██▌       | 54796/213608 [04:35<13:19, 198.55it/s]
ROP:  26%|██▌       | 54920/213608 [04:36<13:18, 198.71it/s]
ROP:  26%|██▌       | 55044/213608 [04:36<13:17, 198.89it/s]
ROP:  26%|██▌       | 55168/213608 [04:37<13:15, 199.12it/s]
ROP:  26%|██▌       | 55292/213608 [04:37<13:14, 199.35it/s]
ROP:  26%|██▌       | 55416/213608 [04:37<13:12, 199.52it/s]
ROP:  26%|██▌       | 55540/213608 [04:38<13:11, 199.58it/s]
ROP:  26%|██▌       | 55564/213608 [04:38<13:11, 199.58it/s]
ROP:  26%|██▌       | 55588/213608 [04:38<13:11, 199.54it/s]
ROP:  26%|██▌       | 55730/213608 [04:38<13:09, 199.98it/s]
ROP:  26%|██▌       | 55872/213608 [04:39<13:07, 200.21it/s]
ROP:  26%|██▌       | 56014/213608 [04:39<13:05, 200.59it/s]
ROP:  26%|██▌       | 56014/213608 [04:40<13:07, 200.05it/s]
ROP:  26%|██▋       | 56139/213608 [04:40<13:05, 200.48it/s]
ROP:  26%|██▋       | 56190/213608 [04:40<13:04, 200.55it/s]
ROP:  26%|██▋       | 56241/213608 [04:40<13:05, 200.40it/s]
ROP:  26%|██▋       | 56343/213608 [04:40<13:03, 200.67it/s]
ROP:  26%|██▋       | 56445/213608 [04:40<13:02, 200.93it/s]
ROP:  26%|██▋       | 56547/213608 [04:41<13:01, 200.91it/s]
ROP:  27%|██▋       | 56615/213608 [04:41<13:00, 201.08it/s]
ROP:  27%|██▋       | 56683/213608 [04:41<12:59, 201.25it/s]
ROP:  27%|██▋       | 56771/213608 [04:41<12:58, 201.48it/s]
ROP:  27%|██▋       | 56859/213608 [04:42<12:57, 201.51it/s]
ROP:  27%|██▋       | 56947/213608 [04:42<12:56, 201.73it/s]
ROP:  27%|██▋       | 57035/213608 [04:42<12:55, 201.77it/s]
ROP:  27%|██▋       | 57123/213608 [04:43<12:56, 201.57it/s]
ROP:  27%|██▋       | 57143/213608 [04:43<12:56, 201.55it/s]
ROP:  27%|██▋       | 57166/213608 [04:43<12:56, 201.55it/s]
ROP:  27%|██▋       | 57189/213608 [04:44<12:57, 201.31it/s]
ROP:  27%|██▋       | 57224/213608 [04:44<12:56, 201.35it/s]
ROP:  27%|██▋       | 57308/213608 [04:44<12:55, 201.57it/s]
ROP:  27%|██▋       | 57392/213608 [04:44<12:54, 201.59it/s]
ROP:  27%|██▋       | 57476/213608 [04:45<12:54, 201.47it/s]
ROP:  27%|██▋       | 57491/213608 [04:45<12:55, 201.35it/s]
ROP:  27%|██▋       | 57506/213608 [04:46<12:56, 201.00it/s]
ROP:  27%|██▋       | 57509/213608 [04:46<12:57, 200.89it/s]
ROP:  27%|██▋       | 57518/213608 [04:46<12:57, 200.80it/s]
ROP:  27%|██▋       | 57531/213608 [04:46<12:57, 200.75it/s]
ROP:  27%|██▋       | 57559/213608 [04:46<12:57, 200.74it/s]
ROP:  27%|██▋       | 57587/213608 [04:46<12:57, 200.69it/s]
ROP:  27%|██▋       | 57615/213608 [04:47<12:57, 200.70it/s]
ROP:  27%|██▋       | 57705/213608 [04:47<12:55, 200.91it/s]
ROP:  27%|██▋       | 57795/213608 [04:47<12:56, 200.74it/s]
ROP:  27%|██▋       | 57808/213608 [04:48<12:56, 200.53it/s]
ROP:  27%|██▋       | 57860/213608 [04:48<12:56, 200.59it/s]
ROP:  27%|██▋       | 57912/213608 [04:49<12:57, 200.13it/s]
ROP:  27%|██▋       | 57990/213608 [04:49<12:56, 200.31it/s]
ROP:  27%|██▋       | 58068/213608 [04:49<12:56, 200.44it/s]
ROP:  27%|██▋       | 58146/213608 [04:50<12:55, 200.37it/s]
ROP:  27%|██▋       | 58230/213608 [04:50<12:54, 200.57it/s]
ROP:  27%|██▋       | 58314/213608 [04:50<12:53, 200.66it/s]
ROP:  27%|██▋       | 58398/213608 [04:51<12:53, 200.55it/s]
ROP:  27%|██▋       | 58430/213608 [04:51<12:53, 200.56it/s]
ROP:  27%|██▋       | 58462/213608 [04:51<12:54, 200.40it/s]
ROP:  27%|██▋       | 58512/213608 [04:51<12:53, 200.48it/s]
ROP:  27%|██▋       | 58591/213608 [04:51<12:52, 200.68it/s]
ROP:  27%|██▋       | 58670/213608 [04:52<12:52, 200.65it/s]
ROP:  28%|██▊       | 58749/213608 [04:53<12:53, 200.20it/s]
ROP:  28%|██▊       | 58784/213608 [04:53<12:53, 200.24it/s]
ROP:  28%|██▊       | 58819/213608 [04:53<12:53, 200.21it/s]
ROP:  28%|██▊       | 58854/213608 [04:54<12:53, 199.94it/s]
ROP:  28%|██▊       | 58866/213608 [04:54<12:54, 199.89it/s]
ROP:  28%|██▊       | 58881/213608 [04:54<12:54, 199.84it/s]
ROP:  28%|██▊       | 58937/213608 [04:54<12:53, 199.96it/s]
ROP:  28%|██▊       | 58993/213608 [04:54<12:52, 200.03it/s]
ROP:  28%|██▊       | 59049/213608 [04:55<12:52, 200.15it/s]
ROP:  28%|██▊       | 59105/213608 [04:55<12:51, 200.19it/s]
ROP:  28%|██▊       | 59161/213608 [04:56<12:52, 199.84it/s]
ROP:  28%|██▊       | 59174/213608 [04:56<12:52, 199.79it/s]
ROP:  28%|██▊       | 59188/213608 [04:56<12:53, 199.75it/s]
ROP:  28%|██▊       | 59203/213608 [04:56<12:53, 199.70it/s]
ROP:  28%|██▊       | 59218/213608 [04:56<12:53, 199.58it/s]
ROP:  28%|██▊       | 59233/213608 [04:56<12:53, 199.50it/s]
ROP:  28%|██▊       | 59248/213608 [04:57<12:54, 199.41it/s]
ROP:  28%|██▊       | 59263/213608 [04:57<12:54, 199.35it/s]
ROP:  28%|██▊       | 59278/213608 [04:57<12:54, 199.33it/s]
ROP:  28%|██▊       | 59293/213608 [04:57<12:54, 199.30it/s]
ROP:  28%|██▊       | 59308/213608 [04:57<12:54, 199.25it/s]
ROP:  28%|██▊       | 59323/213608 [04:57<12:54, 199.11it/s]
ROP:  28%|██▊       | 59338/213608 [04:58<12:55, 199.01it/s]
ROP:  28%|██▊       | 59353/213608 [04:58<12:55, 198.87it/s]
ROP:  28%|██▊       | 59368/213608 [04:58<12:56, 198.73it/s]
ROP:  28%|██▊       | 59383/213608 [04:58<12:56, 198.68it/s]
ROP:  28%|██▊       | 59408/213608 [04:58<12:56, 198.69it/s]
ROP:  28%|██▊       | 59433/213608 [04:59<12:56, 198.63it/s]
ROP:  28%|██▊       | 59458/213608 [04:59<12:56, 198.40it/s]
ROP:  28%|██▊       | 59483/213608 [05:00<12:57, 198.22it/s]
ROP:  28%|██▊       | 59512/213608 [05:00<12:57, 198.23it/s]
ROP:  28%|██▊       | 59541/213608 [05:00<12:57, 198.16it/s]
ROP:  28%|██▊       | 59570/213608 [05:00<12:57, 198.16it/s]
ROP:  28%|██▊       | 59599/213608 [05:00<12:57, 198.18it/s]
ROP:  28%|██▊       | 59687/213608 [05:00<12:55, 198.41it/s]
ROP:  28%|██▊       | 59775/213608 [05:01<12:56, 198.23it/s]
ROP:  28%|██▊       | 59857/213608 [05:01<12:54, 198.43it/s]
ROP:  28%|██▊       | 59939/213608 [05:02<12:54, 198.46it/s]
ROP:  28%|██▊       | 60021/213608 [05:02<12:53, 198.51it/s]
ROP:  28%|██▊       | 60103/213608 [05:02<12:53, 198.53it/s]
ROP:  28%|██▊       | 60189/213608 [05:02<12:51, 198.75it/s]
ROP:  28%|██▊       | 60275/213608 [05:03<12:51, 198.87it/s]
ROP:  28%|██▊       | 60425/213608 [05:03<12:48, 199.29it/s]
ROP:  28%|██▊       | 60575/213608 [05:03<12:47, 199.27it/s]
ROP:  28%|██▊       | 60594/213608 [05:04<12:48, 199.23it/s]
ROP:  28%|██▊       | 60675/213608 [05:04<12:46, 199.40it/s]
ROP:  28%|██▊       | 60756/213608 [05:05<12:48, 199.02it/s]
ROP:  28%|██▊       | 60775/213608 [05:05<12:48, 198.99it/s]
ROP:  28%|██▊       | 60794/213608 [05:05<12:48, 198.87it/s]
ROP:  28%|██▊       | 60821/213608 [05:05<12:48, 198.88it/s]
ROP:  28%|██▊       | 60848/213608 [05:05<12:48, 198.88it/s]
ROP:  28%|██▊       | 60875/213608 [05:06<12:47, 198.90it/s]
ROP:  29%|██▊       | 60949/213608 [05:06<12:46, 199.06it/s]
ROP:  29%|██▊       | 61023/213608 [05:07<12:48, 198.66it/s]
ROP:  29%|██▊       | 61033/213608 [05:07<12:48, 198.58it/s]
ROP:  29%|██▊       | 61043/213608 [05:07<12:48, 198.49it/s]
ROP:  29%|██▊       | 61053/213608 [05:07<12:48, 198.41it/s]
ROP:  29%|██▊       | 61063/213608 [05:08<12:49, 198.16it/s]
ROP:  29%|██▊       | 61073/213608 [05:08<12:50, 197.96it/s]
ROP:  29%|██▊       | 61083/213608 [05:08<12:50, 197.84it/s]
ROP:  29%|██▊       | 61093/213608 [05:09<12:51, 197.71it/s]
ROP:  29%|██▊       | 61103/213608 [05:09<12:51, 197.56it/s]
ROP:  29%|██▊       | 61113/213608 [05:09<12:52, 197.40it/s]
ROP:  29%|██▊       | 61123/213608 [05:09<12:52, 197.34it/s]
ROP:  29%|██▊       | 61133/213608 [05:10<12:53, 197.14it/s]
ROP:  29%|██▊       | 61143/213608 [05:10<12:53, 197.08it/s]
ROP:  29%|██▊       | 61153/213608 [05:10<12:54, 196.86it/s]
ROP:  29%|██▊       | 61163/213608 [05:10<12:54, 196.76it/s]
ROP:  29%|██▊       | 61173/213608 [05:11<12:55, 196.60it/s]
ROP:  29%|██▊       | 61183/213608 [05:11<12:55, 196.43it/s]
ROP:  29%|██▊       | 61193/213608 [05:11<12:56, 196.34it/s]
ROP:  29%|██▊       | 61203/213608 [05:12<12:56, 196.16it/s]
ROP:  29%|██▊       | 61213/213608 [05:12<12:57, 195.95it/s]
ROP:  29%|██▊       | 61223/213608 [05:12<12:58, 195.76it/s]
ROP:  29%|██▊       | 61233/213608 [05:13<12:59, 195.57it/s]
ROP:  29%|██▊       | 61243/213608 [05:13<13:00, 195.33it/s]
ROP:  29%|██▊       | 61253/213608 [05:14<13:01, 195.07it/s]
ROP:  29%|██▊       | 61263/213608 [05:14<13:01, 194.95it/s]
ROP:  29%|██▊       | 61275/213608 [05:14<13:01, 194.88it/s]
ROP:  29%|██▊       | 61287/213608 [05:14<13:02, 194.76it/s]
ROP:  29%|██▊       | 61299/213608 [05:14<13:02, 194.64it/s]
ROP:  29%|██▊       | 61311/213608 [05:15<13:03, 194.32it/s]
ROP:  29%|██▉       | 61430/213608 [05:15<13:01, 194.63it/s]
ROP:  29%|██▉       | 61549/213608 [05:16<13:01, 194.66it/s]
ROP:  29%|██▉       | 61592/213608 [05:16<13:00, 194.73it/s]
ROP:  29%|██▉       | 61635/213608 [05:16<13:00, 194.71it/s]
ROP:  29%|██▉       | 61678/213608 [05:16<13:00, 194.63it/s]
ROP:  29%|██▉       | 61721/213608 [05:17<13:00, 194.65it/s]
ROP:  29%|██▉       | 61783/213608 [05:17<12:59, 194.77it/s]
ROP:  29%|██▉       | 61865/213608 [05:17<12:58, 194.96it/s]
ROP:  29%|██▉       | 61947/213608 [05:17<12:57, 195.01it/s]
ROP:  29%|██▉       | 62029/213608 [05:18<12:58, 194.76it/s]
ROP:  29%|██▉       | 62114/213608 [05:18<12:57, 194.95it/s]
ROP:  29%|██▉       | 62231/213608 [05:18<12:55, 195.26it/s]
ROP:  29%|██▉       | 62348/213608 [05:18<12:53, 195.55it/s]
ROP:  29%|██▉       | 62465/213608 [05:19<12:52, 195.66it/s]
ROP:  29%|██▉       | 62582/213608 [05:19<12:50, 195.92it/s]
ROP:  29%|██▉       | 62699/213608 [05:19<12:49, 196.12it/s]
ROP:  29%|██▉       | 62816/213608 [05:19<12:48, 196.34it/s]
ROP:  29%|██▉       | 62933/213608 [05:20<12:46, 196.53it/s]
ROP:  30%|██▉       | 63050/213608 [05:20<12:46, 196.52it/s]
ROP:  30%|██▉       | 63121/213608 [05:20<12:45, 196.66it/s]
ROP:  30%|██▉       | 63192/213608 [05:21<12:45, 196.55it/s]
ROP:  30%|██▉       | 63206/213608 [05:21<12:45, 196.47it/s]
ROP:  30%|██▉       | 63220/213608 [05:22<12:46, 196.30it/s]
ROP:  30%|██▉       | 63234/213608 [05:22<12:46, 196.12it/s]
ROP:  30%|██▉       | 63248/213608 [05:22<12:47, 195.94it/s]
ROP:  30%|██▉       | 63265/213608 [05:22<12:47, 195.92it/s]
ROP:  30%|██▉       | 63284/213608 [05:23<12:47, 195.90it/s]
ROP:  30%|██▉       | 63303/213608 [05:23<12:47, 195.86it/s]
ROP:  30%|██▉       | 63357/213608 [05:23<12:46, 195.90it/s]
ROP:  30%|██▉       | 63411/213608 [05:24<12:49, 195.28it/s]
ROP:  30%|██▉       | 63433/213608 [05:24<12:49, 195.27it/s]
ROP:  30%|██▉       | 63455/213608 [05:25<12:49, 195.17it/s]
ROP:  30%|██▉       | 63512/213608 [05:25<12:48, 195.24it/s]
ROP:  30%|██▉       | 63582/213608 [05:25<12:47, 195.35it/s]
ROP:  30%|██▉       | 63652/213608 [05:26<12:48, 195.01it/s]
ROP:  30%|██▉       | 63667/213608 [05:26<12:49, 194.97it/s]
ROP:  30%|██▉       | 63682/213608 [05:26<12:49, 194.91it/s]
ROP:  30%|██▉       | 63697/213608 [05:26<12:49, 194.88it/s]
ROP:  30%|██▉       | 63731/213608 [05:26<12:48, 194.93it/s]
ROP:  30%|██▉       | 63765/213608 [05:27<12:48, 194.97it/s]
ROP:  30%|██▉       | 63814/213608 [05:27<12:47, 195.06it/s]
ROP:  30%|██▉       | 63863/213608 [05:27<12:47, 194.99it/s]
ROP:  30%|██▉       | 63912/213608 [05:28<12:49, 194.52it/s]
ROP:  30%|██▉       | 63922/213608 [05:28<12:49, 194.47it/s]
ROP:  30%|██▉       | 63932/213608 [05:28<12:50, 194.35it/s]
ROP:  30%|██▉       | 63942/213608 [05:29<12:50, 194.12it/s]
ROP:  30%|██▉       | 63952/213608 [05:29<12:51, 194.09it/s]
ROP:  30%|██▉       | 63972/213608 [05:29<12:50, 194.08it/s]
ROP:  30%|██▉       | 64014/213608 [05:29<12:50, 194.15it/s]
ROP:  30%|██▉       | 64056/213608 [05:29<12:50, 194.12it/s]
ROP:  30%|███       | 64106/213608 [05:30<12:49, 194.20it/s]
ROP:  30%|███       | 64156/213608 [05:30<12:50, 193.91it/s]
ROP:  30%|███       | 64166/213608 [05:30<12:50, 193.86it/s]
ROP:  30%|███       | 64176/213608 [05:31<12:51, 193.76it/s]
ROP:  30%|███       | 64186/213608 [05:31<12:51, 193.68it/s]
ROP:  30%|███       | 64204/213608 [05:31<12:51, 193.66it/s]
ROP:  30%|███       | 64222/213608 [05:31<12:51, 193.59it/s]
ROP:  30%|███       | 64240/213608 [05:32<12:52, 193.27it/s]
ROP:  30%|███       | 64243/213608 [05:32<12:53, 193.20it/s]
ROP:  30%|███       | 64267/213608 [05:32<12:52, 193.21it/s]
ROP:  30%|███       | 64299/213608 [05:32<12:52, 193.22it/s]
ROP:  30%|███       | 64331/213608 [05:33<12:53, 193.02it/s]
ROP:  30%|███       | 64342/213608 [05:33<12:53, 192.98it/s]
ROP:  30%|███       | 64356/213608 [05:33<12:53, 192.95it/s]
ROP:  30%|███       | 64370/213608 [05:33<12:54, 192.80it/s]
ROP:  30%|███       | 64384/213608 [05:34<12:54, 192.67it/s]
ROP:  30%|███       | 64398/213608 [05:34<12:55, 192.52it/s]
ROP:  30%|███       | 64419/213608 [05:34<12:55, 192.50it/s]
ROP:  30%|███       | 64440/213608 [05:35<12:55, 192.33it/s]
ROP:  30%|███       | 64461/213608 [05:35<12:56, 192.20it/s]
ROP:  30%|███       | 64605/213608 [05:35<12:53, 192.57it/s]
ROP:  30%|███       | 64749/213608 [05:36<12:53, 192.55it/s]
ROP:  30%|███       | 64816/213608 [05:36<12:52, 192.69it/s]
ROP:  30%|███       | 64883/213608 [05:37<12:54, 192.14it/s]
ROP:  30%|███       | 64889/213608 [05:37<12:54, 192.07it/s]
ROP:  30%|███       | 64896/213608 [05:37<12:54, 192.03it/s]
ROP:  30%|███       | 64903/213608 [05:38<12:54, 191.96it/s]
ROP:  30%|███       | 64911/213608 [05:38<12:54, 191.92it/s]
ROP:  30%|███       | 64919/213608 [05:38<12:55, 191.81it/s]
ROP:  30%|███       | 64927/213608 [05:38<12:55, 191.68it/s]
ROP:  30%|███       | 64935/213608 [05:38<12:55, 191.59it/s]
ROP:  30%|███       | 64943/213608 [05:39<12:56, 191.45it/s]
ROP:  30%|███       | 64952/213608 [05:39<12:56, 191.42it/s]
ROP:  30%|███       | 64961/213608 [05:39<12:56, 191.35it/s]
ROP:  30%|███       | 64970/213608 [05:39<12:57, 191.21it/s]
ROP:  30%|███       | 64980/213608 [05:39<12:57, 191.15it/s]
ROP:  30%|███       | 64991/213608 [05:40<12:57, 191.11it/s]
ROP:  30%|███       | 65002/213608 [05:40<12:57, 191.03it/s]
ROP:  30%|███       | 65013/213608 [05:40<12:58, 190.85it/s]
ROP:  30%|███       | 65024/213608 [05:40<12:58, 190.75it/s]
ROP:  30%|███       | 65035/213608 [05:41<12:59, 190.65it/s]
ROP:  30%|███       | 65046/213608 [05:41<12:59, 190.57it/s]
ROP:  30%|███       | 65057/213608 [05:41<12:59, 190.48it/s]
ROP:  30%|███       | 65068/213608 [05:41<13:00, 190.37it/s]
ROP:  30%|███       | 65079/213608 [05:41<13:00, 190.30it/s]
ROP:  30%|███       | 65090/213608 [05:42<13:00, 190.23it/s]
ROP:  30%|███       | 65101/213608 [05:42<13:00, 190.17it/s]
ROP:  30%|███       | 65112/213608 [05:42<13:01, 190.06it/s]
ROP:  30%|███       | 65123/213608 [05:42<13:01, 189.98it/s]
ROP:  30%|███       | 65134/213608 [05:43<13:01, 189.89it/s]
ROP:  30%|███       | 65145/213608 [05:43<13:02, 189.85it/s]
ROP:  31%|███       | 65156/213608 [05:43<13:02, 189.75it/s]
ROP:  31%|███       | 65167/213608 [05:43<13:02, 189.63it/s]
ROP:  31%|███       | 65178/213608 [05:43<13:02, 189.57it/s]
ROP:  31%|███       | 65189/213608 [05:44<13:03, 189.50it/s]
ROP:  31%|███       | 65200/213608 [05:44<13:03, 189.41it/s]
ROP:  31%|███       | 65211/213608 [05:44<13:03, 189.33it/s]
ROP:  31%|███       | 65222/213608 [05:44<13:04, 189.23it/s]
ROP:  31%|███       | 65233/213608 [05:44<13:04, 189.18it/s]
ROP:  31%|███       | 65244/213608 [05:45<13:04, 189.10it/s]
ROP:  31%|███       | 65255/213608 [05:45<13:04, 189.05it/s]
ROP:  31%|███       | 65266/213608 [05:45<13:05, 188.96it/s]
ROP:  31%|███       | 65277/213608 [05:45<13:05, 188.90it/s]
ROP:  31%|███       | 65299/213608 [05:45<13:05, 188.89it/s]
ROP:  31%|███       | 65412/213608 [05:45<13:03, 189.17it/s]
ROP:  31%|███       | 65525/213608 [05:45<13:01, 189.39it/s]
ROP:  31%|███       | 65638/213608 [05:46<13:00, 189.62it/s]
ROP:  31%|███       | 65751/213608 [05:46<12:59, 189.76it/s]
ROP:  31%|███       | 65864/213608 [05:46<12:57, 189.98it/s]
ROP:  31%|███       | 65977/213608 [05:47<12:58, 189.68it/s]
ROP:  31%|███       | 65987/213608 [05:48<12:58, 189.55it/s]
ROP:  31%|███       | 65997/213608 [05:48<12:58, 189.51it/s]
ROP:  31%|███       | 66009/213608 [05:48<12:58, 189.48it/s]
ROP:  31%|███       | 66021/213608 [05:48<12:59, 189.34it/s]
ROP:  31%|███       | 66033/213608 [05:48<12:59, 189.25it/s]
ROP:  31%|███       | 66045/213608 [05:49<13:00, 189.18it/s]
ROP:  31%|███       | 66057/213608 [05:49<13:00, 189.13it/s]
ROP:  31%|███       | 66069/213608 [05:49<13:00, 189.04it/s]
ROP:  31%|███       | 66081/213608 [05:49<13:00, 188.99it/s]
ROP:  31%|███       | 66093/213608 [05:49<13:00, 188.93it/s]
ROP:  31%|███       | 66105/213608 [05:50<13:00, 188.86it/s]
ROP:  31%|███       | 66117/213608 [05:50<13:01, 188.76it/s]
ROP:  31%|███       | 66129/213608 [05:50<13:01, 188.71it/s]
ROP:  31%|███       | 66141/213608 [05:50<13:01, 188.62it/s]
ROP:  31%|███       | 66153/213608 [05:50<13:02, 188.55it/s]
ROP:  31%|███       | 66165/213608 [05:51<13:02, 188.49it/s]
ROP:  31%|███       | 66177/213608 [05:51<13:02, 188.42it/s]
ROP:  31%|███       | 66190/213608 [05:51<13:02, 188.37it/s]
ROP:  31%|███       | 66203/213608 [05:51<13:02, 188.35it/s]
ROP:  31%|███       | 66216/213608 [05:51<13:02, 188.33it/s]
ROP:  31%|███       | 66229/213608 [05:51<13:02, 188.27it/s]
ROP:  31%|███       | 66242/213608 [05:51<13:03, 188.21it/s]
ROP:  31%|███       | 66255/213608 [05:52<13:03, 188.17it/s]
ROP:  31%|███       | 66268/213608 [05:52<13:03, 188.11it/s]
ROP:  31%|███       | 66281/213608 [05:52<13:03, 188.06it/s]
ROP:  31%|███       | 66294/213608 [05:52<13:03, 188.01it/s]
ROP:  31%|███       | 66307/213608 [05:52<13:03, 187.96it/s]
ROP:  31%|███       | 66320/213608 [05:52<13:03, 187.91it/s]
ROP:  31%|███       | 66333/213608 [05:53<13:04, 187.84it/s]
ROP:  31%|███       | 66346/213608 [05:53<13:04, 187.80it/s]
ROP:  31%|███       | 66359/213608 [05:53<13:04, 187.77it/s]
ROP:  31%|███       | 66372/213608 [05:53<13:04, 187.73it/s]
ROP:  31%|███       | 66385/213608 [05:53<13:04, 187.69it/s]
ROP:  31%|███       | 66398/213608 [05:53<13:04, 187.65it/s]
ROP:  31%|███       | 66411/213608 [05:53<13:04, 187.61it/s]
ROP:  31%|███       | 66424/213608 [05:54<13:05, 187.42it/s]
ROP:  31%|███       | 66437/213608 [05:54<13:05, 187.34it/s]
ROP:  31%|███       | 66450/213608 [05:54<13:05, 187.24it/s]
ROP:  31%|███       | 66463/213608 [05:55<13:06, 187.10it/s]
ROP:  31%|███       | 66476/213608 [05:55<13:06, 187.05it/s]
ROP:  31%|███       | 66489/213608 [05:55<13:06, 186.96it/s]
ROP:  31%|███       | 66502/213608 [05:55<13:07, 186.90it/s]
ROP:  31%|███       | 66515/213608 [05:55<13:07, 186.84it/s]
ROP:  31%|███       | 66528/213608 [05:56<13:07, 186.76it/s]
ROP:  31%|███       | 66541/213608 [05:56<13:07, 186.66it/s]
ROP:  31%|███       | 66554/213608 [05:56<13:08, 186.60it/s]
ROP:  31%|███       | 66567/213608 [05:56<13:08, 186.56it/s]
ROP:  31%|███       | 66580/213608 [05:57<13:08, 186.47it/s]
ROP:  31%|███       | 66593/213608 [05:57<13:08, 186.40it/s]
ROP:  31%|███       | 66606/213608 [05:57<13:09, 186.21it/s]
ROP:  31%|███       | 66619/213608 [05:57<13:09, 186.09it/s]
ROP:  31%|███       | 66632/213608 [05:58<13:10, 186.02it/s]
ROP:  31%|███       | 66671/213608 [05:58<13:09, 186.07it/s]
ROP:  31%|███       | 66710/213608 [05:58<13:09, 186.00it/s]
ROP:  31%|███       | 66749/213608 [05:58<13:09, 185.97it/s]
ROP:  31%|███▏      | 66888/213608 [05:59<13:07, 186.30it/s]
ROP:  31%|███▏      | 67027/213608 [05:59<13:05, 186.56it/s]
ROP:  31%|███▏      | 67246/213608 [05:59<13:02, 187.11it/s]
ROP:  32%|███▏      | 67465/213608 [05:59<12:58, 187.64it/s]
ROP:  32%|███▏      | 67684/213608 [05:59<12:55, 188.17it/s]
ROP:  32%|███▏      | 67903/213608 [06:00<12:52, 188.55it/s]
ROP:  32%|███▏      | 68122/213608 [06:00<12:49, 189.06it/s]
ROP:  32%|███▏      | 68341/213608 [06:00<12:46, 189.58it/s]
ROP:  32%|███▏      | 68560/213608 [06:00<12:43, 190.07it/s]
ROP:  32%|███▏      | 68779/213608 [06:00<12:39, 190.60it/s]
ROP:  32%|███▏      | 68998/213608 [06:01<12:37, 190.94it/s]
ROP:  32%|███▏      | 69042/213608 [06:01<12:37, 190.92it/s]
ROP:  32%|███▏      | 69086/213608 [06:01<12:36, 190.97it/s]
ROP:  32%|███▏      | 69133/213608 [06:01<12:36, 191.03it/s]
ROP:  32%|███▏      | 69271/213608 [06:01<12:34, 191.36it/s]
ROP:  32%|███▏      | 69409/213608 [06:03<12:34, 191.07it/s]
ROP:  32%|███▏      | 69420/213608 [06:03<12:35, 190.93it/s]
ROP:  33%|███▎      | 69432/213608 [06:03<12:35, 190.89it/s]
ROP:  33%|███▎      | 69445/213608 [06:03<12:35, 190.85it/s]
ROP:  33%|███▎      | 69458/213608 [06:04<12:35, 190.69it/s]
ROP:  33%|███▎      | 69471/213608 [06:04<12:36, 190.55it/s]
ROP:  33%|███▎      | 69484/213608 [06:04<12:36, 190.49it/s]
ROP:  33%|███▎      | 69497/213608 [06:04<12:36, 190.45it/s]
ROP:  33%|███▎      | 69510/213608 [06:05<12:36, 190.40it/s]
ROP:  33%|███▎      | 69523/213608 [06:05<12:36, 190.36it/s]
ROP:  33%|███▎      | 69536/213608 [06:05<12:37, 190.25it/s]
ROP:  33%|███▎      | 69549/213608 [06:05<12:37, 190.21it/s]
ROP:  33%|███▎      | 69562/213608 [06:05<12:37, 190.14it/s]
ROP:  33%|███▎      | 69579/213608 [06:05<12:37, 190.12it/s]
ROP:  33%|███▎      | 69596/213608 [06:06<12:37, 190.00it/s]
ROP:  33%|███▎      | 69613/213608 [06:06<12:38, 189.94it/s]
ROP:  33%|███▎      | 69630/213608 [06:06<12:38, 189.85it/s]
ROP:  33%|███▎      | 69647/213608 [06:06<12:38, 189.80it/s]
ROP:  33%|███▎      | 69664/213608 [06:07<12:38, 189.70it/s]
ROP:  33%|███▎      | 69681/213608 [06:07<12:39, 189.58it/s]
ROP:  33%|███▎      | 69698/213608 [06:07<12:39, 189.52it/s]
ROP:  33%|███▎      | 69715/213608 [06:08<12:39, 189.43it/s]
ROP:  33%|███▎      | 69732/213608 [06:08<12:39, 189.38it/s]
ROP:  33%|███▎      | 69749/213608 [06:08<12:40, 189.27it/s]
ROP:  33%|███▎      | 69766/213608 [06:09<12:40, 189.06it/s]
ROP:  33%|███▎      | 69783/213608 [06:09<12:41, 188.95it/s]
ROP:  33%|███▎      | 69800/213608 [06:09<12:41, 188.85it/s]
ROP:  33%|███▎      | 69817/213608 [06:10<12:42, 188.66it/s]
ROP:  33%|███▎      | 69935/213608 [06:10<12:40, 188.93it/s]
ROP:  33%|███▎      | 70053/213608 [06:10<12:39, 188.99it/s]
ROP:  33%|███▎      | 70243/213608 [06:10<12:36, 189.45it/s]
ROP:  33%|███▎      | 70628/213608 [06:10<12:30, 190.44it/s]
ROP:  33%|███▎      | 71013/213608 [06:10<12:24, 191.42it/s]
ROP:  33%|███▎      | 71400/213608 [06:11<12:19, 192.41it/s]
ROP:  34%|███▎      | 71787/213608 [06:12<12:16, 192.52it/s]
ROP:  34%|███▎      | 71847/213608 [06:13<12:15, 192.62it/s]
ROP:  34%|███▍      | 72237/213608 [06:13<12:10, 193.61it/s]
ROP:  34%|███▍      | 72627/213608 [06:13<12:05, 194.33it/s]
ROP:  34%|███▍      | 72690/213608 [06:14<12:05, 194.22it/s]
ROP:  34%|███▍      | 72702/213608 [06:14<12:05, 194.13it/s]
ROP:  34%|███▍      | 72829/213608 [06:14<12:04, 194.42it/s]
ROP:  34%|███▍      | 73041/213608 [06:14<12:01, 194.93it/s]
ROP:  34%|███▍      | 73253/213608 [06:14<11:58, 195.43it/s]
ROP:  34%|███▍      | 73465/213608 [06:14<11:55, 195.94it/s]
ROP:  35%|███▍      | 73695/213608 [06:15<11:52, 196.50it/s]
ROP:  35%|███▍      | 73925/213608 [06:15<11:48, 197.04it/s]
ROP:  35%|███▍      | 74155/213608 [06:15<11:45, 197.60it/s]
ROP:  35%|███▍      | 74399/213608 [06:15<11:42, 198.18it/s]
ROP:  35%|███▍      | 74643/213608 [06:15<11:39, 198.76it/s]
ROP:  35%|███▌      | 74887/213608 [06:15<11:35, 199.34it/s]
ROP:  35%|███▌      | 75131/213608 [06:15<11:32, 199.92it/s]
ROP:  35%|███▌      | 75375/213608 [06:15<11:29, 200.51it/s]
ROP:  35%|███▌      | 75619/213608 [06:16<11:26, 201.08it/s]
ROP:  36%|███▌      | 75978/213608 [06:16<11:21, 201.98it/s]
ROP:  36%|███▌      | 75978/213608 [06:20<11:28, 199.93it/s]
ROP:  36%|███▌      | 76216/213608 [06:20<11:25, 200.55it/s]
ROP:  36%|███▌      | 76223/213608 [06:20<11:25, 200.47it/s]
ROP:  36%|███▌      | 76231/213608 [06:20<11:25, 200.42it/s]
ROP:  36%|███▌      | 76239/213608 [06:20<11:25, 200.35it/s]
ROP:  36%|███▌      | 76247/213608 [06:20<11:25, 200.28it/s]
ROP:  36%|███▌      | 76255/213608 [06:20<11:25, 200.24it/s]
ROP:  36%|███▌      | 76263/213608 [06:21<11:26, 200.13it/s]
ROP:  36%|███▌      | 76273/213608 [06:21<11:26, 200.10it/s]
ROP:  36%|███▌      | 76283/213608 [06:21<11:26, 200.04it/s]
ROP:  36%|███▌      | 76293/213608 [06:21<11:26, 199.95it/s]
ROP:  36%|███▌      | 76304/213608 [06:21<11:27, 199.82it/s]
ROP:  36%|███▌      | 76315/213608 [06:22<11:27, 199.74it/s]
ROP:  36%|███▌      | 76326/213608 [06:22<11:27, 199.68it/s]
ROP:  36%|███▌      | 76337/213608 [06:22<11:27, 199.60it/s]
ROP:  36%|███▌      | 76348/213608 [06:22<11:27, 199.53it/s]
ROP:  36%|███▌      | 76359/213608 [06:22<11:28, 199.48it/s]
ROP:  36%|███▌      | 76370/213608 [06:22<11:28, 199.44it/s]
ROP:  36%|███▌      | 76381/213608 [06:23<11:28, 199.36it/s]
ROP:  36%|███▌      | 76392/213608 [06:23<11:28, 199.28it/s]
ROP:  36%|███▌      | 76403/213608 [06:23<11:28, 199.20it/s]
ROP:  36%|███▌      | 76414/213608 [06:23<11:28, 199.15it/s]
ROP:  36%|███▌      | 76425/213608 [06:23<11:29, 199.09it/s]
ROP:  36%|███▌      | 76436/213608 [06:24<11:29, 199.01it/s]
ROP:  36%|███▌      | 76447/213608 [06:24<11:29, 198.91it/s]
ROP:  36%|███▌      | 76459/213608 [06:24<11:29, 198.86it/s]
ROP:  36%|███▌      | 76471/213608 [06:24<11:29, 198.81it/s]
ROP:  36%|███▌      | 76483/213608 [06:24<11:30, 198.72it/s]
ROP:  36%|███▌      | 76495/213608 [06:24<11:30, 198.69it/s]
ROP:  36%|███▌      | 76507/213608 [06:25<11:30, 198.61it/s]
ROP:  36%|███▌      | 76519/213608 [06:25<11:30, 198.53it/s]
ROP:  36%|███▌      | 76539/213608 [06:25<11:30, 198.52it/s]
ROP:  36%|███▌      | 76559/213608 [06:25<11:30, 198.50it/s]
ROP:  36%|███▌      | 76748/213608 [06:25<11:27, 198.93it/s]
ROP:  36%|███▌      | 76949/213608 [06:25<11:25, 199.40it/s]
ROP:  36%|███▌      | 77150/213608 [06:26<11:22, 199.86it/s]
ROP:  36%|███▋      | 77478/213608 [06:26<11:18, 200.66it/s]
ROP:  36%|███▋      | 77806/213608 [06:26<11:14, 201.42it/s]
ROP:  37%|███▋      | 78134/213608 [06:26<11:10, 202.18it/s]
ROP:  37%|███▋      | 78462/213608 [06:26<11:05, 202.97it/s]
ROP:  37%|███▋      | 78790/213608 [06:26<11:02, 203.63it/s]
ROP:  37%|███▋      | 79118/213608 [06:27<10:59, 203.92it/s]
ROP:  37%|███▋      | 79188/213608 [06:28<10:58, 204.01it/s]
ROP:  37%|███▋      | 79258/213608 [06:28<10:58, 204.11it/s]
ROP:  37%|███▋      | 79328/213608 [06:28<10:58, 204.00it/s]
ROP:  37%|███▋      | 79341/213608 [06:29<10:58, 203.89it/s]
ROP:  37%|███▋      | 79354/213608 [06:29<10:58, 203.82it/s]
ROP:  37%|███▋      | 79402/213608 [06:29<10:58, 203.88it/s]
ROP:  37%|███▋      | 79509/213608 [06:29<10:57, 204.09it/s]
ROP:  37%|███▋      | 79616/213608 [06:30<10:56, 204.14it/s]
ROP:  37%|███▋      | 79723/213608 [06:30<10:55, 204.31it/s]
ROP:  37%|███▋      | 79985/213608 [06:30<10:52, 204.92it/s]
ROP:  38%|███▊      | 80247/213608 [06:31<10:49, 205.20it/s]
ROP:  38%|███▊      | 80308/213608 [06:31<10:49, 205.30it/s]
ROP:  38%|███▊      | 80369/213608 [06:31<10:48, 205.33it/s]
ROP:  38%|███▊      | 80459/213608 [06:31<10:47, 205.48it/s]
ROP:  38%|███▊      | 80549/213608 [06:31<10:47, 205.52it/s]
ROP:  38%|███▊      | 80639/213608 [06:32<10:47, 205.51it/s]
ROP:  38%|███▊      | 80729/213608 [06:32<10:46, 205.47it/s]
ROP:  38%|███▊      | 80797/213608 [06:32<10:45, 205.59it/s]
ROP:  38%|███▊      | 80865/213608 [06:33<10:45, 205.65it/s]
ROP:  38%|███▊      | 80933/213608 [06:33<10:44, 205.73it/s]
ROP:  38%|███▊      | 81035/213608 [06:33<10:43, 205.93it/s]
ROP:  38%|███▊      | 81137/213608 [06:33<10:43, 206.01it/s]
ROP:  38%|███▊      | 81239/213608 [06:34<10:42, 206.04it/s]
ROP:  38%|███▊      | 81341/213608 [06:35<10:42, 205.91it/s]
ROP:  38%|███▊      | 81355/213608 [06:35<10:42, 205.84it/s]
ROP:  38%|███▊      | 81369/213608 [06:35<10:42, 205.68it/s]
ROP:  38%|███▊      | 81383/213608 [06:36<10:43, 205.49it/s]
ROP:  38%|███▊      | 81397/213608 [06:36<10:43, 205.32it/s]
ROP:  38%|███▊      | 81411/213608 [06:36<10:44, 205.09it/s]
ROP:  38%|███▊      | 81419/213608 [06:37<10:44, 205.05it/s]
ROP:  38%|███▊      | 81427/213608 [06:37<10:45, 204.90it/s]
ROP:  38%|███▊      | 81435/213608 [06:37<10:45, 204.80it/s]
ROP:  38%|███▊      | 81443/213608 [06:37<10:45, 204.72it/s]
ROP:  38%|███▊      | 81451/213608 [06:38<10:46, 204.55it/s]
ROP:  38%|███▊      | 81460/213608 [06:38<10:46, 204.50it/s]
ROP:  38%|███▊      | 81469/213608 [06:38<10:46, 204.31it/s]
ROP:  38%|███▊      | 81478/213608 [06:38<10:46, 204.25it/s]
ROP:  38%|███▊      | 81487/213608 [06:39<10:47, 204.18it/s]
ROP:  38%|███▊      | 81496/213608 [06:39<10:47, 204.04it/s]
ROP:  38%|███▊      | 81506/213608 [06:39<10:47, 203.98it/s]
ROP:  38%|███▊      | 81516/213608 [06:39<10:47, 203.95it/s]
ROP:  38%|███▊      | 81542/213608 [06:39<10:47, 203.94it/s]
ROP:  38%|███▊      | 81597/213608 [06:39<10:47, 204.01it/s]
ROP:  38%|███▊      | 81652/213608 [06:40<10:46, 204.01it/s]
ROP:  38%|███▊      | 81707/213608 [06:40<10:46, 203.95it/s]
ROP:  38%|███▊      | 81762/213608 [06:40<10:46, 203.98it/s]
ROP:  38%|███▊      | 81818/213608 [06:40<10:45, 204.06it/s]
ROP:  38%|███▊      | 81874/213608 [06:41<10:45, 204.10it/s]
ROP:  38%|███▊      | 81930/213608 [06:41<10:45, 204.06it/s]
ROP:  38%|███▊      | 81986/213608 [06:41<10:44, 204.12it/s]
ROP:  38%|███▊      | 82042/213608 [06:42<10:44, 204.00it/s]
ROP:  38%|███▊      | 82060/213608 [06:42<10:45, 203.94it/s]
ROP:  38%|███▊      | 82088/213608 [06:42<10:44, 203.96it/s]
ROP:  38%|███▊      | 82116/213608 [06:42<10:45, 203.82it/s]
ROP:  38%|███▊      | 82144/213608 [06:43<10:45, 203.80it/s]
ROP:  38%|███▊      | 82176/213608 [06:43<10:44, 203.81it/s]
ROP:  38%|███▊      | 82208/213608 [06:43<10:44, 203.80it/s]
ROP:  39%|███▊      | 82245/213608 [06:43<10:44, 203.84it/s]
ROP:  39%|███▊      | 82321/213608 [06:43<10:43, 203.98it/s]
ROP:  39%|███▊      | 82474/213608 [06:43<10:41, 204.31it/s]
ROP:  39%|███▊      | 82627/213608 [06:44<10:40, 204.37it/s]
ROP:  39%|███▊      | 82667/213608 [06:44<10:40, 204.41it/s]
ROP:  39%|███▊      | 82707/213608 [06:44<10:40, 204.44it/s]
ROP:  39%|███▉      | 82775/213608 [06:44<10:39, 204.55it/s]
ROP:  39%|███▉      | 82912/213608 [06:44<10:38, 204.83it/s]
ROP:  39%|███▉      | 83138/213608 [06:44<10:35, 205.33it/s]
ROP:  39%|███▉      | 83364/213608 [06:45<10:33, 205.64it/s]
ROP:  39%|███▉      | 83590/213608 [06:45<10:31, 205.97it/s]
ROP:  39%|███▉      | 83816/213608 [06:45<10:28, 206.45it/s]
ROP:  39%|███▉      | 84042/213608 [06:46<10:26, 206.88it/s]
ROP:  39%|███▉      | 84268/213608 [06:46<10:23, 207.31it/s]
ROP:  40%|███▉      | 84494/213608 [06:46<10:21, 207.70it/s]
ROP:  40%|███▉      | 84720/213608 [06:48<10:21, 207.44it/s]
ROP:  40%|███▉      | 85099/213608 [06:48<10:16, 208.32it/s]
ROP:  40%|████      | 85478/213608 [06:48<10:12, 209.11it/s]
ROP:  40%|████      | 85857/213608 [06:49<10:09, 209.57it/s]
ROP:  40%|████      | 86000/213608 [06:49<10:08, 209.86it/s]
ROP:  40%|████      | 86143/213608 [06:50<10:06, 210.06it/s]
ROP:  40%|████      | 86286/213608 [06:50<10:05, 210.23it/s]
ROP:  40%|████      | 86429/213608 [06:50<10:04, 210.47it/s]
ROP:  41%|████      | 86616/213608 [06:50<10:02, 210.88it/s]
ROP:  41%|████      | 86803/213608 [06:51<10:01, 210.85it/s]
ROP:  41%|████      | 86823/213608 [06:51<10:01, 210.79it/s]
ROP:  41%|████      | 86843/213608 [06:52<10:01, 210.75it/s]
ROP:  41%|████      | 86873/213608 [06:52<10:01, 210.76it/s]
ROP:  41%|████      | 86916/213608 [06:52<10:00, 210.80it/s]
ROP:  41%|████      | 86977/213608 [06:52<10:00, 210.89it/s]
ROP:  41%|████      | 87059/213608 [06:52<09:59, 211.04it/s]
ROP:  41%|████      | 87141/213608 [06:52<09:59, 211.10it/s]
ROP:  41%|████      | 87223/213608 [06:53<09:58, 211.16it/s]
ROP:  41%|████      | 87329/213608 [06:53<09:57, 211.35it/s]
ROP:  41%|████      | 87435/213608 [06:53<09:57, 211.30it/s]
ROP:  41%|████      | 87494/213608 [06:53<09:56, 211.40it/s]
ROP:  41%|████      | 87571/213608 [06:53<09:55, 211.53it/s]
ROP:  41%|████      | 87726/213608 [06:54<09:54, 211.85it/s]
ROP:  41%|████      | 87881/213608 [06:54<09:52, 212.15it/s]
ROP:  41%|████      | 88069/213608 [06:54<09:50, 212.55it/s]
ROP:  41%|████▏     | 88257/213608 [06:54<09:49, 212.77it/s]
ROP:  41%|████▏     | 88445/213608 [06:55<09:47, 213.06it/s]
ROP:  41%|████▏     | 88633/213608 [06:56<09:46, 212.99it/s]
ROP:  42%|████▏     | 88657/213608 [06:56<09:46, 212.97it/s]
ROP:  42%|████▏     | 88681/213608 [06:56<09:47, 212.76it/s]
ROP:  42%|████▏     | 88854/213608 [06:56<09:45, 213.12it/s]
ROP:  42%|████▏     | 89143/213608 [06:57<09:42, 213.75it/s]
ROP:  42%|████▏     | 89143/213608 [07:00<09:46, 212.23it/s]
ROP:  42%|████▏     | 89406/213608 [07:00<09:43, 212.84it/s]
ROP:  42%|████▏     | 89415/213608 [07:00<09:43, 212.69it/s]
ROP:  42%|████▏     | 89427/213608 [07:00<09:43, 212.64it/s]
ROP:  42%|████▏     | 89439/213608 [07:00<09:44, 212.57it/s]
ROP:  42%|████▏     | 89451/213608 [07:01<09:44, 212.42it/s]
ROP:  42%|████▏     | 89463/213608 [07:01<09:44, 212.27it/s]
ROP:  42%|████▏     | 89475/213608 [07:01<09:45, 212.12it/s]
ROP:  42%|████▏     | 89490/213608 [07:01<09:45, 212.08it/s]
ROP:  42%|████▏     | 89505/213608 [07:02<09:45, 212.03it/s]
ROP:  42%|████▏     | 89547/213608 [07:02<09:45, 212.04it/s]
ROP:  42%|████▏     | 89589/213608 [07:03<09:45, 211.76it/s]
ROP:  42%|████▏     | 89595/213608 [07:03<09:45, 211.70it/s]
ROP:  42%|████▏     | 89619/213608 [07:03<09:45, 211.70it/s]
ROP:  42%|████▏     | 89644/213608 [07:03<09:45, 211.69it/s]
ROP:  42%|████▏     | 89669/213608 [07:03<09:45, 211.69it/s]
ROP:  42%|████▏     | 89694/213608 [07:03<09:45, 211.62it/s]
ROP:  42%|████▏     | 89719/213608 [07:03<09:45, 211.61it/s]
ROP:  42%|████▏     | 89747/213608 [07:04<09:45, 211.62it/s]
ROP:  42%|████▏     | 89775/213608 [07:04<09:45, 211.64it/s]
ROP:  42%|████▏     | 89811/213608 [07:04<09:44, 211.67it/s]
ROP:  42%|████▏     | 89950/213608 [07:04<09:43, 211.94it/s]
ROP:  42%|████▏     | 90089/213608 [07:05<09:42, 211.95it/s]
ROP:  42%|████▏     | 90173/213608 [07:05<09:41, 212.09it/s]
ROP:  42%|████▏     | 90257/213608 [07:05<09:41, 212.00it/s]
ROP:  42%|████▏     | 90293/213608 [07:05<09:41, 212.03it/s]
ROP:  42%|████▏     | 90329/213608 [07:06<09:41, 212.04it/s]
ROP:  42%|████▏     | 90365/213608 [07:06<09:41, 212.06it/s]
ROP:  42%|████▏     | 90401/213608 [07:06<09:40, 212.06it/s]
ROP:  42%|████▏     | 90456/213608 [07:06<09:40, 212.12it/s]
ROP:  42%|████▏     | 90511/213608 [07:07<09:40, 211.93it/s]
ROP:  42%|████▏     | 90564/213608 [07:07<09:40, 211.99it/s]
ROP:  42%|████▏     | 90617/213608 [07:07<09:40, 212.01it/s]
ROP:  42%|████▏     | 90735/213608 [07:07<09:38, 212.23it/s]
ROP:  43%|████▎     | 90853/213608 [07:07<09:38, 212.36it/s]
ROP:  43%|████▎     | 90971/213608 [07:08<09:37, 212.22it/s]
ROP:  43%|████▎     | 90988/213608 [07:08<09:37, 212.21it/s]
ROP:  43%|████▎     | 91045/213608 [07:09<09:37, 212.16it/s]
ROP:  43%|████▎     | 91102/213608 [07:09<09:37, 212.01it/s]
ROP:  43%|████▎     | 91175/213608 [07:09<09:37, 212.13it/s]
ROP:  43%|████▎     | 91248/213608 [07:10<09:36, 212.10it/s]
ROP:  43%|████▎     | 91321/213608 [07:10<09:36, 212.18it/s]
ROP:  43%|████▎     | 91394/213608 [07:11<09:36, 212.01it/s]
ROP:  43%|████▎     | 91414/213608 [07:11<09:36, 211.98it/s]
ROP:  43%|████▎     | 91460/213608 [07:11<09:36, 212.01it/s]
ROP:  43%|████▎     | 91506/213608 [07:11<09:35, 212.01it/s]
ROP:  43%|████▎     | 91552/213608 [07:11<09:35, 212.00it/s]
ROP:  43%|████▎     | 91598/213608 [07:12<09:35, 212.00it/s]
ROP:  43%|████▎     | 91644/213608 [07:12<09:35, 211.98it/s]
ROP:  43%|████▎     | 91744/213608 [07:12<09:34, 212.09it/s]
ROP:  43%|████▎     | 91844/213608 [07:13<09:34, 211.88it/s]
ROP:  43%|████▎     | 91886/213608 [07:13<09:34, 211.90it/s]
ROP:  43%|████▎     | 91928/213608 [07:13<09:34, 211.93it/s]
ROP:  43%|████▎     | 91970/213608 [07:13<09:33, 211.92it/s]
ROP:  43%|████▎     | 92012/213608 [07:14<09:34, 211.79it/s]
ROP:  43%|████▎     | 92054/213608 [07:14<09:33, 211.82it/s]
ROP:  43%|████▎     | 92096/213608 [07:14<09:33, 211.86it/s]
ROP:  43%|████▎     | 92152/213608 [07:14<09:33, 211.93it/s]
ROP:  43%|████▎     | 92213/213608 [07:14<09:32, 212.02it/s]
ROP:  43%|████▎     | 92303/213608 [07:15<09:31, 212.17it/s]
ROP:  43%|████▎     | 92393/213608 [07:15<09:31, 212.27it/s]
ROP:  43%|████▎     | 92483/213608 [07:15<09:30, 212.40it/s]
ROP:  43%|████▎     | 92573/213608 [07:15<09:29, 212.52it/s]
ROP:  43%|████▎     | 92739/213608 [07:15<09:27, 212.84it/s]
ROP:  43%|████▎     | 92905/213608 [07:16<09:27, 212.68it/s]
ROP:  44%|████▎     | 92922/213608 [07:16<09:27, 212.67it/s]
ROP:  44%|████▎     | 92969/213608 [07:17<09:27, 212.72it/s]
ROP:  44%|████▎     | 93016/213608 [07:17<09:27, 212.64it/s]
ROP:  44%|████▎     | 93063/213608 [07:18<09:27, 212.47it/s]
ROP:  44%|████▎     | 93072/213608 [07:18<09:27, 212.37it/s]
ROP:  44%|████▎     | 93088/213608 [07:18<09:27, 212.36it/s]
ROP:  44%|████▎     | 93104/213608 [07:18<09:27, 212.27it/s]
ROP:  44%|████▎     | 93136/213608 [07:18<09:27, 212.28it/s]
ROP:  44%|████▎     | 93180/213608 [07:18<09:27, 212.32it/s]
ROP:  44%|████▎     | 93274/213608 [07:18<09:26, 212.48it/s]
ROP:  44%|████▎     | 93453/213608 [07:19<09:24, 212.84it/s]
ROP:  44%|████▍     | 93632/213608 [07:19<09:23, 213.05it/s]
ROP:  44%|████▍     | 93811/213608 [07:20<09:21, 213.20it/s]
ROP:  44%|████▍     | 93846/213608 [07:20<09:21, 213.15it/s]
ROP:  44%|████▍     | 93917/213608 [07:20<09:21, 213.26it/s]
ROP:  44%|████▍     | 93988/213608 [07:20<09:20, 213.35it/s]
ROP:  44%|████▍     | 94073/213608 [07:20<09:19, 213.48it/s]
ROP:  44%|████▍     | 94350/213608 [07:20<09:17, 214.05it/s]
ROP:  44%|████▍     | 94627/213608 [07:21<09:15, 214.31it/s]
ROP:  44%|████▍     | 94664/213608 [07:21<09:15, 214.31it/s]
ROP:  44%|████▍     | 94712/213608 [07:21<09:14, 214.35it/s]
ROP:  44%|████▍     | 94760/213608 [07:21<09:14, 214.41it/s]
ROP:  44%|████▍     | 94808/213608 [07:22<09:14, 214.42it/s]
ROP:  44%|████▍     | 94896/213608 [07:22<09:13, 214.56it/s]
ROP:  44%|████▍     | 94984/213608 [07:22<09:12, 214.66it/s]
ROP:  45%|████▍     | 95092/213608 [07:22<09:11, 214.85it/s]
ROP:  45%|████▍     | 95200/213608 [07:22<09:10, 214.99it/s]
ROP:  45%|████▍     | 95378/213608 [07:23<09:09, 215.23it/s]
ROP:  45%|████▍     | 95556/213608 [07:23<09:08, 215.41it/s]
ROP:  45%|████▍     | 95734/213608 [07:24<09:06, 215.56it/s]
ROP:  45%|████▍     | 95769/213608 [07:24<09:06, 215.57it/s]
ROP:  45%|████▍     | 95831/213608 [07:24<09:06, 215.63it/s]
ROP:  45%|████▍     | 95911/213608 [07:24<09:05, 215.73it/s]
ROP:  45%|████▍     | 95991/213608 [07:24<09:04, 215.83it/s]
ROP:  45%|████▌     | 96130/213608 [07:24<09:03, 216.09it/s]
ROP:  45%|████▌     | 96269/213608 [07:26<09:04, 215.69it/s]
ROP:  45%|████▌     | 96280/213608 [07:26<09:04, 215.66it/s]
ROP:  45%|████▌     | 96291/213608 [07:26<09:04, 215.58it/s]
ROP:  45%|████▌     | 96309/213608 [07:26<09:04, 215.56it/s]
ROP:  45%|████▌     | 96373/213608 [07:26<09:03, 215.64it/s]
ROP:  45%|████▌     | 96437/213608 [07:27<09:03, 215.48it/s]
ROP:  45%|████▌     | 96448/213608 [07:27<09:03, 215.42it/s]
ROP:  45%|████▌     | 96468/213608 [07:27<09:03, 215.41it/s]
ROP:  45%|████▌     | 96488/213608 [07:28<09:03, 215.37it/s]
ROP:  45%|████▌     | 96515/213608 [07:28<09:03, 215.36it/s]
ROP:  45%|████▌     | 96542/213608 [07:28<09:04, 215.04it/s]
ROP:  45%|████▌     | 96696/213608 [07:29<09:02, 215.34it/s]
ROP:  45%|████▌     | 96850/213608 [07:29<09:02, 215.42it/s]
ROP:  45%|████▌     | 96883/213608 [07:29<09:01, 215.43it/s]
ROP:  45%|████▌     | 96916/213608 [07:30<09:01, 215.31it/s]
ROP:  45%|████▌     | 96966/213608 [07:30<09:01, 215.36it/s]
ROP:  45%|████▌     | 97016/213608 [07:30<09:02, 215.11it/s]
ROP:  45%|████▌     | 97152/213608 [07:31<09:00, 215.36it/s]
ROP:  46%|████▌     | 97288/213608 [07:31<08:59, 215.52it/s]
ROP:  46%|████▌     | 97424/213608 [07:32<08:59, 215.45it/s]
ROP:  46%|████▌     | 97442/213608 [07:32<08:59, 215.38it/s]
ROP:  46%|████▌     | 97491/213608 [07:32<08:59, 215.42it/s]
ROP:  46%|████▌     | 97540/213608 [07:32<08:58, 215.48it/s]
ROP:  46%|████▌     | 97589/213608 [07:32<08:58, 215.49it/s]
ROP:  46%|████▌     | 97638/213608 [07:32<08:58, 215.55it/s]
ROP:  46%|████▌     | 97687/213608 [07:33<08:57, 215.54it/s]
ROP:  46%|████▌     | 97814/213608 [07:33<08:56, 215.76it/s]
ROP:  46%|████▌     | 97941/213608 [07:33<08:55, 215.97it/s]
ROP:  46%|████▌     | 98068/213608 [07:33<08:54, 216.05it/s]
ROP:  46%|████▌     | 98195/213608 [07:34<08:54, 215.87it/s]
ROP:  46%|████▌     | 98209/213608 [07:35<08:54, 215.84it/s]
ROP:  46%|████▌     | 98283/213608 [07:35<08:54, 215.94it/s]
ROP:  46%|████▌     | 98357/213608 [07:35<08:53, 215.90it/s]
ROP:  46%|████▌     | 98526/213608 [07:35<08:52, 216.22it/s]
ROP:  46%|████▌     | 98695/213608 [07:35<08:50, 216.49it/s]
ROP:  46%|████▋     | 98864/213608 [07:36<08:49, 216.52it/s]
ROP:  46%|████▋     | 98889/213608 [07:36<08:49, 216.51it/s]
ROP:  46%|████▋     | 98932/213608 [07:36<08:49, 216.55it/s]
ROP:  46%|████▋     | 98975/213608 [07:37<08:49, 216.48it/s]
ROP:  46%|████▋     | 99018/213608 [07:37<08:49, 216.49it/s]
ROP:  46%|████▋     | 99061/213608 [07:37<08:49, 216.43it/s]
ROP:  46%|████▋     | 99104/213608 [07:37<08:49, 216.39it/s]
ROP:  46%|████▋     | 99147/213608 [07:38<08:49, 216.37it/s]
ROP:  46%|████▋     | 99190/213608 [07:39<08:49, 215.97it/s]
ROP:  46%|████▋     | 99198/213608 [07:39<08:49, 215.93it/s]
ROP:  46%|████▋     | 99317/213608 [07:39<08:48, 216.14it/s]
ROP:  47%|████▋     | 99436/213608 [07:39<08:47, 216.25it/s]
ROP:  47%|████▋     | 99555/213608 [07:40<08:47, 216.25it/s]
ROP:  47%|████▋     | 99578/213608 [07:40<08:47, 216.18it/s]
ROP:  47%|████▋     | 99621/213608 [07:40<08:47, 216.22it/s]
ROP:  47%|████▋     | 99664/213608 [07:41<08:47, 216.02it/s]
ROP:  47%|████▋     | 99678/213608 [07:41<08:47, 215.99it/s]
ROP:  47%|████▋     | 99712/213608 [07:41<08:47, 215.97it/s]
ROP:  47%|████▋     | 99746/213608 [07:43<08:49, 214.99it/s]
ROP:  47%|████▋     | 99754/213608 [07:44<08:49, 214.93it/s]
ROP:  47%|████▋     | 99762/213608 [07:44<08:50, 214.68it/s]
ROP:  47%|████▋     | 99768/213608 [07:44<08:50, 214.62it/s]
ROP:  47%|████▋     | 99774/213608 [07:45<08:51, 214.37it/s]
ROP:  47%|████▋     | 99782/213608 [07:45<08:51, 214.32it/s]
ROP:  47%|████▋     | 99790/213608 [07:46<08:51, 214.08it/s]
ROP:  47%|████▋     | 99829/213608 [07:46<08:51, 214.09it/s]
ROP:  47%|████▋     | 99868/213608 [07:46<08:51, 214.12it/s]
ROP:  47%|████▋     | 99938/213608 [07:46<08:50, 214.22it/s]
ROP:  47%|████▋     | 100008/213608 [07:47<08:50, 214.09it/s]
ROP:  47%|████▋     | 100081/213608 [07:47<08:50, 214.17it/s]
ROP:  47%|████▋     | 100161/213608 [07:47<08:49, 214.28it/s]
ROP:  47%|████▋     | 100241/213608 [07:48<08:49, 213.92it/s]
ROP:  47%|████▋     | 100252/213608 [07:48<08:49, 213.88it/s]
ROP:  47%|████▋     | 100263/213608 [07:48<08:50, 213.85it/s]
ROP:  47%|████▋     | 100277/213608 [07:48<08:50, 213.83it/s]
ROP:  47%|████▋     | 100291/213608 [07:49<08:50, 213.72it/s]
ROP:  47%|████▋     | 100334/213608 [07:49<08:49, 213.73it/s]
ROP:  47%|████▋     | 100334/213608 [07:50<08:50, 213.47it/s]
ROP:  47%|████▋     | 100365/213608 [07:50<08:50, 213.50it/s]
ROP:  47%|████▋     | 100379/213608 [07:50<08:50, 213.46it/s]
ROP:  47%|████▋     | 100393/213608 [07:50<08:50, 213.33it/s]
ROP:  47%|████▋     | 100407/213608 [07:50<08:50, 213.30it/s]
ROP:  47%|████▋     | 100436/213608 [07:50<08:50, 213.31it/s]
ROP:  47%|████▋     | 100465/213608 [07:51<08:50, 213.09it/s]
ROP:  47%|████▋     | 100494/213608 [07:51<08:50, 213.11it/s]
ROP:  47%|████▋     | 100523/213608 [07:52<08:51, 212.94it/s]
ROP:  47%|████▋     | 100616/213608 [07:52<08:50, 213.09it/s]
ROP:  47%|████▋     | 100709/213608 [07:52<08:49, 213.08it/s]
ROP:  47%|████▋     | 100802/213608 [07:52<08:49, 213.18it/s]
ROP:  47%|████▋     | 100895/213608 [07:53<08:48, 213.14it/s]
ROP:  47%|████▋     | 100948/213608 [07:53<08:48, 213.20it/s]
ROP:  47%|████▋     | 101001/213608 [07:53<08:48, 213.19it/s]
ROP:  47%|████▋     | 101054/213608 [07:53<08:47, 213.22it/s]
ROP:  47%|████▋     | 101122/213608 [07:54<08:47, 213.31it/s]
ROP:  47%|████▋     | 101238/213608 [07:54<08:46, 213.49it/s]
ROP:  47%|████▋     | 101354/213608 [07:54<08:45, 213.55it/s]
ROP:  48%|████▊     | 101470/213608 [07:54<08:44, 213.66it/s]
ROP:  48%|████▊     | 101586/213608 [07:55<08:43, 213.80it/s]
ROP:  48%|████▊     | 101702/213608 [07:55<08:43, 213.92it/s]
ROP:  48%|████▊     | 101818/213608 [07:56<08:42, 213.86it/s]
ROP:  48%|████▊     | 101836/213608 [07:56<08:43, 213.58it/s]
ROP:  48%|████▊     | 101904/213608 [07:56<08:42, 213.64it/s]
ROP:  48%|████▊     | 101972/213608 [07:57<08:42, 213.72it/s]
ROP:  48%|████▊     | 102040/213608 [07:57<08:41, 213.80it/s]
ROP:  48%|████▊     | 102108/213608 [07:57<08:41, 213.90it/s]
ROP:  48%|████▊     | 102176/213608 [07:57<08:40, 213.98it/s]
ROP:  48%|████▊     | 102244/213608 [07:57<08:40, 213.99it/s]
ROP:  48%|████▊     | 102312/213608 [07:58<08:40, 214.01it/s]
ROP:  48%|████▊     | 102408/213608 [07:58<08:39, 214.17it/s]
ROP:  48%|████▊     | 102504/213608 [07:58<08:38, 214.24it/s]
ROP:  48%|████▊     | 102600/213608 [07:58<08:37, 214.36it/s]
ROP:  48%|████▊     | 102727/213608 [07:58<08:36, 214.55it/s]
ROP:  48%|████▊     | 102854/213608 [07:59<08:36, 214.43it/s]
ROP:  48%|████▊     | 102913/213608 [07:59<08:36, 214.50it/s]
ROP:  48%|████▊     | 103048/213608 [07:59<08:34, 214.73it/s]
ROP:  48%|████▊     | 103183/213608 [08:00<08:34, 214.74it/s]
ROP:  48%|████▊     | 103241/213608 [08:00<08:33, 214.80it/s]
ROP:  48%|████▊     | 103299/213608 [08:00<08:33, 214.78it/s]
ROP:  48%|████▊     | 103357/213608 [08:02<08:34, 214.31it/s]
ROP:  48%|████▊     | 103401/213608 [08:02<08:34, 214.34it/s]
ROP:  48%|████▊     | 103445/213608 [08:02<08:33, 214.37it/s]
ROP:  48%|████▊     | 103489/213608 [08:03<08:34, 214.11it/s]
ROP:  48%|████▊     | 103503/213608 [08:03<08:34, 214.09it/s]
ROP:  48%|████▊     | 103562/213608 [08:03<08:33, 214.16it/s]
ROP:  49%|████▊     | 103719/213608 [08:03<08:32, 214.44it/s]
ROP:  49%|████▊     | 103876/213608 [08:03<08:31, 214.63it/s]
ROP:  49%|████▊     | 104033/213608 [08:04<08:30, 214.69it/s]
ROP:  49%|████▊     | 104060/213608 [08:04<08:30, 214.69it/s]
ROP:  49%|████▊     | 104087/213608 [08:04<08:30, 214.66it/s]
ROP:  49%|████▊     | 104132/213608 [08:05<08:29, 214.70it/s]
ROP:  49%|████▉     | 104177/213608 [08:05<08:30, 214.53it/s]
ROP:  49%|████▉     | 104188/213608 [08:05<08:30, 214.49it/s]
ROP:  49%|████▉     | 104226/213608 [08:05<08:29, 214.50it/s]
ROP:  49%|████▉     | 104264/213608 [08:06<08:29, 214.53it/s]
ROP:  49%|████▉     | 104302/213608 [08:06<08:29, 214.41it/s]
ROP:  49%|████▉     | 104359/213608 [08:06<08:29, 214.47it/s]
ROP:  49%|████▉     | 104416/213608 [08:06<08:29, 214.45it/s]
ROP:  49%|████▉     | 104473/213608 [08:07<08:28, 214.51it/s]
ROP:  49%|████▉     | 104530/213608 [08:07<08:28, 214.56it/s]
ROP:  49%|████▉     | 104703/213608 [08:07<08:26, 214.87it/s]
ROP:  49%|████▉     | 104876/213608 [08:07<08:25, 214.97it/s]
ROP:  49%|████▉     | 104907/213608 [08:07<08:25, 214.98it/s]
ROP:  49%|████▉     | 104941/213608 [08:08<08:25, 215.00it/s]
ROP:  49%|████▉     | 104980/213608 [08:08<08:25, 215.02it/s]
ROP:  49%|████▉     | 105019/213608 [08:08<08:25, 214.95it/s]
ROP:  49%|████▉     | 105061/213608 [08:08<08:24, 214.99it/s]
ROP:  49%|████▉     | 105132/213608 [08:08<08:24, 215.08it/s]
ROP:  49%|████▉     | 105203/213608 [08:08<08:23, 215.16it/s]
ROP:  49%|████▉     | 105274/213608 [08:09<08:23, 215.07it/s]
ROP:  49%|████▉     | 105404/213608 [08:09<08:22, 215.28it/s]
ROP:  49%|████▉     | 105534/213608 [08:09<08:21, 215.39it/s]
ROP:  49%|████▉     | 105664/213608 [08:10<08:20, 215.52it/s]
ROP:  50%|████▉     | 105794/213608 [08:10<08:20, 215.58it/s]
ROP:  50%|████▉     | 105924/213608 [08:10<08:19, 215.75it/s]
ROP:  50%|████▉     | 106054/213608 [08:11<08:18, 215.89it/s]
ROP:  50%|████▉     | 106184/213608 [08:11<08:17, 216.05it/s]
ROP:  50%|████▉     | 106314/213608 [08:12<08:17, 215.73it/s]
ROP:  50%|████▉     | 106440/213608 [08:12<08:16, 215.92it/s]
ROP:  50%|████▉     | 106591/213608 [08:13<08:15, 216.17it/s]
ROP:  50%|████▉     | 106742/213608 [08:13<08:14, 216.32it/s]
ROP:  50%|█████     | 106893/213608 [08:14<08:13, 216.37it/s]
ROP:  50%|█████     | 106976/213608 [08:14<08:12, 216.48it/s]
ROP:  50%|█████     | 107059/213608 [08:14<08:11, 216.57it/s]
ROP:  50%|█████     | 107142/213608 [08:14<08:11, 216.69it/s]
ROP:  50%|█████     | 107225/213608 [08:14<08:10, 216.79it/s]
ROP:  50%|█████     | 107308/213608 [08:14<08:10, 216.89it/s]
ROP:  50%|█████     | 107391/213608 [08:14<08:09, 216.98it/s]
ROP:  50%|█████     | 107474/213608 [08:15<08:08, 217.05it/s]
ROP:  50%|█████     | 107557/213608 [08:15<08:08, 217.08it/s]
ROP:  50%|█████     | 107640/213608 [08:15<08:08, 217.08it/s]
ROP:  50%|█████     | 107723/213608 [08:16<08:07, 217.18it/s]
ROP:  50%|█████     | 107806/213608 [08:16<08:07, 217.16it/s]
ROP:  51%|█████     | 107889/213608 [08:16<08:06, 217.23it/s]
ROP:  51%|█████     | 107992/213608 [08:16<08:05, 217.38it/s]
ROP:  51%|█████     | 108095/213608 [08:17<08:05, 217.36it/s]
ROP:  51%|█████     | 108138/213608 [08:17<08:05, 217.39it/s]
ROP:  51%|█████     | 108181/213608 [08:17<08:04, 217.39it/s]
ROP:  51%|█████     | 108224/213608 [08:17<08:04, 217.38it/s]
ROP:  51%|█████     | 108304/213608 [08:17<08:04, 217.49it/s]
ROP:  51%|█████     | 108384/213608 [08:18<08:03, 217.45it/s]
ROP:  51%|█████     | 108464/213608 [08:18<08:03, 217.55it/s]
ROP:  51%|█████     | 108544/213608 [08:18<08:02, 217.63it/s]
ROP:  51%|█████     | 108627/213608 [08:18<08:02, 217.75it/s]
ROP:  51%|█████     | 108710/213608 [08:19<08:01, 217.77it/s]
ROP:  51%|█████     | 108793/213608 [08:19<08:01, 217.80it/s]
ROP:  51%|█████     | 108889/213608 [08:19<08:00, 217.94it/s]
ROP:  51%|█████     | 109048/213608 [08:19<07:59, 218.22it/s]
ROP:  51%|█████     | 109207/213608 [08:19<07:57, 218.46it/s]
ROP:  51%|█████     | 109366/213608 [08:20<07:56, 218.58it/s]
ROP:  51%|█████▏    | 109525/213608 [08:21<07:56, 218.50it/s]
ROP:  51%|█████▏    | 109576/213608 [08:21<07:56, 218.54it/s]
ROP:  51%|█████▏    | 109627/213608 [08:21<07:55, 218.48it/s]
ROP:  51%|█████▏    | 109692/213608 [08:21<07:55, 218.57it/s]
ROP:  51%|█████▏    | 109757/213608 [08:22<07:55, 218.59it/s]
ROP:  51%|█████▏    | 109845/213608 [08:22<07:54, 218.71it/s]
ROP:  51%|█████▏    | 109933/213608 [08:22<07:53, 218.78it/s]
ROP:  52%|█████▏    | 110021/213608 [08:22<07:53, 218.90it/s]
ROP:  52%|█████▏    | 110109/213608 [08:23<07:53, 218.78it/s]
ROP:  52%|█████▏    | 110351/213608 [08:23<07:51, 219.21it/s]
ROP:  52%|█████▏    | 110593/213608 [08:23<07:49, 219.58it/s]
ROP:  52%|█████▏    | 110835/213608 [08:24<07:47, 219.84it/s]
ROP:  52%|█████▏    | 110882/213608 [08:24<07:47, 219.88it/s]
ROP:  52%|█████▏    | 110929/213608 [08:24<07:47, 219.74it/s]
ROP:  52%|█████▏    | 111232/213608 [08:24<07:44, 220.29it/s]
ROP:  52%|█████▏    | 111535/213608 [08:25<07:43, 220.44it/s]
ROP:  52%|█████▏    | 111621/213608 [08:26<07:42, 220.50it/s]
ROP:  52%|█████▏    | 111707/213608 [08:27<07:42, 220.17it/s]
ROP:  52%|█████▏    | 111795/213608 [08:27<07:42, 220.29it/s]
ROP:  52%|█████▏    | 111883/213608 [08:27<07:41, 220.25it/s]
ROP:  52%|█████▏    | 112061/213608 [08:28<07:40, 220.53it/s]
ROP:  53%|█████▎    | 112239/213608 [08:29<07:39, 220.48it/s]
ROP:  53%|█████▎    | 112306/213608 [08:29<07:39, 220.55it/s]
ROP:  53%|█████▎    | 112374/213608 [08:29<07:38, 220.62it/s]
ROP:  53%|█████▎    | 112444/213608 [08:29<07:38, 220.72it/s]
ROP:  53%|█████▎    | 112514/213608 [08:29<07:37, 220.79it/s]
ROP:  53%|█████▎    | 112584/213608 [08:30<07:38, 220.56it/s]
ROP:  53%|█████▎    | 112604/213608 [08:30<07:37, 220.53it/s]
ROP:  53%|█████▎    | 112624/213608 [08:30<07:38, 220.49it/s]
ROP:  53%|█████▎    | 112660/213608 [08:30<07:37, 220.51it/s]
ROP:  53%|█████▎    | 112740/213608 [08:31<07:37, 220.61it/s]
ROP:  53%|█████▎    | 112820/213608 [08:31<07:37, 220.50it/s]
ROP:  53%|█████▎    | 112837/213608 [08:31<07:37, 220.48it/s]
ROP:  53%|█████▎    | 112896/213608 [08:31<07:36, 220.54it/s]
ROP:  53%|█████▎    | 112955/213608 [08:32<07:36, 220.60it/s]
ROP:  53%|█████▎    | 113014/213608 [08:32<07:35, 220.63it/s]
ROP:  53%|█████▎    | 113073/213608 [08:32<07:35, 220.70it/s]
ROP:  53%|█████▎    | 113179/213608 [08:32<07:34, 220.86it/s]
ROP:  53%|█████▎    | 113285/213608 [08:32<07:34, 220.96it/s]
ROP:  53%|█████▎    | 113391/213608 [08:33<07:33, 221.02it/s]
ROP:  53%|█████▎    | 113497/213608 [08:33<07:32, 221.13it/s]
ROP:  53%|█████▎    | 113666/213608 [08:33<07:31, 221.42it/s]
ROP:  53%|█████▎    | 113835/213608 [08:33<07:30, 221.69it/s]
ROP:  53%|█████▎    | 114004/213608 [08:33<07:29, 221.82it/s]
ROP:  53%|█████▎    | 114173/213608 [08:35<07:28, 221.68it/s]
ROP:  53%|█████▎    | 114200/213608 [08:35<07:28, 221.68it/s]
ROP:  53%|█████▎    | 114227/213608 [08:35<07:28, 221.67it/s]
ROP:  53%|█████▎    | 114254/213608 [08:35<07:28, 221.63it/s]
ROP:  54%|█████▎    | 114288/213608 [08:35<07:28, 221.63it/s]
ROP:  54%|█████▎    | 114322/213608 [08:36<07:28, 221.49it/s]
ROP:  54%|█████▎    | 114356/213608 [08:36<07:28, 221.32it/s]
ROP:  54%|█████▎    | 114363/213608 [08:36<07:28, 221.26it/s]
ROP:  54%|█████▎    | 114537/213608 [08:36<07:27, 221.54it/s]
ROP:  54%|█████▎    | 114711/213608 [08:38<07:27, 221.08it/s]
ROP:  54%|█████▎    | 114737/213608 [08:38<07:27, 221.08it/s]
ROP:  54%|█████▎    | 114763/213608 [08:39<07:27, 220.79it/s]
ROP:  54%|█████▍    | 114852/213608 [08:39<07:27, 220.90it/s]
ROP:  54%|█████▍    | 114941/213608 [08:40<07:27, 220.69it/s]
ROP:  54%|█████▍    | 114951/213608 [08:40<07:27, 220.65it/s]
ROP:  54%|█████▍    | 114961/213608 [08:41<07:27, 220.62it/s]
ROP:  54%|█████▍    | 114971/213608 [08:41<07:27, 220.53it/s]
ROP:  54%|█████▍    | 114981/213608 [08:41<07:27, 220.42it/s]
ROP:  54%|█████▍    | 114991/213608 [08:41<07:27, 220.38it/s]
ROP:  54%|█████▍    | 115033/213608 [08:41<07:27, 220.38it/s]
ROP:  54%|█████▍    | 115075/213608 [08:42<07:27, 220.38it/s]
ROP:  54%|█████▍    | 115117/213608 [08:42<07:26, 220.39it/s]
ROP:  54%|█████▍    | 115159/213608 [08:42<07:26, 220.35it/s]
ROP:  54%|█████▍    | 115201/213608 [08:42<07:26, 220.30it/s]
ROP:  54%|█████▍    | 115256/213608 [08:43<07:26, 220.34it/s]
ROP:  54%|█████▍    | 115311/213608 [08:43<07:26, 220.33it/s]
ROP:  54%|█████▍    | 115366/213608 [08:43<07:25, 220.39it/s]
ROP:  54%|█████▍    | 115428/213608 [08:43<07:25, 220.46it/s]
ROP:  54%|█████▍    | 115490/213608 [08:44<07:25, 220.28it/s]
ROP:  54%|█████▍    | 115535/213608 [08:44<07:25, 220.31it/s]
ROP:  54%|█████▍    | 115580/213608 [08:44<07:24, 220.30it/s]
ROP:  54%|█████▍    | 115638/213608 [08:44<07:24, 220.35it/s]WARNING  | 2026-10-02 13:59:34,758 | angr.state_plugins.posix | Tried to look up a symbolic fd - constrained to 3 and opened b'/tmp/angr_implicit_0'

ROP:  54%|█████▍    | 115696/213608 [08:45<07:24, 220.36it/s]
ROP:  54%|█████▍    | 115754/213608 [08:45<07:23, 220.41it/s]
ROP:  54%|█████▍    | 115884/213608 [08:45<07:22, 220.60it/s]
ROP:  54%|█████▍    | 116014/213608 [08:45<07:22, 220.56it/s]
ROP:  54%|█████▍    | 116037/213608 [08:46<07:22, 220.55it/s]
ROP:  54%|█████▍    | 116062/213608 [08:46<07:22, 220.55it/s]ERROR    | 2026-10-02 13:59:36,201 | angr.state_plugins.posix | Trying to close a symbolic file descriptor
ERROR    | 2026-10-02 13:59:36,294 | angr.state_plugins.posix | Trying to close a symbolic file descriptor

ROP:  54%|█████▍    | 116087/213608 [08:46<07:22, 220.47it/s]
ROP:  54%|█████▍    | 116256/213608 [08:46<07:21, 220.75it/s]
ROP:  55%|█████▍    | 116425/213608 [08:47<07:19, 220.87it/s]
ROP:  55%|█████▍    | 116594/213608 [08:47<07:19, 220.98it/s]
ROP:  55%|█████▍    | 116652/213608 [08:47<07:18, 221.04it/s]
ROP:  55%|█████▍    | 116710/213608 [08:48<07:18, 221.01it/s]
ROP:  55%|█████▍    | 116768/213608 [08:48<07:18, 220.97it/s]
ROP:  55%|█████▍    | 116826/213608 [08:48<07:17, 221.02it/s]
ROP:  55%|█████▍    | 116933/213608 [08:48<07:17, 221.18it/s]
ROP:  55%|█████▍    | 117040/213608 [08:48<07:16, 221.33it/s]
ROP:  55%|█████▍    | 117147/213608 [08:49<07:16, 221.24it/s]
ROP:  55%|█████▍    | 117228/213608 [08:49<07:15, 221.35it/s]
ROP:  55%|█████▍    | 117320/213608 [08:49<07:14, 221.47it/s]
ROP:  55%|█████▍    | 117440/213608 [08:49<07:13, 221.65it/s]
ROP:  55%|█████▌    | 117560/213608 [08:50<07:13, 221.60it/s]
ROP:  55%|█████▌    | 117608/213608 [08:50<07:13, 221.65it/s]
ROP:  55%|█████▌    | 117656/213608 [08:50<07:12, 221.67it/s]
ROP:  55%|█████▌    | 117704/213608 [08:50<07:12, 221.69it/s]
ROP:  55%|█████▌    | 117753/213608 [08:51<07:12, 221.73it/s]
ROP:  55%|█████▌    | 117802/213608 [08:51<07:12, 221.77it/s]
ROP:  55%|█████▌    | 117851/213608 [08:51<07:11, 221.78it/s]
ROP:  55%|█████▌    | 117935/213608 [08:51<07:11, 221.90it/s]
ROP:  55%|█████▌    | 118019/213608 [08:51<07:10, 221.86it/s]
ROP:  55%|█████▌    | 118103/213608 [08:52<07:10, 221.92it/s]
ROP:  55%|█████▌    | 118187/213608 [08:52<07:09, 221.97it/s]
ROP:  55%|█████▌    | 118271/213608 [08:52<07:09, 221.96it/s]
ROP:  55%|█████▌    | 118355/213608 [08:53<07:09, 222.02it/s]
ROP:  55%|█████▌    | 118439/213608 [08:53<07:08, 221.89it/s]
ROP:  55%|█████▌    | 118477/213608 [08:53<07:08, 221.92it/s]
ROP:  55%|█████▌    | 118537/213608 [08:53<07:08, 221.98it/s]
ROP:  56%|█████▌    | 118597/213608 [08:55<07:08, 221.59it/s]
ROP:  56%|█████▌    | 118623/213608 [08:55<07:08, 221.59it/s]
ROP:  56%|█████▌    | 118666/213608 [08:55<07:08, 221.62it/s]
ROP:  56%|█████▌    | 118709/213608 [08:55<07:08, 221.61it/s]
ROP:  56%|█████▌    | 118763/213608 [08:55<07:07, 221.66it/s]
ROP:  56%|█████▌    | 118817/213608 [08:56<07:07, 221.55it/s]
ROP:  56%|█████▌    | 118916/213608 [08:56<07:07, 221.68it/s]WARNING  | 2026-10-02 13:59:46,902 | angr.state_plugins.posix | Tried to look up a symbolic fd - constrained to 3 and opened b'/tmp/angr_implicit_0'

ROP:  56%|█████▌    | 119015/213608 [08:57<07:06, 221.57it/s]ERROR    | 2026-10-02 13:59:46,972 | angr.procedures.posix.pread64 | Symbolic offset is not supported in pread
ERROR    | 2026-10-02 13:59:47,011 | angr.procedures.posix.pread64 | Symbolic offset is not supported in pread
ERROR    | 2026-10-02 13:59:47,047 | angr.procedures.posix.pread64 | Symbolic offset is not supported in pread

ROP:  56%|█████▌    | 119035/213608 [08:57<07:06, 221.56it/s]ERROR    | 2026-10-02 13:59:47,083 | angr.procedures.posix.pread64 | Symbolic offset is not supported in pread

ROP:  56%|█████▌    | 119096/213608 [08:57<07:06, 221.61it/s]
ROP:  56%|█████▌    | 119157/213608 [08:57<07:06, 221.54it/s]
ROP:  56%|█████▌    | 119265/213608 [08:57<07:05, 221.70it/s]
ROP:  56%|█████▌    | 119373/213608 [08:58<07:05, 221.58it/s]
ROP:  56%|█████▌    | 119388/213608 [08:59<07:05, 221.48it/s]
ROP:  56%|█████▌    | 119457/213608 [08:59<07:04, 221.56it/s]
ROP:  56%|█████▌    | 119526/213608 [08:59<07:04, 221.55it/s]
ROP:  56%|█████▌    | 119595/213608 [08:59<07:04, 221.62it/s]
ROP:  56%|█████▌    | 119664/213608 [09:00<07:04, 221.52it/s]
ROP:  56%|█████▌    | 119688/213608 [09:00<07:04, 221.51it/s]
ROP:  56%|█████▌    | 119715/213608 [09:00<07:03, 221.49it/s]
ROP:  56%|█████▌    | 119742/213608 [09:00<07:03, 221.40it/s]
ROP:  56%|█████▌    | 119800/213608 [09:01<07:03, 221.44it/s]
ROP:  56%|█████▌    | 119858/213608 [09:01<07:03, 221.33it/s]
ROP:  56%|█████▌    | 119869/213608 [09:01<07:03, 221.25it/s]
ROP:  56%|█████▌    | 119880/213608 [09:01<07:03, 221.22it/s]
ROP:  56%|█████▌    | 119980/213608 [09:02<07:02, 221.35it/s]
ROP:  56%|█████▌    | 120080/213608 [09:02<07:02, 221.47it/s]
ROP:  56%|█████▋    | 120180/213608 [09:02<07:01, 221.61it/s]
ROP:  56%|█████▋    | 120280/213608 [09:02<07:00, 221.72it/s]
ROP:  56%|█████▋    | 120380/213608 [09:02<07:00, 221.82it/s]
ROP:  56%|█████▋    | 120480/213608 [09:03<06:59, 221.77it/s]
ROP:  56%|█████▋    | 120529/213608 [09:03<06:59, 221.81it/s]
ROP:  56%|█████▋    | 120578/213608 [09:03<06:59, 221.82it/s]
ROP:  56%|█████▋    | 120659/213608 [09:03<06:58, 221.92it/s]
ROP:  57%|█████▋    | 120740/213608 [09:03<06:58, 221.97it/s]
ROP:  57%|█████▋    | 120821/213608 [09:04<06:57, 222.00it/s]
ROP:  57%|█████▋    | 120918/213608 [09:04<06:57, 222.11it/s]
ROP:  57%|█████▋    | 121015/213608 [09:04<06:56, 222.25it/s]
ROP:  57%|█████▋    | 121112/213608 [09:05<06:56, 222.14it/s]
ROP:  57%|█████▋    | 121144/213608 [09:05<06:56, 222.15it/s]
ROP:  57%|█████▋    | 121176/213608 [09:05<06:56, 222.09it/s]
ROP:  57%|█████▋    | 121217/213608 [09:05<06:55, 222.10it/s]
ROP:  57%|█████▋    | 121284/213608 [09:05<06:55, 222.18it/s]
ROP:  57%|█████▋    | 121351/213608 [09:06<06:55, 222.24it/s]
ROP:  57%|█████▋    | 121418/213608 [09:06<06:54, 222.31it/s]
ROP:  57%|█████▋    | 121485/213608 [09:06<06:54, 222.28it/s]
ROP:  57%|█████▋    | 121552/213608 [09:06<06:54, 222.29it/s]
ROP:  57%|█████▋    | 121619/213608 [09:07<06:53, 222.28it/s]
ROP:  57%|█████▋    | 121752/213608 [09:07<06:52, 222.47it/s]
ROP:  57%|█████▋    | 121885/213608 [09:08<06:53, 222.08it/s]
ROP:  57%|█████▋    | 121894/213608 [09:08<06:53, 222.04it/s]
ROP:  57%|█████▋    | 121903/213608 [09:09<06:53, 221.91it/s]
ROP:  57%|█████▋    | 121952/213608 [09:09<06:52, 221.95it/s]
ROP:  57%|█████▋    | 122001/213608 [09:09<06:52, 221.86it/s]
ROP:  57%|█████▋    | 122050/213608 [09:10<06:52, 221.85it/s]
ROP:  57%|█████▋    | 122099/213608 [09:10<06:52, 221.80it/s]
ROP:  57%|█████▋    | 122148/213608 [09:10<06:52, 221.80it/s]
ROP:  57%|█████▋    | 122197/213608 [09:11<06:52, 221.68it/s]
ROP:  57%|█████▋    | 122222/213608 [09:11<06:52, 221.68it/s]
ROP:  57%|█████▋    | 122267/213608 [09:11<06:52, 221.68it/s]
ROP:  57%|█████▋    | 122312/213608 [09:11<06:51, 221.64it/s]
ROP:  57%|█████▋    | 122357/213608 [09:12<06:51, 221.49it/s]
ROP:  57%|█████▋    | 122464/213608 [09:12<06:51, 221.62it/s]
ROP:  57%|█████▋    | 122571/213608 [09:13<06:51, 221.48it/s]
ROP:  57%|█████▋    | 122588/213608 [09:13<06:50, 221.46it/s]
ROP:  57%|█████▋    | 122605/213608 [09:13<06:50, 221.44it/s]
ROP:  57%|█████▋    | 122635/213608 [09:13<06:50, 221.46it/s]
ROP:  57%|█████▋    | 122665/213608 [09:13<06:50, 221.43it/s]
ROP:  58%|█████▊    | 122865/213608 [09:14<06:49, 221.72it/s]
ROP:  58%|█████▊    | 123065/213608 [09:14<06:48, 221.83it/s]
ROP:  58%|█████▊    | 123116/213608 [09:14<06:47, 221.88it/s]
ROP:  58%|█████▊    | 123167/213608 [09:14<06:47, 221.93it/s]
ROP:  58%|█████▊    | 123218/213608 [09:15<06:47, 221.94it/s]
ROP:  58%|█████▊    | 123269/213608 [09:15<06:47, 221.75it/s]
ROP:  58%|█████▊    | 123277/213608 [09:16<06:47, 221.68it/s]
ROP:  58%|█████▊    | 123285/213608 [09:16<06:47, 221.65it/s]
ROP:  58%|█████▊    | 123293/213608 [09:16<06:47, 221.55it/s]
ROP:  58%|█████▊    | 123301/213608 [09:16<06:47, 221.51it/s]
ROP:  58%|█████▊    | 123421/213608 [09:16<06:46, 221.69it/s]
ROP:  58%|█████▊    | 123541/213608 [09:16<06:46, 221.82it/s]
ROP:  58%|█████▊    | 123661/213608 [09:17<06:45, 221.84it/s]
ROP:  58%|█████▊    | 123781/213608 [09:18<06:45, 221.68it/s]
ROP:  58%|█████▊    | 123794/213608 [09:18<06:45, 221.65it/s]
ROP:  58%|█████▊    | 123813/213608 [09:18<06:45, 221.63it/s]
ROP:  58%|█████▊    | 123889/213608 [09:18<06:44, 221.72it/s]
ROP:  58%|█████▊    | 123965/213608 [09:19<06:44, 221.67it/s]
ROP:  58%|█████▊    | 124041/213608 [09:19<06:44, 221.69it/s]
ROP:  58%|█████▊    | 124117/213608 [09:19<06:43, 221.75it/s]
ROP:  58%|█████▊    | 124267/213608 [09:19<06:42, 221.98it/s]
ROP:  58%|█████▊    | 124417/213608 [09:20<06:41, 222.17it/s]
ROP:  58%|█████▊    | 124567/213608 [09:20<06:40, 222.14it/s]
ROP:  58%|█████▊    | 124588/213608 [09:20<06:40, 222.14it/s]
ROP:  58%|█████▊    | 124657/213608 [09:20<06:40, 222.22it/s]
ROP:  58%|█████▊    | 124726/213608 [09:21<06:40, 222.14it/s]
ROP:  58%|█████▊    | 124755/213608 [09:21<06:39, 222.15it/s]
ROP:  58%|█████▊    | 124784/213608 [09:22<06:40, 221.95it/s]
ROP:  58%|█████▊    | 124793/213608 [09:22<06:40, 221.92it/s]
ROP:  58%|█████▊    | 124888/213608 [09:22<06:39, 222.03it/s]
ROP:  59%|█████▊    | 124983/213608 [09:23<06:39, 221.94it/s]
ROP:  59%|█████▊    | 125014/213608 [09:23<06:39, 221.96it/s]
ROP:  59%|█████▊    | 125045/213608 [09:23<06:38, 221.97it/s]
ROP:  59%|█████▊    | 125076/213608 [09:23<06:39, 221.88it/s]
ROP:  59%|█████▊    | 125126/213608 [09:23<06:38, 221.93it/s]
ROP:  59%|█████▊    | 125176/213608 [09:23<06:38, 221.97it/s]
ROP:  59%|█████▊    | 125226/213608 [09:24<06:38, 221.97it/s]
ROP:  59%|█████▊    | 125276/213608 [09:24<06:37, 221.98it/s]
ROP:  59%|█████▊    | 125326/213608 [09:25<06:38, 221.76it/s]
ROP:  59%|█████▉    | 125533/213608 [09:25<06:36, 222.07it/s]
ROP:  59%|█████▉    | 125740/213608 [09:26<06:35, 222.04it/s]
ROP:  59%|█████▉    | 125835/213608 [09:26<06:35, 222.17it/s]
ROP:  59%|█████▉    | 125999/213608 [09:26<06:33, 222.41it/s]
ROP:  59%|█████▉    | 126163/213608 [09:26<06:32, 222.58it/s]
ROP:  59%|█████▉    | 126327/213608 [09:27<06:31, 222.67it/s]
ROP:  59%|█████▉    | 126420/213608 [09:27<06:31, 222.78it/s]
ROP:  59%|█████▉    | 126559/213608 [09:27<06:30, 222.97it/s]
ROP:  59%|█████▉    | 126698/213608 [09:27<06:29, 223.15it/s]
ROP:  59%|█████▉    | 126856/213608 [09:27<06:28, 223.38it/s]
ROP:  59%|█████▉    | 127014/213608 [09:28<06:27, 223.38it/s]
ROP:  59%|█████▉    | 127037/213608 [09:28<06:27, 223.28it/s]
ROP:  59%|█████▉    | 127060/213608 [09:29<06:27, 223.25it/s]
ROP:  60%|█████▉    | 127165/213608 [09:29<06:26, 223.39it/s]
ROP:  60%|█████▉    | 127270/213608 [09:29<06:26, 223.34it/s]
ROP:  60%|█████▉    | 127351/213608 [09:29<06:26, 223.44it/s]
ROP:  60%|█████▉    | 127432/213608 [09:30<06:25, 223.39it/s]
ROP:  60%|█████▉    | 127513/213608 [09:30<06:25, 223.44it/s]
ROP:  60%|█████▉    | 127594/213608 [09:30<06:24, 223.49it/s]
ROP:  60%|█████▉    | 127675/213608 [09:31<06:24, 223.43it/s]
ROP:  60%|█████▉    | 127767/213608 [09:31<06:24, 223.53it/s]
ROP:  60%|█████▉    | 127859/213608 [09:32<06:23, 223.40it/s]
ROP:  60%|█████▉    | 128007/213608 [09:32<06:22, 223.61it/s]
ROP:  60%|█████▉    | 128155/213608 [09:33<06:22, 223.63it/s]
ROP:  60%|██████    | 128212/213608 [09:33<06:21, 223.69it/s]
ROP:  60%|██████    | 128269/213608 [09:33<06:21, 223.71it/s]
ROP:  60%|██████    | 128326/213608 [09:33<06:21, 223.63it/s]
ROP:  60%|██████    | 128383/213608 [09:33<06:21, 223.67it/s]
ROP:  60%|██████    | 128553/213608 [09:34<06:19, 223.93it/s]
ROP:  60%|██████    | 128723/213608 [09:34<06:18, 224.14it/s]
ROP:  60%|██████    | 128893/213608 [09:34<06:17, 224.38it/s]
ROP:  60%|██████    | 129063/213608 [09:35<06:17, 224.26it/s]
ROP:  60%|██████    | 129103/213608 [09:35<06:16, 224.28it/s]
ROP:  60%|██████    | 129143/213608 [09:35<06:16, 224.31it/s]
ROP:  61%|██████    | 129256/213608 [09:35<06:15, 224.46it/s]
ROP:  61%|██████    | 129369/213608 [09:35<06:15, 224.60it/s]
ROP:  61%|██████    | 129482/213608 [09:36<06:14, 224.64it/s]
ROP:  61%|██████    | 129595/213608 [09:36<06:13, 224.76it/s]
ROP:  61%|██████    | 129708/213608 [09:36<06:13, 224.86it/s]
ROP:  61%|██████    | 129821/213608 [09:37<06:12, 224.89it/s]
ROP:  61%|██████    | 129934/213608 [09:37<06:11, 225.01it/s]
ROP:  61%|██████    | 130047/213608 [09:37<06:11, 225.11it/s]
ROP:  61%|██████    | 130160/213608 [09:37<06:10, 225.22it/s]
ROP:  61%|██████    | 130273/213608 [09:38<06:10, 225.20it/s]
ROP:  61%|██████    | 130525/213608 [09:38<06:08, 225.56it/s]
ROP:  61%|██████    | 130777/213608 [09:39<06:07, 225.62it/s]
ROP:  61%|██████▏   | 130919/213608 [09:39<06:06, 225.81it/s]
ROP:  61%|██████▏   | 131061/213608 [09:40<06:05, 225.94it/s]
ROP:  61%|██████▏   | 131203/213608 [09:40<06:04, 226.05it/s]
ROP:  61%|██████▏   | 131345/213608 [09:41<06:04, 225.92it/s]
ROP:  61%|██████▏   | 131360/213608 [09:41<06:04, 225.89it/s]
ROP:  62%|██████▏   | 131441/213608 [09:41<06:03, 225.99it/s]
ROP:  62%|██████▏   | 131571/213608 [09:41<06:02, 226.17it/s]
ROP:  62%|██████▏   | 131701/213608 [09:42<06:02, 226.16it/s]
ROP:  62%|██████▏   | 131770/213608 [09:42<06:01, 226.22it/s]
ROP:  62%|██████▏   | 131839/213608 [09:42<06:01, 226.28it/s]
ROP:  62%|██████▏   | 131908/213608 [09:42<06:00, 226.34it/s]
ROP:  62%|██████▏   | 131977/213608 [09:43<06:00, 226.37it/s]
ROP:  62%|██████▏   | 132046/213608 [09:43<06:00, 226.42it/s]
ROP:  62%|██████▏   | 132115/213608 [09:44<06:00, 226.00it/s]
ROP:  62%|██████▏   | 132120/213608 [09:44<06:00, 225.97it/s]
ROP:  62%|██████▏   | 132132/213608 [09:44<06:00, 225.94it/s]
ROP:  62%|██████▏   | 132158/213608 [09:44<06:00, 225.94it/s]
ROP:  62%|██████▏   | 132184/213608 [09:45<06:00, 225.88it/s]
ROP:  62%|██████▏   | 132234/213608 [09:45<06:00, 225.91it/s]
ROP:  62%|██████▏   | 132284/213608 [09:46<06:00, 225.65it/s]
ROP:  62%|██████▏   | 132290/213608 [09:46<06:00, 225.60it/s]
ROP:  62%|██████▏   | 132349/213608 [09:46<06:00, 225.66it/s]
ROP:  62%|██████▏   | 132408/213608 [09:46<05:59, 225.69it/s]
ROP:  62%|██████▏   | 132467/213608 [09:46<05:59, 225.75it/s]
ROP:  62%|██████▏   | 132552/213608 [09:46<05:58, 225.84it/s]
ROP:  62%|██████▏   | 132637/213608 [09:48<05:59, 225.34it/s]
ROP:  62%|██████▏   | 132651/213608 [09:48<05:59, 225.32it/s]
ROP:  62%|██████▏   | 132665/213608 [09:48<05:59, 225.27it/s]
ROP:  62%|██████▏   | 132681/213608 [09:49<05:59, 225.24it/s]
ROP:  62%|██████▏   | 132697/213608 [09:49<05:59, 225.19it/s]
ROP:  62%|██████▏   | 132713/213608 [09:49<05:59, 225.09it/s]
ROP:  62%|██████▏   | 132729/213608 [09:49<05:59, 225.07it/s]
ROP:  62%|██████▏   | 132745/213608 [09:49<05:59, 225.02it/s]
ROP:  62%|██████▏   | 132761/213608 [09:50<05:59, 225.00it/s]
ROP:  62%|██████▏   | 132777/213608 [09:50<05:59, 224.95it/s]
ROP:  62%|██████▏   | 132793/213608 [09:50<05:59, 224.87it/s]
ROP:  62%|██████▏   | 132817/213608 [09:50<05:59, 224.86it/s]
ROP:  62%|██████▏   | 132841/213608 [09:50<05:59, 224.83it/s]
ROP:  62%|██████▏   | 132865/213608 [09:51<05:59, 224.74it/s]
ROP:  62%|██████▏   | 132889/213608 [09:51<05:59, 224.68it/s]
ROP:  62%|██████▏   | 132914/213608 [09:51<05:59, 224.68it/s]
ROP:  62%|██████▏   | 132939/213608 [09:51<05:59, 224.62it/s]
ROP:  62%|██████▏   | 132964/213608 [09:52<05:59, 224.53it/s]
ROP:  62%|██████▏   | 132999/213608 [09:52<05:58, 224.54it/s]
ROP:  62%|██████▏   | 133034/213608 [09:52<05:59, 224.39it/s]
ROP:  62%|██████▏   | 133055/213608 [09:52<05:58, 224.38it/s]
ROP:  62%|██████▏   | 133076/213608 [09:53<05:58, 224.35it/s]
ROP:  62%|██████▏   | 133124/213608 [09:53<05:58, 224.38it/s]
ROP:  62%|██████▏   | 133172/213608 [09:54<05:58, 224.19it/s]
ROP:  62%|██████▏   | 133209/213608 [09:54<05:58, 224.22it/s]
ROP:  62%|██████▏   | 133246/213608 [09:54<05:58, 224.23it/s]
ROP:  62%|██████▏   | 133376/213608 [09:54<05:57, 224.41it/s]
ROP:  63%|██████▎   | 133506/213608 [09:54<05:56, 224.58it/s]
ROP:  63%|██████▎   | 133682/213608 [09:54<05:55, 224.84it/s]
ROP:  63%|██████▎   | 133858/213608 [09:54<05:54, 225.00it/s]
ROP:  63%|██████▎   | 134034/213608 [09:55<05:53, 225.25it/s]
ROP:  63%|██████▎   | 134285/213608 [09:55<05:51, 225.63it/s]
ROP:  63%|██████▎   | 134536/213608 [09:55<05:50, 225.73it/s]
ROP:  63%|██████▎   | 134721/213608 [09:56<05:49, 226.01it/s]
ROP:  63%|██████▎   | 134906/213608 [09:56<05:47, 226.16it/s]
ROP:  63%|██████▎   | 135091/213608 [09:56<05:46, 226.39it/s]
ROP:  63%|██████▎   | 135276/213608 [09:56<05:45, 226.64it/s]
ROP:  63%|██████▎   | 135461/213608 [09:57<05:44, 226.75it/s]
ROP:  63%|██████▎   | 135496/213608 [09:57<05:44, 226.70it/s]
ROP:  63%|██████▎   | 135531/213608 [09:57<05:44, 226.70it/s]
ROP:  63%|██████▎   | 135566/213608 [09:58<05:44, 226.58it/s]
ROP:  63%|██████▎   | 135601/213608 [09:58<05:44, 226.57it/s]
ROP:  63%|██████▎   | 135636/213608 [09:58<05:44, 226.56it/s]
ROP:  64%|██████▎   | 135671/213608 [09:59<05:44, 226.46it/s]
ROP:  64%|██████▎   | 135746/213608 [09:59<05:43, 226.54it/s]
ROP:  64%|██████▎   | 135821/213608 [09:59<05:43, 226.54it/s]
ROP:  64%|██████▎   | 135896/213608 [10:00<05:43, 226.40it/s]
ROP:  64%|██████▎   | 135911/213608 [10:00<05:43, 226.38it/s]
ROP:  64%|██████▎   | 135926/213608 [10:00<05:43, 226.30it/s]
ROP:  64%|██████▎   | 136011/213608 [10:00<05:42, 226.39it/s]
ROP:  64%|██████▎   | 136096/213608 [10:00<05:42, 226.47it/s]
ROP:  64%|██████▍   | 136205/213608 [10:01<05:41, 226.60it/s]
ROP:  64%|██████▍   | 136314/213608 [10:01<05:40, 226.67it/s]
ROP:  64%|██████▍   | 136423/213608 [10:02<05:40, 226.58it/s]
ROP:  64%|██████▍   | 136542/213608 [10:02<05:39, 226.73it/s]
ROP:  64%|██████▍   | 136661/213608 [10:02<05:39, 226.86it/s]
ROP:  64%|██████▍   | 136780/213608 [10:02<05:38, 226.87it/s]
ROP:  64%|██████▍   | 136899/213608 [10:03<05:37, 226.98it/s]
ROP:  64%|██████▍   | 137018/213608 [10:03<05:37, 227.11it/s]
ROP:  64%|██████▍   | 137137/213608 [10:03<05:36, 227.22it/s]
ROP:  64%|██████▍   | 137256/213608 [10:03<05:35, 227.36it/s]
ROP:  64%|██████▍   | 137375/213608 [10:03<05:35, 227.46it/s]
ROP:  64%|██████▍   | 137494/213608 [10:04<05:34, 227.55it/s]
ROP:  64%|██████▍   | 137613/213608 [10:04<05:33, 227.62it/s]
ROP:  64%|██████▍   | 137732/213608 [10:04<05:33, 227.75it/s]
ROP:  65%|██████▍   | 137851/213608 [10:05<05:32, 227.60it/s]
ROP:  65%|██████▍   | 137864/213608 [10:05<05:32, 227.57it/s]
ROP:  65%|██████▍   | 137877/213608 [10:06<05:32, 227.45it/s]
ROP:  65%|██████▍   | 137899/213608 [10:06<05:32, 227.40it/s]
ROP:  65%|██████▍   | 137921/213608 [10:06<05:33, 227.25it/s]
ROP:  65%|██████▍   | 137948/213608 [10:07<05:32, 227.26it/s]
ROP:  65%|██████▍   | 138034/213608 [10:07<05:32, 227.36it/s]
ROP:  65%|██████▍   | 138120/213608 [10:07<05:32, 227.36it/s]
ROP:  65%|██████▍   | 138206/213608 [10:08<05:32, 227.09it/s]
ROP:  65%|██████▍   | 138216/213608 [10:08<05:32, 227.05it/s]
ROP:  65%|██████▍   | 138230/213608 [10:08<05:32, 227.02it/s]
ROP:  65%|██████▍   | 138244/213608 [10:09<05:32, 226.99it/s]
ROP:  65%|██████▍   | 138258/213608 [10:09<05:32, 226.96it/s]
ROP:  65%|██████▍   | 138274/213608 [10:09<05:31, 226.93it/s]
ROP:  65%|██████▍   | 138290/213608 [10:09<05:31, 226.89it/s]
ROP:  65%|██████▍   | 138306/213608 [10:09<05:31, 226.82it/s]
ROP:  65%|██████▍   | 138322/213608 [10:09<05:31, 226.79it/s]
ROP:  65%|██████▍   | 138338/213608 [10:10<05:31, 226.76it/s]
ROP:  65%|██████▍   | 138354/213608 [10:10<05:31, 226.71it/s]
ROP:  65%|██████▍   | 138407/213608 [10:10<05:31, 226.75it/s]
ROP:  65%|██████▍   | 138460/213608 [10:11<05:31, 226.61it/s]
ROP:  65%|██████▍   | 138469/213608 [10:11<05:31, 226.54it/s]
ROP:  65%|██████▍   | 138478/213608 [10:11<05:31, 226.47it/s]
ROP:  65%|██████▍   | 138505/213608 [10:11<05:31, 226.46it/s]
ROP:  65%|██████▍   | 138532/213608 [10:11<05:31, 226.47it/s]
ROP:  65%|██████▍   | 138559/213608 [10:11<05:31, 226.47it/s]
ROP:  65%|██████▍   | 138586/213608 [10:12<05:31, 226.36it/s]
ROP:  65%|██████▍   | 138644/213608 [10:12<05:31, 226.41it/s]
ROP:  65%|██████▍   | 138785/213608 [10:12<05:30, 226.60it/s]
ROP:  65%|██████▌   | 138926/213608 [10:12<05:29, 226.79it/s]
ROP:  65%|██████▌   | 139067/213608 [10:12<05:28, 226.92it/s]
ROP:  65%|██████▌   | 139208/213608 [10:13<05:27, 226.98it/s]
ROP:  65%|██████▌   | 139349/213608 [10:13<05:27, 226.96it/s]
ROP:  65%|██████▌   | 139455/213608 [10:14<05:26, 227.09it/s]
ROP:  65%|██████▌   | 139561/213608 [10:14<05:25, 227.17it/s]
ROP:  65%|██████▌   | 139667/213608 [10:15<05:25, 226.96it/s]
ROP:  65%|██████▌   | 139678/213608 [10:15<05:25, 226.86it/s]
ROP:  65%|██████▌   | 139696/213608 [10:15<05:25, 226.85it/s]
ROP:  65%|██████▌   | 139714/213608 [10:16<05:25, 226.79it/s]
ROP:  65%|██████▌   | 139732/213608 [10:16<05:25, 226.74it/s]
ROP:  65%|██████▌   | 139750/213608 [10:16<05:25, 226.59it/s]
ROP:  65%|██████▌   | 139768/213608 [10:16<05:25, 226.58it/s]
ROP:  65%|██████▌   | 139786/213608 [10:17<05:25, 226.55it/s]
ROP:  65%|██████▌   | 139804/213608 [10:17<05:25, 226.41it/s]
ROP:  65%|██████▌   | 139834/213608 [10:17<05:25, 226.42it/s]
ROP:  65%|██████▌   | 139872/213608 [10:17<05:25, 226.43it/s]
ROP:  65%|██████▌   | 139910/213608 [10:18<05:25, 226.37it/s]
ROP:  66%|██████▌   | 139985/213608 [10:18<05:25, 226.45it/s]
ROP:  66%|██████▌   | 140107/213608 [10:18<05:24, 226.59it/s]
ROP:  66%|██████▌   | 140229/213608 [10:18<05:23, 226.56it/s]
ROP:  66%|██████▌   | 140392/213608 [10:19<05:22, 226.78it/s]
ROP:  66%|██████▌   | 140555/213608 [10:19<05:22, 226.87it/s]
ROP:  66%|██████▌   | 140718/213608 [10:19<05:21, 226.98it/s]
ROP:  66%|██████▌   | 140881/213608 [10:20<05:20, 227.19it/s]
ROP:  66%|██████▌   | 141044/213608 [10:20<05:19, 227.36it/s]
ROP:  66%|██████▌   | 141262/213608 [10:20<05:17, 227.67it/s]
ROP:  66%|██████▋   | 141559/213608 [10:20<05:15, 228.10it/s]
ROP:  66%|██████▋   | 141856/213608 [10:21<05:14, 228.25it/s]
ROP:  66%|██████▋   | 141890/213608 [10:21<05:14, 228.21it/s]
ROP:  66%|██████▋   | 141951/213608 [10:21<05:13, 228.26it/s]
ROP:  67%|██████▋   | 142085/213608 [10:21<05:13, 228.44it/s]
ROP:  67%|██████▋   | 142219/213608 [10:22<05:12, 228.52it/s]
ROP:  67%|██████▋   | 142353/213608 [10:22<05:11, 228.59it/s]
ROP:  67%|██████▋   | 142487/213608 [10:23<05:11, 228.62it/s]
ROP:  67%|██████▋   | 142678/213608 [10:23<05:09, 228.88it/s]
ROP:  67%|██████▋   | 142869/213608 [10:23<05:08, 229.07it/s]
ROP:  67%|██████▋   | 143060/213608 [10:24<05:08, 229.00it/s]
ROP:  67%|██████▋   | 143084/213608 [10:24<05:07, 228.98it/s]
ROP:  67%|██████▋   | 143127/213608 [10:24<05:07, 229.01it/s]
ROP:  67%|██████▋   | 143170/213608 [10:25<05:07, 228.80it/s]
ROP:  67%|██████▋   | 143326/213608 [10:25<05:06, 229.01it/s]
ROP:  67%|██████▋   | 143482/213608 [10:26<05:05, 229.20it/s]
ROP:  67%|██████▋   | 143638/213608 [10:26<05:05, 229.35it/s]ERROR    | 2026-10-02 14:01:16,653 | angr.state_plugins.posix | Trying to close a symbolic file descriptor
ERROR    | 2026-10-02 14:01:17,042 | angr.state_plugins.posix | Trying to close a symbolic file descriptor
ERROR    | 2026-10-02 14:01:17,170 | angr.state_plugins.posix | Trying to close a symbolic file descriptor

ROP:  67%|██████▋   | 143794/213608 [10:27<05:04, 229.02it/s]
ROP:  67%|██████▋   | 143872/213608 [10:27<05:04, 229.10it/s]
ROP:  67%|██████▋   | 143950/213608 [10:28<05:04, 229.11it/s]
ROP:  67%|██████▋   | 144028/213608 [10:28<05:03, 229.05it/s]
ROP:  67%|██████▋   | 144053/213608 [10:28<05:03, 229.04it/s]
ROP:  67%|██████▋   | 144078/213608 [10:29<05:03, 228.79it/s]
ROP:  67%|██████▋   | 144133/213608 [10:29<05:03, 228.82it/s]
ROP:  68%|██████▊   | 144188/213608 [10:30<05:03, 228.83it/s]
ROP:  68%|██████▊   | 144243/213608 [10:30<05:03, 228.76it/s]
ROP:  68%|██████▊   | 144298/213608 [10:30<05:02, 228.76it/s]
ROP:  68%|██████▊   | 144423/213608 [10:30<05:02, 228.90it/s]
ROP:  68%|██████▊   | 144548/213608 [10:31<05:01, 228.96it/s]
ROP:  68%|██████▊   | 144673/213608 [10:31<05:01, 228.97it/s]
ROP:  68%|██████▊   | 144697/213608 [10:32<05:01, 228.92it/s]
ROP:  68%|██████▊   | 144739/213608 [10:32<05:00, 228.95it/s]
ROP:  68%|██████▊   | 144781/213608 [10:32<05:00, 228.90it/s]
ROP:  68%|██████▊   | 144823/213608 [10:33<05:00, 228.59it/s]
ROP:  68%|██████▊   | 144829/213608 [10:33<05:00, 228.55it/s]
ROP:  68%|██████▊   | 144846/213608 [10:33<05:00, 228.54it/s]
ROP:  68%|██████▊   | 144863/213608 [10:34<05:01, 228.33it/s]
ROP:  68%|██████▊   | 144907/213608 [10:34<05:00, 228.35it/s]
ROP:  68%|██████▊   | 144951/213608 [10:35<05:01, 228.04it/s]
ROP:  68%|██████▊   | 144975/213608 [10:35<05:00, 228.03it/s]
ROP:  68%|██████▊   | 144999/213608 [10:35<05:00, 227.99it/s]
ROP:  68%|██████▊   | 145023/213608 [10:36<05:00, 227.94it/s]
ROP:  68%|██████▊   | 145047/213608 [10:36<05:00, 227.81it/s]
ROP:  68%|██████▊   | 145093/213608 [10:36<05:00, 227.84it/s]
ROP:  68%|██████▊   | 145139/213608 [10:37<05:00, 227.84it/s]
ROP:  68%|██████▊   | 145185/213608 [10:37<05:00, 227.78it/s]
ROP:  68%|██████▊   | 145231/213608 [10:38<05:00, 227.60it/s]
ROP:  68%|██████▊   | 145290/213608 [10:38<05:00, 227.63it/s]
ROP:  68%|██████▊   | 145349/213608 [10:38<04:59, 227.65it/s]
ROP:  68%|██████▊   | 145408/213608 [10:38<04:59, 227.62it/s]
ROP:  68%|██████▊   | 145491/213608 [10:38<04:59, 227.71it/s]
ROP:  68%|██████▊   | 145574/213608 [10:39<04:58, 227.78it/s]
ROP:  68%|██████▊   | 145662/213608 [10:39<04:58, 227.88it/s]
ROP:  68%|██████▊   | 145662/213608 [10:40<04:58, 227.59it/s]
ROP:  68%|██████▊   | 145697/213608 [10:40<04:58, 227.64it/s]
ROP:  68%|██████▊   | 145786/213608 [10:40<04:57, 227.73it/s]
ROP:  68%|██████▊   | 145875/213608 [10:40<04:57, 227.81it/s]
ROP:  68%|██████▊   | 145978/213608 [10:40<04:56, 227.93it/s]
ROP:  68%|██████▊   | 146116/213608 [10:40<04:55, 228.09it/s]
ROP:  68%|██████▊   | 146254/213608 [10:41<04:55, 228.14it/s]
ROP:  69%|██████▊   | 146392/213608 [10:41<04:54, 228.15it/s]
ROP:  69%|██████▊   | 146475/213608 [10:41<04:54, 228.24it/s]
ROP:  69%|██████▊   | 146558/213608 [10:41<04:53, 228.29it/s]
ROP:  69%|██████▊   | 146641/213608 [10:42<04:53, 228.12it/s]
ROP:  69%|██████▊   | 146708/213608 [10:42<04:53, 228.19it/s]
ROP:  69%|██████▊   | 146775/213608 [10:43<04:52, 228.17it/s]
ROP:  69%|██████▊   | 146842/213608 [10:43<04:52, 228.20it/s]
ROP:  69%|██████▉   | 146909/213608 [10:43<04:52, 228.23it/s]
ROP:  69%|██████▉   | 146976/213608 [10:43<04:51, 228.29it/s]
ROP:  69%|██████▉   | 147043/213608 [10:43<04:51, 228.35it/s]
ROP:  69%|██████▉   | 147110/213608 [10:44<04:51, 228.18it/s]
ROP:  69%|██████▉   | 147142/213608 [10:44<04:51, 228.19it/s]
ROP:  69%|██████▉   | 147308/213608 [10:44<04:50, 228.41it/s]
ROP:  69%|██████▉   | 147474/213608 [10:45<04:49, 228.51it/s]
ROP:  69%|██████▉   | 147640/213608 [10:46<04:48, 228.46it/s]
ROP:  69%|██████▉   | 147660/213608 [10:46<04:48, 228.44it/s]
ROP:  69%|██████▉   | 147692/213608 [10:46<04:48, 228.44it/s]
ROP:  69%|██████▉   | 147731/213608 [10:46<04:48, 228.46it/s]
ROP:  69%|██████▉   | 147770/213608 [10:47<04:48, 228.36it/s]
ROP:  69%|██████▉   | 147809/213608 [10:47<04:48, 228.34it/s]
ROP:  69%|██████▉   | 147859/213608 [10:47<04:47, 228.38it/s]
ROP:  69%|██████▉   | 147909/213608 [10:47<04:47, 228.37it/s]
ROP:  69%|██████▉   | 147959/213608 [10:48<04:47, 228.08it/s]
ROP:  69%|██████▉   | 148006/213608 [10:48<04:47, 228.12it/s]
ROP:  69%|██████▉   | 148071/213608 [10:48<04:47, 228.18it/s]
ROP:  69%|██████▉   | 148136/213608 [10:49<04:46, 228.13it/s]
ROP:  69%|██████▉   | 148201/213608 [10:49<04:46, 228.14it/s]
ROP:  69%|██████▉   | 148266/213608 [10:49<04:46, 228.16it/s]
ROP:  69%|██████▉   | 148331/213608 [10:50<04:46, 228.18it/s]
ROP:  69%|██████▉   | 148396/213608 [10:50<04:45, 228.11it/s]
ROP:  70%|██████▉   | 148461/213608 [10:50<04:45, 228.14it/s]
ROP:  70%|██████▉   | 148532/213608 [10:50<04:45, 228.20it/s]
ROP:  70%|██████▉   | 148603/213608 [10:51<04:44, 228.23it/s]
ROP:  70%|██████▉   | 148674/213608 [10:51<04:44, 228.29it/s]
ROP:  70%|██████▉   | 148780/213608 [10:51<04:43, 228.39it/s]
ROP:  70%|██████▉   | 148886/213608 [10:51<04:43, 228.46it/s]
ROP:  70%|██████▉   | 148992/213608 [10:52<04:42, 228.49it/s]
ROP:  70%|██████▉   | 149098/213608 [10:52<04:42, 228.55it/s]
ROP:  70%|██████▉   | 149204/213608 [10:52<04:41, 228.65it/s]
ROP:  70%|██████▉   | 149310/213608 [10:52<04:41, 228.74it/s]
ROP:  70%|██████▉   | 149416/213608 [10:53<04:40, 228.72it/s]
ROP:  70%|██████▉   | 149436/213608 [10:53<04:40, 228.56it/s]
ROP:  70%|██████▉   | 149440/213608 [10:53<04:40, 228.51it/s]
ROP:  70%|██████▉   | 149499/213608 [10:54<04:40, 228.56it/s]
ROP:  70%|███████   | 149593/213608 [10:54<04:39, 228.66it/s]
ROP:  70%|███████   | 149722/213608 [10:54<04:39, 228.82it/s]
ROP:  70%|███████   | 149851/213608 [10:54<04:38, 228.89it/s]
ROP:  70%|███████   | 149980/213608 [10:54<04:37, 228.98it/s]
ROP:  70%|███████   | 150109/213608 [10:55<04:37, 228.86it/s]
ROP:  70%|███████   | 150173/213608 [10:55<04:37, 228.92it/s]
ROP:  70%|███████   | 150256/213608 [10:56<04:36, 229.00it/s]
ROP:  70%|███████   | 150339/213608 [10:56<04:36, 228.99it/s]
ROP:  70%|███████   | 150422/213608 [10:56<04:35, 229.04it/s]
ROP:  70%|███████   | 150505/213608 [10:57<04:35, 228.91it/s]
ROP:  70%|███████   | 150528/213608 [10:57<04:35, 228.91it/s]
ROP:  70%|███████   | 150553/213608 [10:57<04:35, 228.90it/s]
ROP:  70%|███████   | 150585/213608 [10:57<04:35, 228.92it/s]
ROP:  71%|███████   | 150627/213608 [10:57<04:35, 228.94it/s]
ROP:  71%|███████   | 150669/213608 [10:58<04:35, 228.87it/s]
ROP:  71%|███████   | 150711/213608 [10:58<04:34, 228.86it/s]
ROP:  71%|███████   | 150753/213608 [10:58<04:34, 228.84it/s]
ROP:  71%|███████   | 150817/213608 [10:58<04:34, 228.90it/s]
ROP:  71%|███████   | 150893/213608 [10:59<04:33, 228.96it/s]
ROP:  71%|███████   | 150969/213608 [10:59<04:33, 229.01it/s]
ROP:  71%|███████   | 151045/213608 [10:59<04:33, 229.07it/s]
ROP:  71%|███████   | 151225/213608 [10:59<04:32, 229.31it/s]
ROP:  71%|███████   | 151225/213608 [11:00<04:32, 229.12it/s]
ROP:  71%|███████   | 151378/213608 [11:00<04:31, 229.34it/s]
ROP:  71%|███████   | 151405/213608 [11:00<04:31, 229.34it/s]
ROP:  71%|███████   | 151486/213608 [11:00<04:30, 229.43it/s]
ROP:  71%|███████   | 151567/213608 [11:00<04:30, 229.32it/s]
ROP:  71%|███████   | 151608/213608 [11:01<04:30, 229.33it/s]
ROP:  71%|███████   | 151649/213608 [11:01<04:30, 229.17it/s]
ROP:  71%|███████   | 151716/213608 [11:01<04:29, 229.23it/s]
ROP:  71%|███████   | 151783/213608 [11:02<04:29, 229.25it/s]
ROP:  71%|███████   | 151850/213608 [11:02<04:29, 229.31it/s]
ROP:  71%|███████   | 151917/213608 [11:02<04:29, 229.28it/s]
ROP:  71%|███████   | 151984/213608 [11:02<04:28, 229.28it/s]
ROP:  71%|███████   | 152051/213608 [11:03<04:28, 229.14it/s]
ROP:  71%|███████   | 152154/213608 [11:03<04:28, 229.26it/s]
ROP:  71%|███████▏  | 152287/213608 [11:03<04:27, 229.41it/s]
ROP:  71%|███████▏  | 152420/213608 [11:04<04:26, 229.52it/s]
ROP:  71%|███████▏  | 152622/213608 [11:04<04:25, 229.79it/s]
ROP:  72%|███████▏  | 152824/213608 [11:05<04:24, 229.79it/s]
ROP:  72%|███████▏  | 152875/213608 [11:05<04:24, 229.81it/s]
ROP:  72%|███████▏  | 152926/213608 [11:05<04:24, 229.83it/s]
ROP:  72%|███████▏  | 152977/213608 [11:05<04:23, 229.87it/s]
ROP:  72%|███████▏  | 153028/213608 [11:05<04:23, 229.88it/s]
ROP:  72%|███████▏  | 153079/213608 [11:05<04:23, 229.87it/s]
ROP:  72%|███████▏  | 153130/213608 [11:06<04:23, 229.88it/s]
ROP:  72%|███████▏  | 153181/213608 [11:06<04:22, 229.91it/s]
ROP:  72%|███████▏  | 153263/213608 [11:06<04:22, 230.00it/s]
ROP:  72%|███████▏  | 153345/213608 [11:06<04:21, 230.08it/s]
ROP:  72%|███████▏  | 153427/213608 [11:06<04:21, 230.10it/s]
ROP:  72%|███████▏  | 153509/213608 [11:07<04:21, 230.08it/s]
ROP:  72%|███████▏  | 153591/213608 [11:08<04:21, 229.87it/s]
ROP:  72%|███████▏  | 153661/213608 [11:08<04:20, 229.93it/s]
ROP:  72%|███████▏  | 153731/213608 [11:08<04:20, 229.91it/s]
ROP:  72%|███████▏  | 153818/213608 [11:08<04:19, 230.00it/s]
ROP:  72%|███████▏  | 153905/213608 [11:09<04:19, 230.05it/s]
ROP:  72%|███████▏  | 153992/213608 [11:09<04:19, 230.11it/s]
ROP:  72%|███████▏  | 154079/213608 [11:09<04:18, 230.19it/s]
ROP:  72%|███████▏  | 154166/213608 [11:09<04:18, 230.25it/s]
ROP:  72%|███████▏  | 154319/213608 [11:09<04:17, 230.43it/s]
ROP:  72%|███████▏  | 154472/213608 [11:09<04:16, 230.60it/s]
ROP:  72%|███████▏  | 154625/213608 [11:10<04:15, 230.77it/s]
ROP:  72%|███████▏  | 154778/213608 [11:10<04:14, 230.86it/s]
ROP:  73%|███████▎  | 154931/213608 [11:10<04:13, 231.02it/s]
ROP:  73%|███████▎  | 155084/213608 [11:10<04:13, 231.20it/s]
ROP:  73%|███████▎  | 155240/213608 [11:11<04:12, 231.31it/s]
ROP:  73%|███████▎  | 155396/213608 [11:11<04:11, 231.46it/s]
ROP:  73%|███████▎  | 155627/213608 [11:11<04:10, 231.76it/s]
ROP:  73%|███████▎  | 155858/213608 [11:12<04:09, 231.92it/s]
ROP:  73%|███████▎  | 156024/213608 [11:12<04:08, 232.13it/s]
ROP:  73%|███████▎  | 156285/213608 [11:12<04:06, 232.49it/s]
ROP:  73%|███████▎  | 156546/213608 [11:12<04:05, 232.64it/s]
ROP:  73%|███████▎  | 156586/213608 [11:13<04:05, 232.62it/s]
ROP:  73%|███████▎  | 156626/213608 [11:13<04:05, 232.55it/s]
ROP:  73%|███████▎  | 156666/213608 [11:13<04:04, 232.57it/s]
ROP:  73%|███████▎  | 156706/213608 [11:13<04:04, 232.55it/s]
ROP:  73%|███████▎  | 156746/213608 [11:14<04:04, 232.53it/s]
ROP:  73%|███████▎  | 156786/213608 [11:14<04:04, 232.55it/s]
ROP:  73%|███████▎  | 156826/213608 [11:14<04:04, 232.53it/s]
ROP:  73%|███████▎  | 156871/213608 [11:14<04:03, 232.55it/s]
ROP:  73%|███████▎  | 156916/213608 [11:14<04:03, 232.56it/s]
ROP:  73%|███████▎  | 156961/213608 [11:14<04:03, 232.59it/s]
ROP:  74%|███████▎  | 157006/213608 [11:15<04:03, 232.55it/s]
ROP:  74%|███████▎  | 157103/213608 [11:15<04:02, 232.65it/s]
ROP:  74%|███████▎  | 157200/213608 [11:15<04:02, 232.63it/s]
ROP:  74%|███████▎  | 157323/213608 [11:15<04:01, 232.76it/s]
ROP:  74%|███████▎  | 157446/213608 [11:17<04:01, 232.50it/s]
ROP:  74%|███████▎  | 157456/213608 [11:17<04:01, 232.46it/s]
ROP:  74%|███████▎  | 157466/213608 [11:17<04:01, 232.43it/s]
ROP:  74%|███████▎  | 157506/213608 [11:17<04:01, 232.45it/s]
ROP:  74%|███████▍  | 157546/213608 [11:17<04:01, 232.45it/s]
ROP:  74%|███████▍  | 157586/213608 [11:17<04:00, 232.47it/s]
ROP:  74%|███████▍  | 157626/213608 [11:18<04:00, 232.46it/s]
ROP:  74%|███████▍  | 157666/213608 [11:18<04:00, 232.44it/s]
ROP:  74%|███████▍  | 157706/213608 [11:18<04:00, 232.35it/s]
ROP:  74%|███████▍  | 157746/213608 [11:19<04:00, 232.31it/s]
ROP:  74%|███████▍  | 157786/213608 [11:19<04:00, 232.34it/s]
ROP:  74%|███████▍  | 157826/213608 [11:19<04:00, 232.33it/s]
ROP:  74%|███████▍  | 157866/213608 [11:19<03:59, 232.35it/s]
ROP:  74%|███████▍  | 157906/213608 [11:19<03:59, 232.35it/s]
ROP:  74%|███████▍  | 157946/213608 [11:19<03:59, 232.34it/s]
ROP:  74%|███████▍  | 158020/213608 [11:19<03:59, 232.40it/s]
ROP:  74%|███████▍  | 158094/213608 [11:20<03:59, 232.27it/s]
ROP:  74%|███████▍  | 158116/213608 [11:20<03:58, 232.26it/s]
ROP:  74%|███████▍  | 158160/213608 [11:20<03:58, 232.29it/s]
ROP:  74%|███████▍  | 158233/213608 [11:21<03:58, 232.35it/s]
ROP:  74%|███████▍  | 158306/213608 [11:21<03:58, 232.24it/s]
ROP:  74%|███████▍  | 158318/213608 [11:21<03:58, 232.19it/s]
ROP:  74%|███████▍  | 158367/213608 [11:21<03:57, 232.22it/s]
ROP:  74%|███████▍  | 158416/213608 [11:22<03:57, 232.17it/s]
ROP:  74%|███████▍  | 158555/213608 [11:22<03:56, 232.34it/s]
ROP:  74%|███████▍  | 158694/213608 [11:22<03:56, 232.36it/s]
ROP:  74%|███████▍  | 158721/213608 [11:23<03:56, 232.31it/s]
ROP:  74%|███████▍  | 158753/213608 [11:23<03:56, 232.32it/s]
ROP:  74%|███████▍  | 158785/213608 [11:23<03:56, 232.28it/s]
ROP:  74%|███████▍  | 158817/213608 [11:23<03:55, 232.28it/s]
ROP:  74%|███████▍  | 158849/213608 [11:23<03:55, 232.25it/s]
ROP:  74%|███████▍  | 158881/213608 [11:24<03:55, 232.26it/s]
ROP:  74%|███████▍  | 158932/213608 [11:24<03:55, 232.29it/s]
ROP:  74%|███████▍  | 158983/213608 [11:24<03:55, 232.19it/s]
ROP:  74%|███████▍  | 159030/213608 [11:24<03:55, 232.22it/s]
ROP:  74%|███████▍  | 159077/213608 [11:25<03:54, 232.23it/s]
ROP:  74%|███████▍  | 159134/213608 [11:25<03:54, 232.19it/s]
ROP:  75%|███████▍  | 159191/213608 [11:25<03:54, 232.21it/s]
ROP:  75%|███████▍  | 159312/213608 [11:25<03:53, 232.34it/s]
ROP:  75%|███████▍  | 159433/213608 [11:25<03:53, 232.48it/s]
ROP:  75%|███████▍  | 159574/213608 [11:25<03:52, 232.65it/s]
ROP:  75%|███████▍  | 159715/213608 [11:26<03:51, 232.76it/s]
ROP:  75%|███████▍  | 159856/213608 [11:26<03:50, 232.81it/s]
ROP:  75%|███████▍  | 159997/213608 [11:27<03:50, 232.85it/s]
ROP:  75%|███████▍  | 160079/213608 [11:27<03:49, 232.93it/s]
ROP:  75%|███████▍  | 160161/213608 [11:27<03:49, 232.93it/s]
ROP:  75%|███████▌  | 160243/213608 [11:28<03:49, 232.76it/s]
ROP:  75%|███████▌  | 160253/213608 [11:28<03:49, 232.69it/s]
ROP:  75%|███████▌  | 160305/213608 [11:28<03:49, 232.73it/s]
ROP:  75%|███████▌  | 160357/213608 [11:28<03:48, 232.75it/s]
ROP:  75%|███████▌  | 160409/213608 [11:29<03:48, 232.79it/s]
ROP:  75%|███████▌  | 160461/213608 [11:29<03:48, 232.78it/s]
ROP:  75%|███████▌  | 160576/213608 [11:29<03:47, 232.91it/s]
ROP:  75%|███████▌  | 160691/213608 [11:29<03:47, 232.95it/s]
ROP:  75%|███████▌  | 160806/213608 [11:30<03:46, 232.94it/s]
ROP:  75%|███████▌  | 160897/213608 [11:30<03:46, 233.04it/s]
ROP:  75%|███████▌  | 160988/213608 [11:30<03:45, 233.08it/s]
ROP:  75%|███████▌  | 161079/213608 [11:31<03:45, 233.04it/s]
ROP:  75%|███████▌  | 161130/213608 [11:31<03:45, 233.07it/s]
ROP:  75%|███████▌  | 161181/213608 [11:31<03:44, 233.09it/s]
ROP:  75%|███████▌  | 161232/213608 [11:31<03:44, 233.06it/s]
ROP:  76%|███████▌  | 161283/213608 [11:31<03:44, 233.07it/s]
ROP:  76%|███████▌  | 161365/213608 [11:32<03:44, 233.16it/s]
ROP:  76%|███████▌  | 161447/213608 [11:32<03:43, 233.12it/s]
ROP:  76%|███████▌  | 161529/213608 [11:32<03:43, 233.21it/s]
ROP:  76%|███████▌  | 161611/213608 [11:33<03:43, 232.99it/s]
ROP:  76%|███████▌  | 161621/213608 [11:33<03:43, 232.96it/s]
ROP:  76%|███████▌  | 161648/213608 [11:33<03:43, 232.94it/s]
ROP:  76%|███████▌  | 161675/213608 [11:34<03:42, 232.91it/s]
ROP:  76%|███████▌  | 161702/213608 [11:34<03:42, 232.88it/s]
ROP:  76%|███████▌  | 161733/213608 [11:34<03:42, 232.89it/s]
ROP:  76%|███████▌  | 161764/213608 [11:34<03:42, 232.84it/s]
ROP:  76%|███████▌  | 161795/213608 [11:34<03:42, 232.85it/s]
ROP:  76%|███████▌  | 161826/213608 [11:35<03:42, 232.84it/s]
ROP:  76%|███████▌  | 161861/213608 [11:35<03:42, 232.84it/s]
ROP:  76%|███████▌  | 161896/213608 [11:35<03:42, 232.81it/s]
ROP:  76%|███████▌  | 161931/213608 [11:35<03:41, 232.78it/s]
ROP:  76%|███████▌  | 162001/213608 [11:35<03:41, 232.83it/s]
ROP:  76%|███████▌  | 162071/213608 [11:37<03:41, 232.44it/s]
ROP:  76%|███████▌  | 162096/213608 [11:37<03:41, 232.42it/s]
ROP:  76%|███████▌  | 162121/213608 [11:37<03:41, 232.32it/s]
ROP:  76%|███████▌  | 162146/213608 [11:38<03:41, 232.15it/s]
ROP:  76%|███████▌  | 162151/213608 [11:38<03:41, 232.12it/s]
ROP:  76%|███████▌  | 162185/213608 [11:38<03:41, 232.13it/s]
ROP:  76%|███████▌  | 162260/213608 [11:38<03:41, 232.21it/s]
ROP:  76%|███████▌  | 162335/213608 [11:39<03:40, 232.24it/s]
ROP:  76%|███████▌  | 162410/213608 [11:39<03:40, 232.28it/s]
ROP:  76%|███████▌  | 162485/213608 [11:39<03:40, 232.26it/s]
ROP:  76%|███████▌  | 162578/213608 [11:39<03:39, 232.35it/s]
ROP:  76%|███████▌  | 162705/213608 [11:39<03:38, 232.49it/s]
ROP:  76%|███████▌  | 162832/213608 [11:40<03:38, 232.52it/s]
ROP:  76%|███████▋  | 162959/213608 [11:40<03:37, 232.64it/s]
ROP:  76%|███████▋  | 163086/213608 [11:40<03:37, 232.68it/s]
ROP:  76%|███████▋  | 163279/213608 [11:41<03:36, 232.92it/s]
ROP:  77%|███████▋  | 163472/213608 [11:41<03:35, 232.92it/s]
ROP:  77%|███████▋  | 163495/213608 [11:42<03:35, 232.88it/s]
ROP:  77%|███████▋  | 163553/213608 [11:42<03:34, 232.93it/s]
ROP:  77%|███████▋  | 163611/213608 [11:42<03:34, 232.87it/s]
ROP:  77%|███████▋  | 163692/213608 [11:42<03:34, 232.91it/s]
ROP:  77%|███████▋  | 163773/213608 [11:43<03:33, 232.93it/s]
ROP:  77%|███████▋  | 163854/213608 [11:43<03:33, 232.96it/s]
ROP:  77%|███████▋  | 163968/213608 [11:43<03:32, 233.08it/s]
ROP:  77%|███████▋  | 164082/213608 [11:44<03:32, 233.06it/s]
ROP:  77%|███████▋  | 164123/213608 [11:44<03:32, 233.08it/s]
ROP:  77%|███████▋  | 164164/213608 [11:44<03:32, 232.93it/s]
ROP:  77%|███████▋  | 164176/213608 [11:44<03:32, 232.91it/s]
ROP:  77%|███████▋  | 164188/213608 [11:44<03:32, 232.89it/s]
ROP:  77%|███████▋  | 164200/213608 [11:45<03:32, 232.82it/s]
ROP:  77%|███████▋  | 164234/213608 [11:45<03:32, 232.83it/s]
ROP:  77%|███████▋  | 164272/213608 [11:45<03:31, 232.83it/s]
ROP:  77%|███████▋  | 164310/213608 [11:45<03:31, 232.78it/s]
ROP:  77%|███████▋  | 164348/213608 [11:46<03:31, 232.61it/s]
ROP:  77%|███████▋  | 164369/213608 [11:46<03:31, 232.59it/s]
ROP:  77%|███████▋  | 164397/213608 [11:46<03:31, 232.58it/s]
ROP:  77%|███████▋  | 164425/213608 [11:47<03:31, 232.33it/s]
ROP:  77%|███████▋  | 164429/213608 [11:47<03:31, 232.29it/s]
ROP:  77%|███████▋  | 164438/213608 [11:47<03:31, 232.27it/s]
ROP:  77%|███████▋  | 164466/213608 [11:48<03:31, 232.25it/s]
ROP:  77%|███████▋  | 164494/213608 [11:48<03:31, 232.16it/s]
ROP:  77%|███████▋  | 164522/213608 [11:48<03:31, 232.09it/s]
ROP:  77%|███████▋  | 164595/213608 [11:48<03:31, 232.16it/s]
ROP:  77%|███████▋  | 164668/213608 [11:49<03:30, 232.13it/s]
ROP:  77%|███████▋  | 164741/213608 [11:49<03:30, 232.20it/s]
ROP:  77%|███████▋  | 164814/213608 [11:49<03:30, 232.19it/s]
ROP:  77%|███████▋  | 164887/213608 [11:50<03:29, 232.20it/s]
ROP:  77%|███████▋  | 164998/213608 [11:50<03:29, 232.30it/s]
ROP:  77%|███████▋  | 165109/213608 [11:50<03:28, 232.37it/s]
ROP:  77%|███████▋  | 165220/213608 [11:50<03:28, 232.46it/s]
ROP:  77%|███████▋  | 165331/213608 [11:50<03:27, 232.56it/s]
ROP:  77%|███████▋  | 165466/213608 [11:51<03:26, 232.71it/s]
ROP:  78%|███████▊  | 165601/213608 [11:51<03:26, 232.80it/s]
ROP:  78%|███████▊  | 165736/213608 [11:51<03:25, 232.88it/s]
ROP:  78%|███████▊  | 165871/213608 [11:51<03:24, 233.02it/s]
ROP:  78%|███████▊  | 166006/213608 [11:52<03:24, 233.15it/s]
ROP:  78%|███████▊  | 166141/213608 [11:52<03:23, 233.30it/s]
ROP:  78%|███████▊  | 166276/213608 [11:52<03:22, 233.46it/s]
ROP:  78%|███████▊  | 166411/213608 [11:53<03:22, 233.38it/s]
ROP:  78%|███████▊  | 166455/213608 [11:53<03:22, 233.39it/s]
ROP:  78%|███████▊  | 166521/213608 [11:53<03:21, 233.44it/s]
ROP:  78%|███████▊  | 166587/213608 [11:53<03:21, 233.34it/s]
ROP:  78%|███████▊  | 166599/213608 [11:54<03:21, 233.32it/s]
ROP:  78%|███████▊  | 166618/213608 [11:54<03:21, 233.32it/s]
ROP:  78%|███████▊  | 166637/213608 [11:54<03:21, 233.30it/s]
ROP:  78%|███████▊  | 166676/213608 [11:54<03:21, 233.30it/s]
ROP:  78%|███████▊  | 166715/213608 [11:54<03:21, 233.25it/s]
ROP:  78%|███████▊  | 166754/213608 [11:54<03:20, 233.24it/s]
ROP:  78%|███████▊  | 166793/213608 [11:55<03:20, 233.23it/s]
ROP:  78%|███████▊  | 166832/213608 [11:55<03:20, 233.10it/s]
ROP:  78%|███████▊  | 166896/213608 [11:55<03:20, 233.13it/s]
ROP:  78%|███████▊  | 166962/213608 [11:56<03:20, 233.18it/s]
ROP:  78%|███████▊  | 167028/213608 [11:56<03:19, 233.23it/s]
ROP:  78%|███████▊  | 167094/213608 [11:56<03:19, 233.26it/s]
ROP:  78%|███████▊  | 167160/213608 [11:56<03:19, 233.28it/s]
ROP:  78%|███████▊  | 167226/213608 [11:56<03:18, 233.30it/s]
ROP:  78%|███████▊  | 167292/213608 [11:57<03:18, 233.32it/s]
ROP:  78%|███████▊  | 167358/213608 [11:57<03:18, 233.24it/s]
ROP:  78%|███████▊  | 167398/213608 [11:57<03:18, 233.25it/s]
ROP:  78%|███████▊  | 167509/213608 [11:57<03:17, 233.35it/s]
ROP:  78%|███████▊  | 167620/213608 [11:58<03:17, 233.34it/s]
ROP:  78%|███████▊  | 167680/213608 [11:58<03:16, 233.39it/s]
ROP:  79%|███████▊  | 167740/213608 [11:58<03:16, 233.38it/s]
ROP:  79%|███████▊  | 167800/213608 [11:58<03:16, 233.41it/s]
ROP:  79%|███████▊  | 167860/213608 [11:59<03:16, 233.26it/s]
ROP:  79%|███████▊  | 167870/213608 [11:59<03:16, 233.24it/s]
ROP:  79%|███████▊  | 167894/213608 [11:59<03:15, 233.24it/s]
ROP:  79%|███████▊  | 167919/213608 [11:59<03:15, 233.24it/s]
ROP:  79%|███████▊  | 167944/213608 [12:00<03:15, 233.23it/s]
ROP:  79%|███████▊  | 167969/213608 [12:00<03:15, 233.17it/s]
ROP:  79%|███████▊  | 167994/213608 [12:00<03:15, 233.13it/s]
ROP:  79%|███████▊  | 168019/213608 [12:00<03:15, 233.04it/s]
ROP:  79%|███████▊  | 168069/213608 [12:01<03:15, 233.06it/s]
ROP:  79%|███████▊  | 168120/213608 [12:01<03:15, 233.08it/s]
ROP:  79%|███████▊  | 168171/213608 [12:01<03:14, 233.02it/s]
ROP:  79%|███████▉  | 168222/213608 [12:02<03:14, 232.82it/s]
ROP:  79%|███████▉  | 168234/213608 [12:02<03:14, 232.78it/s]
ROP:  79%|███████▉  | 168246/213608 [12:02<03:14, 232.72it/s]
ROP:  79%|███████▉  | 168291/213608 [12:03<03:14, 232.74it/s]
ROP:  79%|███████▉  | 168336/213608 [12:03<03:14, 232.62it/s]
ROP:  79%|███████▉  | 168609/213608 [12:03<03:13, 232.97it/s]
ROP:  79%|███████▉  | 168882/213608 [12:03<03:11, 233.31it/s]
ROP:  79%|███████▉  | 169155/213608 [12:03<03:10, 233.65it/s]
ROP:  79%|███████▉  | 169428/213608 [12:05<03:09, 233.43it/s]
ROP:  79%|███████▉  | 169453/213608 [12:05<03:09, 233.43it/s]
ROP:  79%|███████▉  | 169478/213608 [12:06<03:09, 233.42it/s]
ROP:  79%|███████▉  | 169578/213608 [12:06<03:08, 233.51it/s]
ROP:  79%|███████▉  | 169678/213608 [12:06<03:08, 233.44it/s]
ROP:  79%|███████▉  | 169725/213608 [12:07<03:07, 233.45it/s]
ROP:  79%|███████▉  | 169772/213608 [12:07<03:07, 233.47it/s]
ROP:  80%|███████▉  | 169819/213608 [12:07<03:07, 233.36it/s]
ROP:  80%|███████▉  | 169879/213608 [12:07<03:07, 233.37it/s]
ROP:  80%|███████▉  | 169939/213608 [12:08<03:07, 233.23it/s]
ROP:  80%|███████▉  | 169949/213608 [12:08<03:07, 233.21it/s]
ROP:  80%|███████▉  | 169976/213608 [12:08<03:07, 233.21it/s]
ROP:  80%|███████▉  | 170003/213608 [12:08<03:06, 233.21it/s]
ROP:  80%|███████▉  | 170030/213608 [12:09<03:06, 233.11it/s]
ROP:  80%|███████▉  | 170057/213608 [12:09<03:06, 233.02it/s]
ROP:  80%|███████▉  | 170084/213608 [12:10<03:06, 232.93it/s]
ROP:  80%|███████▉  | 170139/213608 [12:10<03:06, 232.97it/s]
ROP:  80%|███████▉  | 170194/213608 [12:10<03:06, 232.96it/s]
ROP:  80%|███████▉  | 170249/213608 [12:10<03:06, 232.95it/s]
ROP:  80%|███████▉  | 170308/213608 [12:10<03:05, 233.00it/s]
ROP:  80%|███████▉  | 170376/213608 [12:11<03:05, 233.04it/s]
ROP:  80%|███████▉  | 170444/213608 [12:11<03:05, 232.94it/s]
ROP:  80%|███████▉  | 170456/213608 [12:11<03:05, 232.90it/s]
ROP:  80%|███████▉  | 170500/213608 [12:12<03:05, 232.90it/s]
ROP:  80%|███████▉  | 170544/213608 [12:12<03:04, 232.83it/s]
ROP:  80%|███████▉  | 170639/213608 [12:12<03:04, 232.91it/s]
ROP:  80%|███████▉  | 170734/213608 [12:13<03:04, 232.86it/s]
ROP:  80%|███████▉  | 170751/213608 [12:13<03:04, 232.83it/s]
ROP:  80%|███████▉  | 170823/213608 [12:13<03:03, 232.89it/s]
ROP:  80%|████████  | 170895/213608 [12:14<03:03, 232.79it/s]
ROP:  80%|████████  | 170907/213608 [12:14<03:03, 232.74it/s]
ROP:  80%|████████  | 170919/213608 [12:14<03:03, 232.69it/s]
ROP:  80%|████████  | 170931/213608 [12:14<03:03, 232.64it/s]
ROP:  80%|████████  | 170951/213608 [12:14<03:03, 232.62it/s]
ROP:  80%|████████  | 170971/213608 [12:15<03:03, 232.53it/s]
ROP:  80%|████████  | 170991/213608 [12:15<03:03, 232.46it/s]
ROP:  80%|████████  | 171011/213608 [12:15<03:03, 232.37it/s]
ROP:  80%|████████  | 171031/213608 [12:16<03:03, 232.34it/s]
ROP:  80%|████████  | 171075/213608 [12:16<03:03, 232.36it/s]
ROP:  80%|████████  | 171119/213608 [12:16<03:02, 232.31it/s]
ROP:  80%|████████  | 171163/213608 [12:16<03:02, 232.30it/s]
ROP:  80%|████████  | 171207/213608 [12:17<03:02, 232.23it/s]
ROP:  80%|████████  | 171281/213608 [12:17<03:02, 232.30it/s]
ROP:  80%|████████  | 171355/213608 [12:17<03:01, 232.26it/s]
ROP:  80%|████████  | 171429/213608 [12:18<03:01, 231.99it/s]
ROP:  80%|████████  | 171436/213608 [12:19<03:01, 231.90it/s]
ROP:  80%|████████  | 171450/213608 [12:19<03:01, 231.87it/s]
ROP:  80%|████████  | 171464/213608 [12:19<03:01, 231.85it/s]
ROP:  80%|████████  | 171550/213608 [12:19<03:01, 231.93it/s]
ROP:  80%|████████  | 171636/213608 [12:20<03:00, 231.89it/s]
ROP:  80%|████████  | 171843/213608 [12:20<02:59, 232.14it/s]
ROP:  81%|████████  | 172050/213608 [12:20<02:58, 232.26it/s]
ROP:  81%|████████  | 172271/213608 [12:21<02:57, 232.45it/s]
ROP:  81%|████████  | 172492/213608 [12:21<02:56, 232.64it/s]
ROP:  81%|████████  | 172713/213608 [12:21<02:55, 232.80it/s]
ROP:  81%|████████  | 172934/213608 [12:22<02:54, 232.80it/s]
ROP:  81%|████████  | 172958/213608 [12:22<02:54, 232.80it/s]
ROP:  81%|████████  | 173052/213608 [12:23<02:54, 232.90it/s]
ROP:  81%|████████  | 173146/213608 [12:23<02:53, 232.89it/s]
ROP:  81%|████████  | 173305/213608 [12:23<02:52, 233.05it/s]
ROP:  81%|████████  | 173464/213608 [12:24<02:52, 232.96it/s]
ROP:  81%|████████▏ | 173578/213608 [12:24<02:51, 233.08it/s]
ROP:  81%|████████▏ | 173756/213608 [12:24<02:50, 233.28it/s]
ROP:  81%|████████▏ | 173934/213608 [12:26<02:50, 233.13it/s]
ROP:  81%|████████▏ | 173982/213608 [12:26<02:49, 233.14it/s]
ROP:  81%|████████▏ | 174030/213608 [12:26<02:49, 233.08it/s]
ROP:  82%|████████▏ | 174223/213608 [12:26<02:48, 233.31it/s]
ROP:  82%|████████▏ | 174420/213608 [12:26<02:47, 233.54it/s]
ROP:  82%|████████▏ | 174617/213608 [12:27<02:46, 233.76it/s]
ROP:  82%|████████▏ | 174814/213608 [12:27<02:45, 233.97it/s]
ROP:  82%|████████▏ | 175011/213608 [12:27<02:44, 234.14it/s]
ROP:  82%|████████▏ | 175208/213608 [12:27<02:43, 234.29it/s]
ROP:  82%|████████▏ | 175405/213608 [12:28<02:42, 234.45it/s]
ROP:  82%|████████▏ | 175602/213608 [12:28<02:42, 234.47it/s]
ROP:  82%|████████▏ | 175628/213608 [12:29<02:41, 234.47it/s]
ROP:  82%|████████▏ | 175654/213608 [12:29<02:41, 234.47it/s]
ROP:  82%|████████▏ | 175697/213608 [12:29<02:41, 234.49it/s]
ROP:  82%|████████▏ | 175843/213608 [12:29<02:40, 234.65it/s]
ROP:  82%|████████▏ | 175989/213608 [12:29<02:40, 234.77it/s]
ROP:  82%|████████▏ | 176135/213608 [12:29<02:39, 234.93it/s]
ROP:  83%|████████▎ | 176281/213608 [12:30<02:38, 234.99it/s]
ROP:  83%|████████▎ | 176427/213608 [12:30<02:38, 235.12it/s]
ROP:  83%|████████▎ | 176573/213608 [12:30<02:37, 235.15it/s]
ROP:  83%|████████▎ | 176617/213608 [12:31<02:37, 235.15it/s]
ROP:  83%|████████▎ | 176661/213608 [12:31<02:37, 235.06it/s]
ROP:  83%|████████▎ | 176705/213608 [12:31<02:36, 235.06it/s]
ROP:  83%|████████▎ | 176749/213608 [12:31<02:36, 235.06it/s]
ROP:  83%|████████▎ | 176793/213608 [12:32<02:36, 234.97it/s]
ROP:  83%|████████▎ | 176837/213608 [12:32<02:36, 234.98it/s]
ROP:  83%|████████▎ | 176881/213608 [12:32<02:36, 234.94it/s]
ROP:  83%|████████▎ | 176925/213608 [12:33<02:36, 234.83it/s]
ROP:  83%|████████▎ | 176959/213608 [12:33<02:36, 234.83it/s]
ROP:  83%|████████▎ | 176993/213608 [12:33<02:35, 234.80it/s]
ROP:  83%|████████▎ | 177027/213608 [12:33<02:35, 234.79it/s]
ROP:  83%|████████▎ | 177073/213608 [12:34<02:35, 234.81it/s]
ROP:  83%|████████▎ | 177119/213608 [12:34<02:35, 234.76it/s]
ROP:  83%|████████▎ | 177165/213608 [12:34<02:35, 234.75it/s]
ROP:  83%|████████▎ | 177211/213608 [12:34<02:35, 234.74it/s]
ROP:  83%|████████▎ | 177257/213608 [12:35<02:34, 234.69it/s]
ROP:  83%|████████▎ | 177303/213608 [12:35<02:34, 234.66it/s]
ROP:  83%|████████▎ | 177349/213608 [12:35<02:34, 234.63it/s]
ROP:  83%|████████▎ | 177430/213608 [12:35<02:34, 234.70it/s]
ROP:  83%|████████▎ | 177511/213608 [12:36<02:33, 234.68it/s]
ROP:  83%|████████▎ | 177592/213608 [12:37<02:33, 234.52it/s]
ROP:  83%|████████▎ | 177665/213608 [12:37<02:33, 234.57it/s]
ROP:  83%|████████▎ | 177738/213608 [12:38<02:33, 234.38it/s]
ROP:  83%|████████▎ | 177825/213608 [12:38<02:32, 234.46it/s]
ROP:  83%|████████▎ | 177996/213608 [12:38<02:31, 234.66it/s]
ROP:  83%|████████▎ | 178167/213608 [12:39<02:31, 234.69it/s]
ROP:  83%|████████▎ | 178265/213608 [12:39<02:30, 234.79it/s]
ROP:  84%|████████▎ | 178363/213608 [12:39<02:30, 234.85it/s]
ROP:  84%|████████▎ | 178363/213608 [12:40<02:30, 234.68it/s]
ROP:  84%|████████▎ | 178419/213608 [12:40<02:29, 234.74it/s]
ROP:  84%|████████▎ | 178432/213608 [12:40<02:29, 234.72it/s]
ROP:  84%|████████▎ | 178445/213608 [12:40<02:29, 234.70it/s]
ROP:  84%|████████▎ | 178487/213608 [12:40<02:29, 234.72it/s]
ROP:  84%|████████▎ | 178529/213608 [12:40<02:29, 234.71it/s]
ROP:  84%|████████▎ | 178623/213608 [12:40<02:28, 234.80it/s]
ROP:  84%|████████▎ | 178717/213608 [12:40<02:28, 234.88it/s]
ROP:  84%|████████▎ | 178811/213608 [12:41<02:28, 234.92it/s]
ROP:  84%|████████▍ | 178905/213608 [12:41<02:27, 234.92it/s]
ROP:  84%|████████▍ | 179074/213608 [12:41<02:26, 235.11it/s]
ROP:  84%|████████▍ | 179243/213608 [12:41<02:26, 235.27it/s]
ROP:  84%|████████▍ | 179412/213608 [12:42<02:25, 235.33it/s]
ROP:  84%|████████▍ | 179468/213608 [12:42<02:25, 235.38it/s]
ROP:  84%|████████▍ | 179604/213608 [12:42<02:24, 235.50it/s]
ROP:  84%|████████▍ | 179740/213608 [12:43<02:23, 235.56it/s]
ROP:  84%|████████▍ | 179876/213608 [12:43<02:23, 235.60it/s]
ROP:  84%|████████▍ | 180012/213608 [12:43<02:22, 235.62it/s]
ROP:  84%|████████▍ | 180039/213608 [12:44<02:22, 235.54it/s]
ROP:  84%|████████▍ | 180066/213608 [12:44<02:22, 235.53it/s]
ROP:  84%|████████▍ | 180093/213608 [12:44<02:22, 235.52it/s]
ROP:  84%|████████▍ | 180123/213608 [12:44<02:22, 235.53it/s]
ROP:  84%|████████▍ | 180153/213608 [12:44<02:22, 235.51it/s]
ROP:  84%|████████▍ | 180183/213608 [12:45<02:21, 235.48it/s]
ROP:  84%|████████▍ | 180289/213608 [12:45<02:21, 235.58it/s]
ROP:  84%|████████▍ | 180395/213608 [12:45<02:20, 235.56it/s]
ROP:  85%|████████▍ | 180562/213608 [12:45<02:20, 235.73it/s]
ROP:  85%|████████▍ | 180729/213608 [12:46<02:19, 235.88it/s]
ROP:  85%|████████▍ | 180927/213608 [12:46<02:18, 236.09it/s]
ROP:  85%|████████▍ | 181125/213608 [12:46<02:17, 236.31it/s]
ROP:  85%|████████▍ | 181458/213608 [12:46<02:15, 236.72it/s]
ROP:  85%|████████▌ | 181791/213608 [12:46<02:14, 237.12it/s]
ROP:  85%|████████▌ | 182124/213608 [12:46<02:12, 237.52it/s]
ROP:  85%|████████▌ | 182457/213608 [12:47<02:10, 237.86it/s]
ROP:  86%|████████▌ | 182790/213608 [12:47<02:09, 238.25it/s]
ROP:  86%|████████▌ | 183123/213608 [12:47<02:07, 238.65it/s]
ROP:  86%|████████▌ | 183456/213608 [12:47<02:06, 239.06it/s]
ROP:  86%|████████▌ | 183824/213608 [12:47<02:04, 239.50it/s]
ROP:  86%|████████▌ | 184192/213608 [12:47<02:02, 239.94it/s]
ROP:  86%|████████▋ | 184560/213608 [12:47<02:00, 240.37it/s]
ROP:  87%|████████▋ | 184928/213608 [12:47<01:59, 240.80it/s]
ROP:  87%|████████▋ | 185296/213608 [12:48<01:57, 241.24it/s]
ROP:  87%|████████▋ | 185664/213608 [12:48<01:55, 241.67it/s]
ROP:  87%|████████▋ | 186032/213608 [12:48<01:53, 242.01it/s]
ROP:  87%|████████▋ | 186400/213608 [12:48<01:52, 242.41it/s]
ROP:  87%|████████▋ | 186768/213608 [12:49<01:50, 242.84it/s]
ROP:  88%|████████▊ | 187136/213608 [12:49<01:48, 243.27it/s]
ROP:  88%|████████▊ | 187504/213608 [12:49<01:47, 243.56it/s]
ROP:  88%|████████▊ | 187841/213608 [12:50<01:45, 243.94it/s]
ROP:  88%|████████▊ | 188178/213608 [12:53<01:44, 243.32it/s]
ROP:  88%|████████▊ | 188224/213608 [12:53<01:44, 243.33it/s]
ROP:  88%|████████▊ | 188270/213608 [12:53<01:44, 243.33it/s]
ROP:  88%|████████▊ | 188317/213608 [12:53<01:43, 243.35it/s]
ROP:  88%|████████▊ | 188364/213608 [12:53<01:43, 243.37it/s]
ROP:  88%|████████▊ | 188418/213608 [12:54<01:43, 243.39it/s]
ROP:  88%|████████▊ | 188507/213608 [12:54<01:43, 243.47it/s]
ROP:  88%|████████▊ | 188596/213608 [12:54<01:42, 243.42it/s]
ROP:  88%|████████▊ | 188650/213608 [12:54<01:42, 243.45it/s]
ROP:  88%|████████▊ | 188704/213608 [12:56<01:42, 243.09it/s]
ROP:  88%|████████▊ | 188744/213608 [12:56<01:42, 243.10it/s]
ROP:  88%|████████▊ | 188784/213608 [12:57<01:42, 242.77it/s]
ROP:  88%|████████▊ | 188809/213608 [12:57<01:42, 242.76it/s]
ROP:  88%|████████▊ | 188834/213608 [12:58<01:42, 242.67it/s]
ROP:  88%|████████▊ | 188916/213608 [12:58<01:41, 242.73it/s]
ROP:  88%|████████▊ | 188998/213608 [12:59<01:41, 242.40it/s]
ROP:  88%|████████▊ | 189033/213608 [12:59<01:41, 242.40it/s]
ROP:  89%|████████▊ | 189068/213608 [13:00<01:41, 242.33it/s]
ROP:  89%|████████▊ | 189103/213608 [13:00<01:41, 242.30it/s]
ROP:  89%|████████▊ | 189138/213608 [13:00<01:40, 242.28it/s]
ROP:  89%|████████▊ | 189173/213608 [13:00<01:40, 242.22it/s]
ROP:  89%|████████▊ | 189208/213608 [13:01<01:40, 242.21it/s]
ROP:  89%|████████▊ | 189243/213608 [13:01<01:40, 242.10it/s]
ROP:  89%|████████▊ | 189278/213608 [13:01<01:40, 242.06it/s]
ROP:  89%|████████▊ | 189322/213608 [13:02<01:40, 242.07it/s]
ROP:  89%|████████▊ | 189366/213608 [13:02<01:40, 241.99it/s]
ROP:  89%|████████▊ | 189410/213608 [13:03<01:40, 241.89it/s]
ROP:  89%|████████▊ | 189419/213608 [13:03<01:40, 241.84it/s]
ROP:  89%|████████▊ | 189428/213608 [13:03<01:40, 241.75it/s]
ROP:  89%|████████▊ | 189456/213608 [13:03<01:39, 241.75it/s]
ROP:  89%|████████▊ | 189484/213608 [13:04<01:39, 241.67it/s]
ROP:  89%|████████▉ | 189604/213608 [13:04<01:39, 241.79it/s]
ROP:  89%|████████▉ | 189724/213608 [13:04<01:38, 241.86it/s]
ROP:  89%|████████▉ | 189844/213608 [13:04<01:38, 241.97it/s]
ROP:  89%|████████▉ | 189964/213608 [13:05<01:37, 241.98it/s]
ROP:  89%|████████▉ | 190084/213608 [13:05<01:37, 241.93it/s]
ROP:  89%|████████▉ | 190119/213608 [13:05<01:37, 241.94it/s]
ROP:  89%|████████▉ | 190228/213608 [13:05<01:36, 242.03it/s]
ROP:  89%|████████▉ | 190337/213608 [13:06<01:36, 242.06it/s]
ROP:  89%|████████▉ | 190446/213608 [13:06<01:35, 242.13it/s]
ROP:  89%|████████▉ | 190555/213608 [13:06<01:35, 242.19it/s]
ROP:  89%|████████▉ | 190664/213608 [13:07<01:34, 242.17it/s]
ROP:  89%|████████▉ | 190711/213608 [13:07<01:34, 242.19it/s]
ROP:  89%|████████▉ | 190758/213608 [13:07<01:34, 242.14it/s]
ROP:  89%|████████▉ | 190805/213608 [13:08<01:34, 241.96it/s]
ROP:  89%|████████▉ | 190822/213608 [13:08<01:34, 241.94it/s]
ROP:  89%|████████▉ | 190839/213608 [13:09<01:34, 241.85it/s]
ROP:  89%|████████▉ | 190880/213608 [13:09<01:33, 241.87it/s]
ROP:  89%|████████▉ | 191017/213608 [13:09<01:33, 242.01it/s]
ROP:  90%|████████▉ | 191271/213608 [13:09<01:32, 242.30it/s]
ROP:  90%|████████▉ | 191271/213608 [13:10<01:32, 242.10it/s]
ROP:  90%|████████▉ | 191330/213608 [13:10<01:31, 242.17it/s]
ROP:  90%|████████▉ | 191339/213608 [13:10<01:31, 242.13it/s]
ROP:  90%|████████▉ | 191348/213608 [13:10<01:31, 242.04it/s]
ROP:  90%|████████▉ | 191357/213608 [13:10<01:31, 242.00it/s]
ROP:  90%|████████▉ | 191366/213608 [13:10<01:31, 241.96it/s]
ROP:  90%|████████▉ | 191375/213608 [13:11<01:31, 241.91it/s]
ROP:  90%|████████▉ | 191478/213608 [13:11<01:31, 242.01it/s]
ROP:  90%|████████▉ | 191581/213608 [13:11<01:30, 242.11it/s]
ROP:  90%|████████▉ | 191684/213608 [13:11<01:30, 242.20it/s]
ROP:  90%|████████▉ | 191843/213608 [13:11<01:29, 242.37it/s]
ROP:  90%|████████▉ | 192002/213608 [13:11<01:29, 242.52it/s]
ROP:  90%|████████▉ | 192185/213608 [13:11<01:28, 242.72it/s]
ROP:  90%|█████████ | 192368/213608 [13:12<01:27, 242.86it/s]
ROP:  90%|█████████ | 192551/213608 [13:12<01:26, 243.00it/s]
ROP:  90%|█████████ | 192734/213608 [13:12<01:25, 243.20it/s]
ROP:  90%|█████████ | 192917/213608 [13:12<01:25, 243.39it/s]
ROP:  90%|█████████ | 193100/213608 [13:12<01:24, 243.58it/s]
ROP:  90%|█████████ | 193283/213608 [13:13<01:23, 243.55it/s]
ROP:  90%|█████████ | 193305/213608 [13:13<01:23, 243.52it/s]
ROP:  91%|█████████ | 193327/213608 [13:14<01:23, 243.48it/s]
ROP:  91%|█████████ | 193349/213608 [13:14<01:23, 243.36it/s]
ROP:  91%|█████████ | 193371/213608 [13:14<01:23, 243.33it/s]
ROP:  91%|█████████ | 193393/213608 [13:14<01:23, 243.27it/s]
ROP:  91%|█████████ | 193415/213608 [13:15<01:23, 243.14it/s]
ROP:  91%|█████████ | 193426/213608 [13:15<01:23, 243.11it/s]
ROP:  91%|█████████ | 193454/213608 [13:15<01:22, 243.10it/s]
ROP:  91%|█████████ | 193482/213608 [13:15<01:22, 243.08it/s]
ROP:  91%|█████████ | 193510/213608 [13:16<01:22, 243.01it/s]
ROP:  91%|█████████ | 193538/213608 [13:16<01:22, 242.96it/s]
ROP:  91%|█████████ | 193575/213608 [13:16<01:22, 242.95it/s]
ROP:  91%|█████████ | 193612/213608 [13:16<01:22, 242.94it/s]
ROP:  91%|█████████ | 193649/213608 [13:17<01:22, 242.85it/s]
ROP:  91%|█████████ | 193686/213608 [13:17<01:22, 242.83it/s]
ROP:  91%|█████████ | 193723/213608 [13:17<01:21, 242.83it/s]
ROP:  91%|█████████ | 193760/213608 [13:18<01:21, 242.76it/s]
ROP:  91%|█████████ | 193797/213608 [13:18<01:21, 242.72it/s]
ROP:  91%|█████████ | 193834/213608 [13:19<01:21, 242.57it/s]
ROP:  91%|█████████ | 193842/213608 [13:19<01:21, 242.54it/s]
ROP:  91%|█████████ | 193850/213608 [13:19<01:21, 242.50it/s]
ROP:  91%|█████████ | 193858/213608 [13:19<01:21, 242.33it/s]
ROP:  91%|█████████ | 193874/213608 [13:20<01:21, 242.31it/s]
ROP:  91%|█████████ | 193890/213608 [13:20<01:21, 242.29it/s]
ROP:  91%|█████████ | 193923/213608 [13:20<01:21, 242.29it/s]
ROP:  91%|█████████ | 193956/213608 [13:20<01:21, 242.16it/s]
ROP:  91%|█████████ | 193980/213608 [13:21<01:21, 242.14it/s]
ROP:  91%|█████████ | 194004/213608 [13:21<01:20, 242.06it/s]
ROP:  91%|█████████ | 194028/213608 [13:21<01:20, 241.99it/s]
ROP:  91%|█████████ | 194058/213608 [13:21<01:20, 241.98it/s]
ROP:  91%|█████████ | 194088/213608 [13:22<01:20, 241.91it/s]
ROP:  91%|█████████ | 194118/213608 [13:22<01:20, 241.86it/s]
ROP:  91%|█████████ | 194185/213608 [13:22<01:20, 241.92it/s]
ROP:  91%|█████████ | 194252/213608 [13:22<01:20, 241.95it/s]
ROP:  91%|█████████ | 194319/213608 [13:23<01:19, 241.72it/s]
ROP:  91%|█████████ | 194326/213608 [13:24<01:19, 241.65it/s]
ROP:  91%|█████████ | 194333/213608 [13:24<01:19, 241.62it/s]
ROP:  91%|█████████ | 194340/213608 [13:24<01:19, 241.59it/s]
ROP:  91%|█████████ | 194459/213608 [13:24<01:19, 241.69it/s]
ROP:  91%|█████████ | 194578/213608 [13:25<01:18, 241.69it/s]
ROP:  91%|█████████ | 194602/213608 [13:25<01:18, 241.66it/s]
ROP:  91%|█████████ | 194626/213608 [13:25<01:18, 241.65it/s]
ROP:  91%|█████████ | 194664/213608 [13:25<01:18, 241.66it/s]
ROP:  91%|█████████ | 194702/213608 [13:25<01:18, 241.65it/s]
ROP:  91%|█████████ | 194756/213608 [13:25<01:18, 241.68it/s]
ROP:  91%|█████████ | 194810/213608 [13:26<01:17, 241.65it/s]
ROP:  91%|█████████ | 194885/213608 [13:26<01:17, 241.70it/s]
ROP:  91%|█████████▏| 194960/213608 [13:26<01:17, 241.69it/s]
ROP:  91%|█████████▏| 195079/213608 [13:26<01:16, 241.80it/s]
ROP:  91%|█████████▏| 195294/213608 [13:26<01:15, 242.03it/s]
ROP:  92%|█████████▏| 195509/213608 [13:29<01:14, 241.63it/s]
ROP:  92%|█████████▏| 195581/213608 [13:29<01:14, 241.68it/s]
ROP:  92%|█████████▏| 195653/213608 [13:29<01:14, 241.74it/s]
ROP:  92%|█████████▏| 195725/213608 [13:29<01:13, 241.77it/s]
ROP:  92%|█████████▏| 195798/213608 [13:29<01:13, 241.83it/s]
ROP:  92%|█████████▏| 195871/213608 [13:29<01:13, 241.86it/s]
ROP:  92%|█████████▏| 196003/213608 [13:29<01:12, 241.99it/s]
ROP:  92%|█████████▏| 196135/213608 [13:30<01:12, 242.05it/s]
ROP:  92%|█████████▏| 196303/213608 [13:30<01:11, 242.20it/s]
ROP:  92%|█████████▏| 196471/213608 [13:31<01:10, 242.17it/s]
ROP:  92%|█████████▏| 196617/213608 [13:31<01:10, 242.32it/s]
ROP:  92%|█████████▏| 196763/213608 [13:31<01:09, 242.37it/s]
ROP:  92%|█████████▏| 196909/213608 [13:33<01:08, 242.14it/s]
ROP:  92%|█████████▏| 196957/213608 [13:33<01:08, 242.16it/s]
ROP:  92%|█████████▏| 197005/213608 [13:33<01:08, 242.10it/s]
ROP:  92%|█████████▏| 197053/213608 [13:34<01:08, 241.95it/s]
ROP:  92%|█████████▏| 197064/213608 [13:34<01:08, 241.91it/s]
ROP:  92%|█████████▏| 197081/213608 [13:34<01:08, 241.90it/s]
ROP:  92%|█████████▏| 197130/213608 [13:34<01:08, 241.91it/s]
ROP:  92%|█████████▏| 197179/213608 [13:35<01:07, 241.90it/s]
ROP:  92%|█████████▏| 197228/213608 [13:35<01:07, 241.93it/s]
ROP:  92%|█████████▏| 197277/213608 [13:35<01:07, 241.80it/s]
ROP:  92%|█████████▏| 197285/213608 [13:36<01:07, 241.77it/s]
ROP:  92%|█████████▏| 197311/213608 [13:36<01:07, 241.75it/s]
ROP:  92%|█████████▏| 197337/213608 [13:36<01:07, 241.73it/s]
ROP:  92%|█████████▏| 197387/213608 [13:36<01:07, 241.75it/s]
ROP:  92%|█████████▏| 197437/213608 [13:36<01:06, 241.76it/s]
ROP:  92%|█████████▏| 197487/213608 [13:36<01:06, 241.76it/s]
ROP:  92%|█████████▏| 197537/213608 [13:37<01:06, 241.75it/s]
ROP:  92%|█████████▏| 197587/213608 [13:37<01:06, 241.75it/s]
ROP:  93%|█████████▎| 197637/213608 [13:37<01:06, 241.78it/s]
ROP:  93%|█████████▎| 197687/213608 [13:38<01:05, 241.62it/s]
ROP:  93%|█████████▎| 197711/213608 [13:38<01:05, 241.61it/s]
ROP:  93%|█████████▎| 197735/213608 [13:38<01:05, 241.59it/s]
ROP:  93%|█████████▎| 197775/213608 [13:38<01:05, 241.59it/s]
ROP:  93%|█████████▎| 197815/213608 [13:38<01:05, 241.58it/s]
ROP:  93%|█████████▎| 197861/213608 [13:38<01:05, 241.61it/s]
ROP:  93%|█████████▎| 197907/213608 [13:39<01:04, 241.57it/s]
ROP:  93%|█████████▎| 198100/213608 [13:39<01:04, 241.76it/s]
ROP:  93%|█████████▎| 198322/213608 [13:39<01:03, 242.00it/s]
ROP:  93%|█████████▎| 198322/213608 [13:40<01:03, 241.84it/s]
ROP:  93%|█████████▎| 198432/213608 [13:40<01:02, 241.97it/s]
ROP:  93%|█████████▎| 198470/213608 [13:40<01:02, 241.97it/s]
ROP:  93%|█████████▎| 198536/213608 [13:40<01:02, 242.01it/s]
ROP:  93%|█████████▎| 198602/213608 [13:40<01:02, 242.00it/s]
ROP:  93%|█████████▎| 198668/213608 [13:41<01:01, 241.93it/s]
ROP:  93%|█████████▎| 198728/213608 [13:41<01:01, 241.98it/s]
ROP:  93%|█████████▎| 198788/213608 [13:41<01:01, 241.95it/s]
ROP:  93%|█████████▎| 198848/213608 [13:42<01:01, 241.85it/s]
ROP:  93%|█████████▎| 198859/213608 [13:42<01:01, 241.71it/s]
ROP:  93%|█████████▎| 198889/213608 [13:42<01:00, 241.71it/s]
ROP:  93%|█████████▎| 198959/213608 [13:42<01:00, 241.76it/s]
ROP:  93%|█████████▎| 199029/213608 [13:43<01:00, 241.72it/s]
ROP:  93%|█████████▎| 199099/213608 [13:44<01:00, 241.61it/s]
ROP:  93%|█████████▎| 199110/213608 [13:44<01:00, 241.59it/s]
ROP:  93%|█████████▎| 199130/213608 [13:44<00:59, 241.57it/s]
ROP:  93%|█████████▎| 199208/213608 [13:44<00:59, 241.62it/s]
ROP:  93%|█████████▎| 199286/213608 [13:44<00:59, 241.61it/s]
ROP:  93%|█████████▎| 199364/213608 [13:45<00:58, 241.55it/s]
ROP:  93%|█████████▎| 199443/213608 [13:45<00:58, 241.61it/s]
ROP:  93%|█████████▎| 199522/213608 [13:46<00:58, 241.55it/s]
ROP:  93%|█████████▎| 199700/213608 [13:46<00:57, 241.73it/s]
ROP:  94%|█████████▎| 199878/213608 [13:46<00:56, 241.85it/s]
ROP:  94%|█████████▎| 200056/213608 [13:47<00:56, 241.88it/s]
ROP:  94%|█████████▎| 200180/213608 [13:47<00:55, 242.00it/s]
ROP:  94%|█████████▍| 200304/213608 [13:47<00:54, 242.08it/s]
ROP:  94%|█████████▍| 200428/213608 [13:47<00:54, 242.17it/s]
ROP:  94%|█████████▍| 200569/213608 [13:47<00:53, 242.31it/s]
ROP:  94%|█████████▍| 200710/213608 [13:48<00:53, 242.20it/s]
ROP:  94%|█████████▍| 200726/213608 [13:48<00:53, 242.19it/s]
ROP:  94%|█████████▍| 200745/213608 [13:48<00:53, 242.17it/s]
ROP:  94%|█████████▍| 200764/213608 [13:49<00:53, 242.03it/s]
ROP:  94%|█████████▍| 200768/213608 [13:49<00:53, 241.99it/s]
ROP:  94%|█████████▍| 200777/213608 [13:49<00:53, 241.97it/s]
ROP:  94%|█████████▍| 200786/213608 [13:49<00:52, 241.93it/s]
ROP:  94%|█████████▍| 200795/213608 [13:50<00:52, 241.90it/s]
ROP:  94%|█████████▍| 200842/213608 [13:50<00:52, 241.92it/s]
ROP:  94%|█████████▍| 200889/213608 [13:50<00:52, 241.94it/s]
ROP:  94%|█████████▍| 200936/213608 [13:50<00:52, 241.94it/s]
ROP:  94%|█████████▍| 200983/213608 [13:51<00:52, 241.85it/s]
ROP:  94%|█████████▍| 201030/213608 [13:51<00:52, 241.86it/s]
ROP:  94%|█████████▍| 201077/213608 [13:51<00:51, 241.77it/s]
ROP:  94%|█████████▍| 201124/213608 [13:51<00:51, 241.76it/s]
ROP:  94%|█████████▍| 201171/213608 [13:52<00:51, 241.55it/s]
ROP:  94%|█████████▍| 201200/213608 [13:52<00:51, 241.56it/s]
ROP:  94%|█████████▍| 201229/213608 [13:53<00:51, 241.49it/s]
ROP:  94%|█████████▍| 201258/213608 [13:53<00:51, 241.49it/s]
ROP:  94%|█████████▍| 201287/213608 [13:53<00:51, 241.49it/s]
ROP:  94%|█████████▍| 201316/213608 [13:53<00:50, 241.49it/s]
ROP:  94%|█████████▍| 201345/213608 [13:53<00:50, 241.49it/s]
ROP:  94%|█████████▍| 201374/213608 [13:53<00:50, 241.49it/s]
ROP:  94%|█████████▍| 201403/213608 [13:54<00:50, 241.49it/s]
ROP:  94%|█████████▍| 201432/213608 [13:54<00:50, 241.45it/s]
ROP:  94%|█████████▍| 201605/213608 [13:54<00:49, 241.62it/s]
ROP:  94%|█████████▍| 201778/213608 [13:54<00:48, 241.67it/s]
ROP:  94%|█████████▍| 201846/213608 [13:55<00:48, 241.72it/s]
ROP:  95%|█████████▍| 201914/213608 [13:56<00:48, 241.42it/s]
ROP:  95%|█████████▍| 201924/213608 [13:56<00:48, 241.38it/s]
ROP:  95%|█████████▍| 201938/213608 [13:56<00:48, 241.37it/s]
ROP:  95%|█████████▍| 201952/213608 [13:56<00:48, 241.33it/s]
ROP:  95%|█████████▍| 202057/213608 [13:56<00:47, 241.42it/s]
ROP:  95%|█████████▍| 202162/213608 [13:57<00:47, 241.25it/s]
ROP:  95%|█████████▍| 202173/213608 [13:58<00:47, 241.22it/s]
ROP:  95%|█████████▍| 202248/213608 [13:58<00:47, 241.28it/s]
ROP:  95%|█████████▍| 202323/213608 [13:58<00:46, 241.31it/s]
ROP:  95%|█████████▍| 202398/213608 [13:58<00:46, 241.30it/s]
ROP:  95%|█████████▍| 202473/213608 [13:59<00:46, 241.32it/s]
ROP:  95%|█████████▍| 202624/213608 [13:59<00:45, 241.47it/s]
ROP:  95%|█████████▍| 202775/213608 [13:59<00:44, 241.50it/s]
ROP:  95%|█████████▍| 202819/213608 [13:59<00:44, 241.52it/s]
ROP:  95%|█████████▍| 202863/213608 [13:59<00:44, 241.51it/s]
ROP:  95%|█████████▍| 202919/213608 [14:00<00:44, 241.53it/s]
ROP:  95%|█████████▌| 203023/213608 [14:00<00:43, 241.63it/s]
ROP:  95%|█████████▌| 203206/213608 [14:00<00:43, 241.81it/s]
ROP:  95%|█████████▌| 203389/213608 [14:00<00:42, 241.90it/s]
ROP:  95%|█████████▌| 203572/213608 [14:02<00:41, 241.71it/s]
ROP:  95%|█████████▌| 203639/213608 [14:02<00:41, 241.73it/s]
ROP:  95%|█████████▌| 203706/213608 [14:02<00:40, 241.68it/s]
ROP:  95%|█████████▌| 203773/213608 [14:03<00:40, 241.71it/s]
ROP:  95%|█████████▌| 203840/213608 [14:03<00:40, 241.73it/s]
ROP:  95%|█████████▌| 203907/213608 [14:03<00:40, 241.73it/s]
ROP:  96%|█████████▌| 204018/213608 [14:03<00:39, 241.82it/s]
ROP:  96%|█████████▌| 204129/213608 [14:03<00:39, 241.89it/s]
ROP:  96%|█████████▌| 204276/213608 [14:04<00:38, 242.02it/s]
ROP:  96%|█████████▌| 204423/213608 [14:04<00:37, 242.14it/s]
ROP:  96%|█████████▌| 204570/213608 [14:04<00:37, 242.23it/s]
ROP:  96%|█████████▌| 204717/213608 [14:05<00:36, 242.23it/s]
ROP:  96%|█████████▌| 204796/213608 [14:05<00:36, 242.30it/s]
ROP:  96%|█████████▌| 204894/213608 [14:05<00:35, 242.37it/s]
ROP:  96%|█████████▌| 204992/213608 [14:06<00:35, 242.23it/s]
ROP:  96%|█████████▌| 205103/213608 [14:06<00:35, 242.33it/s]
ROP:  96%|█████████▌| 205214/213608 [14:06<00:34, 242.38it/s]
ROP:  96%|█████████▌| 205361/213608 [14:06<00:34, 242.51it/s]
ROP:  96%|█████████▌| 205508/213608 [14:07<00:33, 242.55it/s]
ROP:  96%|█████████▋| 205655/213608 [14:07<00:32, 242.66it/s]
ROP:  96%|█████████▋| 205802/213608 [14:07<00:32, 242.77it/s]
ROP:  96%|█████████▋| 206067/213608 [14:07<00:31, 243.04it/s]
ROP:  97%|█████████▋| 206332/213608 [14:08<00:29, 243.23it/s]
ROP:  97%|█████████▋| 206597/213608 [14:08<00:28, 243.38it/s]
ROP:  97%|█████████▋| 206668/213608 [14:09<00:28, 243.42it/s]
ROP:  97%|█████████▋| 206739/213608 [14:09<00:28, 243.46it/s]
ROP:  97%|█████████▋| 206810/213608 [14:09<00:27, 243.47it/s]
ROP:  97%|█████████▋| 206909/213608 [14:09<00:27, 243.56it/s]
ROP:  97%|█████████▋| 207008/213608 [14:09<00:27, 243.55it/s]
ROP:  97%|█████████▋| 207107/213608 [14:10<00:26, 243.63it/s]
ROP:  97%|█████████▋| 207206/213608 [14:10<00:26, 243.69it/s]
ROP:  97%|█████████▋| 207305/213608 [14:10<00:25, 243.69it/s]
ROP:  97%|█████████▋| 207404/213608 [14:10<00:25, 243.74it/s]
ROP:  97%|█████████▋| 207503/213608 [14:11<00:25, 243.75it/s]
ROP:  97%|█████████▋| 207602/213608 [14:11<00:24, 243.82it/s]
ROP:  97%|█████████▋| 207701/213608 [14:11<00:24, 243.87it/s]
ROP:  97%|█████████▋| 208070/213608 [14:11<00:22, 244.26it/s]
ROP:  98%|█████████▊| 208439/213608 [14:12<00:21, 244.60it/s]
ROP:  98%|█████████▊| 208808/213608 [14:13<00:19, 244.66it/s]
ROP:  98%|█████████▊| 208837/213608 [14:13<00:19, 244.57it/s]
ROP:  98%|█████████▊| 208866/213608 [14:14<00:19, 244.54it/s]
ROP:  98%|█████████▊| 208895/213608 [14:14<00:19, 244.53it/s]
ROP:  98%|█████████▊| 208969/213608 [14:14<00:18, 244.58it/s]
ROP:  98%|█████████▊| 209043/213608 [14:15<00:18, 244.34it/s]
ROP:  98%|█████████▊| 209055/213608 [14:15<00:18, 244.31it/s]
ROP:  98%|█████████▊| 209069/213608 [14:15<00:18, 244.28it/s]
ROP:  98%|█████████▊| 209083/213608 [14:16<00:18, 244.25it/s]
ROP:  98%|█████████▊| 209097/213608 [14:16<00:18, 244.22it/s]
ROP:  98%|█████████▊| 209111/213608 [14:16<00:18, 244.19it/s]
ROP:  98%|█████████▊| 209125/213608 [14:16<00:18, 244.17it/s]
ROP:  98%|█████████▊| 209139/213608 [14:16<00:18, 244.14it/s]
ROP:  98%|█████████▊| 209153/213608 [14:16<00:18, 244.11it/s]
ROP:  98%|█████████▊| 209167/213608 [14:16<00:18, 244.08it/s]
ROP:  98%|█████████▊| 209188/213608 [14:17<00:18, 244.07it/s]
ROP:  98%|█████████▊| 209232/213608 [14:17<00:17, 244.09it/s]
ROP:  98%|█████████▊| 209283/213608 [14:17<00:17, 244.11it/s]
ROP:  98%|█████████▊| 209358/213608 [14:17<00:17, 244.17it/s]
ROP:  98%|█████████▊| 209433/213608 [14:17<00:17, 244.16it/s]
ROP:  98%|█████████▊| 209508/213608 [14:17<00:16, 244.20it/s]
ROP:  98%|█████████▊| 209635/213608 [14:18<00:16, 244.25it/s]
ROP:  98%|█████████▊| 209762/213608 [14:18<00:15, 244.36it/s]
ROP:  98%|█████████▊| 209889/213608 [14:18<00:15, 244.35it/s]
ROP:  98%|█████████▊| 209960/213608 [14:19<00:14, 244.40it/s]
ROP:  98%|█████████▊| 210031/213608 [14:19<00:14, 244.40it/s]
ROP:  98%|█████████▊| 210107/213608 [14:19<00:14, 244.46it/s]
ROP:  98%|█████████▊| 210224/213608 [14:19<00:13, 244.57it/s]
ROP:  98%|█████████▊| 210341/213608 [14:19<00:13, 244.67it/s]
ROP:  99%|█████████▊| 210458/213608 [14:19<00:12, 244.76it/s]
ROP:  99%|█████████▊| 210599/213608 [14:19<00:12, 244.89it/s]
ROP:  99%|█████████▊| 210740/213608 [14:20<00:11, 245.01it/s]
ROP:  99%|█████████▊| 210881/213608 [14:20<00:11, 245.13it/s]
ROP:  99%|█████████▉| 211022/213608 [14:20<00:10, 245.17it/s]
ROP:  99%|█████████▉| 211163/213608 [14:21<00:09, 245.21it/s]
ROP:  99%|█████████▉| 211304/213608 [14:21<00:09, 245.31it/s]
ROP:  99%|█████████▉| 211445/213608 [14:21<00:08, 245.41it/s]
ROP:  99%|█████████▉| 211586/213608 [14:21<00:08, 245.53it/s]
ROP:  99%|█████████▉| 211727/213608 [14:21<00:07, 245.65it/s]
ROP:  99%|█████████▉| 211868/213608 [14:22<00:07, 245.76it/s]
ROP:  99%|█████████▉| 212021/213608 [14:22<00:06, 245.91it/s]
ROP:  99%|█████████▉| 212174/213608 [14:22<00:05, 246.04it/s]
ROP:  99%|█████████▉| 212327/213608 [14:23<00:05, 245.98it/s]
ROP:  99%|█████████▉| 212346/213608 [14:23<00:05, 245.97it/s]
ROP:  99%|█████████▉| 212392/213608 [14:23<00:04, 245.99it/s]
ROP:  99%|█████████▉| 212438/213608 [14:23<00:04, 245.98it/s]
ROP:  99%|█████████▉| 212484/213608 [14:23<00:04, 246.00it/s]
ROP:  99%|█████████▉| 212530/213608 [14:23<00:04, 246.01it/s]
ROP: 100%|█████████▉| 212599/213608 [14:24<00:04, 246.06it/s]
ROP: 100%|█████████▉| 212668/213608 [14:24<00:03, 246.09it/s]
ROP: 100%|█████████▉| 212737/213608 [14:24<00:03, 246.13it/s]
ROP: 100%|█████████▉| 212806/213608 [14:24<00:03, 246.18it/s]
ROP: 100%|█████████▉| 212875/213608 [14:24<00:02, 246.23it/s]
ROP: 100%|█████████▉| 212944/213608 [14:24<00:02, 246.28it/s]
ROP: 100%|█████████▉| 213026/213608 [14:24<00:02, 246.35it/s]
ROP: 100%|█████████▉| 213108/213608 [14:24<00:02, 246.41it/s]
ROP: 100%|█████████▉| 213190/213608 [14:24<00:01, 246.47it/s]
ROP: 100%|█████████▉| 213274/213608 [14:25<00:01, 246.53it/s]
ROP: 100%|█████████▉| 213358/213608 [14:25<00:01, 246.53it/s]
ROP: 100%|█████████▉| 213442/213608 [14:25<00:00, 246.57it/s]
ROP: 100%|█████████▉| 213555/213608 [14:25<00:00, 246.67it/s]
ROP: 100%|██████████| 213608/213608 [14:25<00:00, 246.71it/s]
WARNING  | 2026-10-02 14:05:16,399 | angrop.chain_builder.sys_caller | writing to 0x5d3000
WARNING  | 2026-10-02 14:05:23,500 | angr.storage.memory_mixins.default_filler_mixin | The program is accessing memory with an unspecified value. This could indicate unwanted behavior.
WARNING  | 2026-10-02 14:05:23,500 | angr.storage.memory_mixins.default_filler_mixin | angr will cope with this by generating an unconstrained symbolic variable and continuing. You can resolve this by:
WARNING  | 2026-10-02 14:05:23,501 | angr.storage.memory_mixins.default_filler_mixin | 1) setting a value to the initial state
WARNING  | 2026-10-02 14:05:23,501 | angr.storage.memory_mixins.default_filler_mixin | 2) adding the state option ZERO_FILL_UNCONSTRAINED_{MEMORY,REGISTERS}, to make unknown regions hold null
WARNING  | 2026-10-02 14:05:23,501 | angr.storage.memory_mixins.default_filler_mixin | 3) adding the state option SYMBOL_FILL_UNCONSTRAINED_{MEMORY,REGISTERS}, to suppress these messages.
WARNING  | 2026-10-02 14:05:23,501 | angr.storage.memory_mixins.default_filler_mixin | Filling memory at 0x7fffffff0028 with 8 unconstrained bytes referenced from 0x427890 (gnu_get_libc_version+0x10 in libc.so.6 (0x27890))
WARNING  | 2026-10-02 14:05:23,657 | angrop.chain_builder.func_caller | passing deprecated arguments {'use_partial_controllers': False} to angrop.chain_builder.FuncCaller
WARNING  | 2026-10-02 14:05:24,431 | angr.storage.memory_mixins.default_filler_mixin | Filling register rbx with 8 unconstrained bytes referenced from 0x51ccb3 (ether_aton_r+0x103 in libc.so.6 (0x11ccb3))
WARNING  | 2026-10-02 14:05:24,431 | angr.storage.memory_mixins.default_filler_mixin | Filling register rbp with 8 unconstrained bytes referenced from 0x51ccb3 (ether_aton_r+0x103 in libc.so.6 (0x11ccb3))
WARNING  | 2026-10-02 14:05:24,434 | angr.storage.memory_mixins.default_filler_mixin | Filling register rax with 8 unconstrained bytes referenced from 0x51ccb5 (ether_aton_r+0x105 in libc.so.6 (0x11ccb5))
WARNING  | 2026-10-02 14:05:24,434 | angr.storage.memory_mixins.default_filler_mixin | Filling register rsi with 8 unconstrained bytes referenced from 0x51ccb5 (ether_aton_r+0x105 in libc.so.6 (0x11ccb5))
WARNING  | 2026-10-02 14:05:24,689 | angr.engines.successors | Exit state has over 256 possible solutions. Likely unconstrained; skipping. <BV64 next_pc_17068_64>
WARNING  | 2026-10-02 14:05:24,691 | angr.storage.memory_mixins.default_filler_mixin | Filling memory at 0x7fffffff0000 with 16 unconstrained bytes referenced from 0x427890 (gnu_get_libc_version+0x10 in libc.so.6 (0x27890))
Traceback (most recent call last):
  File "/home/jalconchel/rop3-eval/utils/angrop_worker.py", line 180, in <module>
    sys.exit(main())
             ^^^^^^
  File "/home/jalconchel/rop3-eval/utils/angrop_worker.py", line 176, in main
    return _emit(found, extract, seconds, status, text, error=err)
           ^^^^^^^^^^^^^^^^^^^^^^^^^^^^^^^^^^^^^^^^^^^^^^^^^^^^^^^
  File "/home/jalconchel/rop3-eval/utils/angrop_worker.py", line 96, in _emit
    print(json.dumps(out))
          ^^^^^^^^^^^^^^^
  File "/home/jalconchel/miniconda3/envs/rop-eval/lib/python3.12/json/__init__.py", line 231, in dumps
    return _default_encoder.encode(obj)
           ^^^^^^^^^^^^^^^^^^^^^^^^^^^^
  File "/home/jalconchel/miniconda3/envs/rop-eval/lib/python3.12/json/encoder.py", line 200, in encode
    chunks = self.iterencode(o, _one_shot=True)
             ^^^^^^^^^^^^^^^^^^^^^^^^^^^^^^^^^^
  File "/home/jalconchel/miniconda3/envs/rop-eval/lib/python3.12/json/encoder.py", line 258, in iterencode
    return _iterencode(o, 0)
           ^^^^^^^^^^^^^^^^^
  File "/home/jalconchel/miniconda3/envs/rop-eval/lib/python3.12/json/encoder.py", line 180, in default
    raise TypeError(f'Object of type {o.__class__.__name__} '
TypeError: Object of type bytes is not JSON serializable

